{
  "id": "GHSA-338x-hfx8-vx9x",
  "summary": "Apache Karaf Cave: Cave SSRF and arbitrary file access ",
  "details": "This issue affects all versions of Apache Karaf Cave.\n\nAs this project is retired, there are no plans to release a version that fixes this issue. Users are recommended to find an alternative or restrict access to the instance to trusted users. NOTE: This vulnerability only affects products that are no longer supported by the maintainer.\n\n",
  "modified": "2024-05-14T21:45:48.097365Z",
  "published": "2024-05-14T18:30:50Z",
  "database_specific": {
    "nvd_published_at": "2024-05-14T15:38:46Z",
    "cwe_ids": [
      "CWE-20",
      "CWE-918"
    ],
    "severity": "CRITICAL",
    "github_reviewed": true,
    "github_reviewed_at": "2024-05-14T21:37:05Z"
  },
  "references": [
    {
      "type": "ADVISORY",
      "url": "https://nvd.nist.gov/vuln/detail/CVE-2024-34365"
    },
    {
      "type": "PACKAGE",
      "url": "https://github.com/apache/karaf-cave"
    },
    {
      "type": "WEB",
      "url": "https://karaf.apache.org/security/cve-2024-34365.txt"
    }
  ],
  "affected": [
    {
      "package": {
        "name": "org.apache.karaf:cave",
        "ecosystem": "Maven",
        "purl": "pkg:maven/org.apache.karaf/cave"
      },
      "ranges": [
        {
          "type": "ECOSYSTEM",
          "events": [
            {
              "introduced": "0"
            },
            {
              "last_affected": "4.1.2"
            }
          ]
        }
      ],
      "versions": [
        "2.3.0",
        "3.0.0",
        "4.0.0",
        "4.1.0",
        "4.1.1",
        "4.1.2"
      ],
      "database_specific": {
        "source": "https://github.com/github/advisory-database/blob/main/advisories/github-reviewed/2024/05/GHSA-338x-hfx8-vx9x/GHSA-338x-hfx8-vx9x.json"
      }
    }
  ],
  "schema_version": "1.6.0"
}