{
  "id": "GHSA-269q-hmxg-m83q",
  "summary": "Local Information Disclosure Vulnerability in io.netty:netty-codec-http",
  "details": "### Description ###\n[GHSA-5mcr-gq6c-3hq2](https://github.com/netty/netty/security/advisories/GHSA-5mcr-gq6c-3hq2) (CVE-2021-21290) contains an insufficient fix for the vulnerability identified.\n\n### Impact ###\n\nWhen netty's multipart decoders are used local information disclosure can occur via the local system temporary directory if temporary storing uploads on the disk is enabled.\n\nThis only impacts applications running on Java version 6 and lower. Additionally, this vulnerability impacts code running on Unix-like systems, and very old versions of Mac OSX and Windows as they all share the system temporary directory between all users.\n\n### Vulnerability Details ###\n\nTo fix the vulnerability the code was changed to the following:\n\n```java\n    @SuppressJava6Requirement(reason = \"Guarded by version check\")\n    public static File createTempFile(String prefix, String suffix, File directory) throws IOException {\n        if (javaVersion() >= 7) {\n            if (directory == null) {\n                return Files.createTempFile(prefix, suffix).toFile();\n            }\n            return Files.createTempFile(directory.toPath(), prefix, suffix).toFile();\n        }\n        if (directory == null) {\n            return File.createTempFile(prefix, suffix);\n        }\n        File file = File.createTempFile(prefix, suffix, directory);\n        // Try to adjust the perms, if this fails there is not much else we can do...\n        file.setReadable(false, false);\n        file.setReadable(true, true);\n        return file;\n    }\n```\n\nUnfortunately, this logic path was left vulnerable:\n\n```java\n        if (directory == null) {\n            return File.createTempFile(prefix, suffix);\n        }\n```\n\nThis file is still readable by all local users.\n\n### Patches ###\n\nUpdate to 4.1.77.Final\n\n### Workarounds ###\n\nSpecify your own `java.io.tmpdir` when you start the JVM or use `DefaultHttpDataFactory.setBaseDir(...)` to set the directory to something that is only readable by the current user or update to Java 7 or above.\n\n### References ###\n\n - [CWE-378: Creation of Temporary File With Insecure Permissions](https://cwe.mitre.org/data/definitions/378.html)\n - [CWE-379: Creation of Temporary File in Directory with Insecure Permissions](https://cwe.mitre.org/data/definitions/379.html)\n\n\n### For more information ###\n\nIf you have any questions or comments about this advisory:\n\nOpen an issue in [netty](https://github.com/netty/netty)\n",
  "aliases": [
    "CVE-2021-21290",
    "CVE-2022-24823",
    "GHSA-5mcr-gq6c-3hq2"
  ],
  "modified": "2024-02-20T05:29:12.144193Z",
  "published": "2022-05-10T08:46:50Z",
  "database_specific": {
    "nvd_published_at": "2022-05-06T12:15:00Z",
    "cwe_ids": [
      "CWE-378",
      "CWE-379",
      "CWE-668"
    ],
    "severity": "MODERATE",
    "github_reviewed": true,
    "github_reviewed_at": "2022-05-10T08:46:50Z"
  },
  "references": [
    {
      "type": "WEB",
      "url": "https://github.com/netty/netty/security/advisories/GHSA-269q-hmxg-m83q"
    },
    {
      "type": "WEB",
      "url": "https://github.com/netty/netty/security/advisories/GHSA-5mcr-gq6c-3hq2"
    },
    {
      "type": "ADVISORY",
      "url": "https://nvd.nist.gov/vuln/detail/CVE-2022-24823"
    },
    {
      "type": "WEB",
      "url": "https://github.com/netty/netty/commit/185f8b2756a36aaa4f973f1a2a025e7d981823f1"
    },
    {
      "type": "PACKAGE",
      "url": "https://github.com/netty/netty"
    },
    {
      "type": "WEB",
      "url": "https://security.netapp.com/advisory/ntap-20220616-0004"
    },
    {
      "type": "WEB",
      "url": "https://www.oracle.com/security-alerts/cpujul2022.html"
    }
  ],
  "affected": [
    {
      "package": {
        "name": "io.netty:netty-codec-http",
        "ecosystem": "Maven",
        "purl": "pkg:maven/io.netty/netty-codec-http"
      },
      "ranges": [
        {
          "type": "ECOSYSTEM",
          "events": [
            {
              "introduced": "0"
            },
            {
              "fixed": "4.1.77.Final"
            }
          ]
        }
      ],
      "versions": [
        "4.0.0.Alpha1",
        "4.0.0.Alpha2",
        "4.0.0.Alpha3",
        "4.0.0.Alpha4",
        "4.0.0.Alpha5",
        "4.0.0.Alpha6",
        "4.0.0.Alpha7",
        "4.0.0.Alpha8",
        "4.0.0.Beta1",
        "4.0.0.Beta2",
        "4.0.0.Beta3",
        "4.0.0.CR1",
        "4.0.0.CR2",
        "4.0.0.CR3",
        "4.0.0.CR4",
        "4.0.0.CR5",
        "4.0.0.CR6",
        "4.0.0.CR7",
        "4.0.0.CR8",
        "4.0.0.CR9",
        "4.0.0.Final",
        "4.0.1.Final",
        "4.0.10.Final",
        "4.0.11.Final",
        "4.0.12.Final",
        "4.0.13.Final",
        "4.0.14.Beta1",
        "4.0.14.Final",
        "4.0.15.Final",
        "4.0.16.Final",
        "4.0.17.Final",
        "4.0.18.Final",
        "4.0.19.Final",
        "4.0.2.Final",
        "4.0.20.Final",
        "4.0.21.Final",
        "4.0.22.Final",
        "4.0.23.Final",
        "4.0.24.Final",
        "4.0.25.Final",
        "4.0.26.Final",
        "4.0.27.Final",
        "4.0.28.Final",
        "4.0.29.Final",
        "4.0.3.Final",
        "4.0.30.Final",
        "4.0.31.Final",
        "4.0.32.Final",
        "4.0.33.Final",
        "4.0.34.Final",
        "4.0.35.Final",
        "4.0.36.Final",
        "4.0.37.Final",
        "4.0.38.Final",
        "4.0.39.Final",
        "4.0.4.Final",
        "4.0.40.Final",
        "4.0.41.Final",
        "4.0.42.Final",
        "4.0.43.Final",
        "4.0.44.Final",
        "4.0.45.Final",
        "4.0.46.Final",
        "4.0.47.Final",
        "4.0.48.Final",
        "4.0.49.Final",
        "4.0.5.Final",
        "4.0.50.Final",
        "4.0.51.Final",
        "4.0.52.Final",
        "4.0.53.Final",
        "4.0.54.Final",
        "4.0.55.Final",
        "4.0.56.Final",
        "4.0.6.Final",
        "4.0.7.Final",
        "4.0.8.Final",
        "4.0.9.Final",
        "4.1.0.Beta1",
        "4.1.0.Beta2",
        "4.1.0.Beta3",
        "4.1.0.Beta4",
        "4.1.0.Beta5",
        "4.1.0.Beta6",
        "4.1.0.Beta7",
        "4.1.0.Beta8",
        "4.1.0.CR1",
        "4.1.0.CR2",
        "4.1.0.CR3",
        "4.1.0.CR4",
        "4.1.0.CR5",
        "4.1.0.CR6",
        "4.1.0.CR7",
        "4.1.0.Final",
        "4.1.1.Final",
        "4.1.10.Final",
        "4.1.11.Final",
        "4.1.12.Final",
        "4.1.13.Final",
        "4.1.14.Final",
        "4.1.15.Final",
        "4.1.16.Final",
        "4.1.17.Final",
        "4.1.18.Final",
        "4.1.19.Final",
        "4.1.2.Final",
        "4.1.20.Final",
        "4.1.21.Final",
        "4.1.22.Final",
        "4.1.23.Final",
        "4.1.24.Final",
        "4.1.25.Final",
        "4.1.26.Final",
        "4.1.27.Final",
        "4.1.28.Final",
        "4.1.29.Final",
        "4.1.3.Final",
        "4.1.30.Final",
        "4.1.31.Final",
        "4.1.32.Final",
        "4.1.33.Final",
        "4.1.34.Final",
        "4.1.35.Final",
        "4.1.36.Final",
        "4.1.37.Final",
        "4.1.38.Final",
        "4.1.39.Final",
        "4.1.4.Final",
        "4.1.40.Final",
        "4.1.41.Final",
        "4.1.42.Final",
        "4.1.43.Final",
        "4.1.44.Final",
        "4.1.45.Final",
        "4.1.46.Final",
        "4.1.47.Final",
        "4.1.48.Final",
        "4.1.49.Final",
        "4.1.5.Final",
        "4.1.50.Final",
        "4.1.51.Final",
        "4.1.52.Final",
        "4.1.53.Final",
        "4.1.54.Final",
        "4.1.55.Final",
        "4.1.56.Final",
        "4.1.57.Final",
        "4.1.58.Final",
        "4.1.59.Final",
        "4.1.6.Final",
        "4.1.60.Final",
        "4.1.61.Final",
        "4.1.62.Final",
        "4.1.63.Final",
        "4.1.64.Final",
        "4.1.65.Final",
        "4.1.66.Final",
        "4.1.67.Final",
        "4.1.68.Final",
        "4.1.69.Final",
        "4.1.7.Final",
        "4.1.70.Final",
        "4.1.71.Final",
        "4.1.72.Final",
        "4.1.73.Final",
        "4.1.74.Final",
        "4.1.75.Final",
        "4.1.76.Final",
        "4.1.8.Final",
        "4.1.9.Final"
      ],
      "database_specific": {
        "last_known_affected_version_range": "<= 4.1.76.Final",
        "source": "https://github.com/github/advisory-database/blob/main/advisories/github-reviewed/2022/05/GHSA-269q-hmxg-m83q/GHSA-269q-hmxg-m83q.json"
      }
    }
  ],
  "schema_version": "1.6.0",
  "severity": [
    {
      "type": "CVSS_V3",
      "score": "CVSS:3.1/AV:L/AC:L/PR:L/UI:N/S:U/C:H/I:N/A:N"
    }
  ]
}