{
  "id": "GHSA-42xw-p62x-hwcf",
  "summary": "Improper Access Control in Apache Derby",
  "details": "In Apache Derby 10.3.1.4 to 10.14.1.0, a specially-crafted network packet can be used to request the Derby Network Server to boot a database whose location and contents are under the user's control. If the Derby Network Server is not running with a Java Security Manager policy file, the attack is successful. If the server is using a policy file, the policy file must permit the database location to be read for the attack to work. The default Derby Network Server policy file distributed with the affected releases includes a permissive policy as the default Network Server policy, which allows the attack to work.",
  "aliases": [
    "CVE-2018-1313"
  ],
  "modified": "2023-11-08T03:59:52.588057Z",
  "published": "2022-05-13T01:02:18Z",
  "database_specific": {
    "nvd_published_at": "2018-05-07T13:29:00Z",
    "github_reviewed_at": "2022-06-29T19:13:33Z",
    "severity": "MODERATE",
    "github_reviewed": true,
    "cwe_ids": [
      "CWE-284"
    ]
  },
  "references": [
    {
      "type": "ADVISORY",
      "url": "https://nvd.nist.gov/vuln/detail/CVE-2018-1313"
    },
    {
      "type": "WEB",
      "url": "https://lists.apache.org/thread.html/519eb0fd45642dcecd9ff74cb3e71c20a4753f7d82e2f07864b5108f@%3Cdev.drill.apache.org%3E"
    },
    {
      "type": "WEB",
      "url": "https://lists.apache.org/thread.html/b0656d359c7d40ec9f39c8cc61bca66802ef9a2a12ee199f5b0c1442@%3Cdev.drill.apache.org%3E"
    },
    {
      "type": "WEB",
      "url": "https://lists.apache.org/thread.html/f9bc3e55f4e28d1dcd1a69aae6d53e609a758e34d2869b4d798e13cc@%3Cissues.drill.apache.org%3E"
    },
    {
      "type": "WEB",
      "url": "https://lists.apache.org/thread.html/r437d94437e6aef31af689b1e7025d024d676fd1ea9901d74e3e9ae48@%3Cissues.hive.apache.org%3E"
    },
    {
      "type": "WEB",
      "url": "https://lists.apache.org/thread.html/r6755f48d4f5e44e39bba7dbf8d746678239d7f1f2cc108125519ce53@%3Cissues.hive.apache.org%3E"
    },
    {
      "type": "WEB",
      "url": "https://lists.apache.org/thread.html/re29ab90978e6c997377fb975f674f7514f6beb642bbf79deb45477e5@%3Cdev.hive.apache.org%3E"
    },
    {
      "type": "WEB",
      "url": "https://markmail.org/message/akkappppxcdqrgxk"
    },
    {
      "type": "WEB",
      "url": "https://www.oracle.com/technetwork/security-advisory/cpujan2019-5072801.html"
    },
    {
      "type": "WEB",
      "url": "http://www.securityfocus.com/bid/104140"
    }
  ],
  "affected": [
    {
      "package": {
        "name": "org.apache.derby:derby",
        "ecosystem": "Maven",
        "purl": "pkg:maven/org.apache.derby/derby"
      },
      "ranges": [
        {
          "type": "ECOSYSTEM",
          "events": [
            {
              "introduced": "10.3.1.4"
            },
            {
              "fixed": "10.14.2.0"
            }
          ]
        }
      ],
      "versions": [
        "10.10.1.1",
        "10.10.2.0",
        "10.11.1.1",
        "10.12.1.1",
        "10.13.1.1",
        "10.14.1.0",
        "10.3.1.4",
        "10.3.2.1",
        "10.4.1.3",
        "10.4.2.0",
        "10.5.3.0",
        "10.5.3.0_1",
        "10.6.1.0",
        "10.6.2.1",
        "10.7.1.1",
        "10.8.1.2",
        "10.8.2.2",
        "10.8.3.0",
        "10.9.1.0"
      ],
      "database_specific": {
        "last_known_affected_version_range": "<= 10.14.1.0",
        "source": "https://github.com/github/advisory-database/blob/main/advisories/github-reviewed/2022/05/GHSA-42xw-p62x-hwcf/GHSA-42xw-p62x-hwcf.json"
      }
    }
  ],
  "schema_version": "1.6.0",
  "severity": [
    {
      "type": "CVSS_V3",
      "score": "CVSS:3.1/AV:N/AC:H/PR:L/UI:N/S:U/C:N/I:H/A:N"
    }
  ]
}