{
  "id": "GHSA-428j-q447-47rw",
  "summary": "Apache Rave information disclosure vulnerability",
  "details": "The users/get program in the User RPC API in Apache Rave 0.11 through 0.20 allows remote authenticated users to obtain sensitive information about all user accounts via the offset parameter, as demonstrated by discovering password hashes in the password field of a response.",
  "aliases": [
    "CVE-2013-1814"
  ],
  "modified": "2024-02-20T05:28:42.805636Z",
  "published": "2022-05-17T05:07:50Z",
  "database_specific": {
    "nvd_published_at": "2013-03-14T00:55:00Z",
    "cwe_ids": [
      "CWE-200"
    ],
    "severity": "MODERATE",
    "github_reviewed": true,
    "github_reviewed_at": "2024-01-05T20:58:51Z"
  },
  "references": [
    {
      "type": "ADVISORY",
      "url": "https://nvd.nist.gov/vuln/detail/CVE-2013-1814"
    },
    {
      "type": "WEB",
      "url": "https://github.com/apache/rave/commit/546edbaacfcb7b3fcc81aafe37a5c58e401b66c6"
    },
    {
      "type": "PACKAGE",
      "url": "https://github.com/apache/rave"
    },
    {
      "type": "WEB",
      "url": "https://web.archive.org/web/20130512040207/http://archives.neohapsis.com/archives/bugtraq/2013-03/0078.html"
    },
    {
      "type": "WEB",
      "url": "http://archives.neohapsis.com/archives/bugtraq/2013-03/0078.html"
    },
    {
      "type": "WEB",
      "url": "http://www.exploit-db.com/exploits/24744"
    }
  ],
  "affected": [
    {
      "package": {
        "name": "org.apache.rave:rave-core",
        "ecosystem": "Maven",
        "purl": "pkg:maven/org.apache.rave/rave-core"
      },
      "ranges": [
        {
          "type": "ECOSYSTEM",
          "events": [
            {
              "introduced": "0.11"
            },
            {
              "fixed": "0.20.1"
            }
          ]
        }
      ],
      "versions": [
        "0.11",
        "0.12",
        "0.14",
        "0.15",
        "0.16",
        "0.18",
        "0.19",
        "0.20"
      ],
      "database_specific": {
        "source": "https://github.com/github/advisory-database/blob/main/advisories/github-reviewed/2022/05/GHSA-428j-q447-47rw/GHSA-428j-q447-47rw.json"
      }
    },
    {
      "package": {
        "name": "org.apache.rave:rave-web",
        "ecosystem": "Maven",
        "purl": "pkg:maven/org.apache.rave/rave-web"
      },
      "ranges": [
        {
          "type": "ECOSYSTEM",
          "events": [
            {
              "introduced": "0.11"
            },
            {
              "fixed": "0.20.1"
            }
          ]
        }
      ],
      "versions": [
        "0.11",
        "0.12",
        "0.14",
        "0.15",
        "0.16",
        "0.18",
        "0.19",
        "0.20"
      ],
      "database_specific": {
        "source": "https://github.com/github/advisory-database/blob/main/advisories/github-reviewed/2022/05/GHSA-428j-q447-47rw/GHSA-428j-q447-47rw.json"
      }
    },
    {
      "package": {
        "name": "org.apache.rave:rave-portal-resources",
        "ecosystem": "Maven",
        "purl": "pkg:maven/org.apache.rave/rave-portal-resources"
      },
      "ranges": [
        {
          "type": "ECOSYSTEM",
          "events": [
            {
              "introduced": "0.11"
            },
            {
              "fixed": "0.20.1"
            }
          ]
        }
      ],
      "versions": [
        "0.11",
        "0.12",
        "0.14",
        "0.15",
        "0.16",
        "0.18",
        "0.19",
        "0.20"
      ],
      "database_specific": {
        "source": "https://github.com/github/advisory-database/blob/main/advisories/github-reviewed/2022/05/GHSA-428j-q447-47rw/GHSA-428j-q447-47rw.json"
      }
    }
  ],
  "schema_version": "1.6.0"
}