{
  "id": "GHSA-6r7c-6w96-8pvw",
  "summary": "Remote Code Execution in AjaxNetProfessional",
  "details": "### Overview\n\nAffected versions of this package are vulnerable to Deserialization of Untrusted Data due to the possibility of deserialization of arbitrary .NET classes, which can be abused to gain remote code execution.\n\n### Description\n\nSerialization is a process of converting an object into a sequence of bytes which can be persisted to a disk or database or can be sent through streams. The reverse process of creating object from sequence of bytes is called deserialization. Serialization is commonly used for communication (sharing objects between multiple hosts) and persistence (store the object state in a file or a database). It is an integral part of popular protocols like Remote Method Invocation (RMI), Java Management Extension (JMX), Java Messaging System (JMS), Action Message Format (AMF), Java Server Faces (JSF) ViewState, etc.\n\nDeserialization of untrusted data (CWE-502), is when the application deserializes untrusted data without sufficiently verifying that the resulting data will be valid, letting the attacker to control the state or the flow of the execution.\n\nJava deserialization issues have been known for years. However, interest in the issue intensified greatly in 2015, when classes that could be abused to achieve remote code execution were found in a popular library (Apache Commons Collection). These classes were used in zero-days affecting IBM WebSphere, Oracle WebLogic and many other products.\n\nAn attacker just needs to identify a piece of software that has both a vulnerable class on its path, and performs deserialization on untrusted data. Then all they need to do is send the payload into the deserializer, getting the command executed.\n\nDevelopers put too much trust in Java Object Serialization. Some even de-serialize objects pre-authentication. When deserializing an Object in Java you typically cast it to an expected type, and therefore Java's strict type system will ensure you only get valid object trees. Unfortunately, by the time the type checking happens, platform code has already created and executed significant logic. So, before the final type is checked a lot of code is executed from the readObject() methods of various objects, all of which is out of the developer's control. By combining the readObject() methods of various classes which are available on the classpath of the vulnerable application an attacker can execute functions (including calling Runtime.exec() to execute local OS commands).\n\n### Releases\n\nReleases before version 21.11.29.1 are affected. Please be careful to download any binary DLL from other web sites, especially we found NuGet packages not owned by us that contain vulnerable versions.\n\n### Workarounds\n\nThere is no workaround available that addresses all issues except updating to latest version from GitHub.\n\n### References\n\nFind original CVE posting here: https://security.snyk.io/vuln/SNYK-DOTNET-AJAXPRO2-1925971\n\nNote: the official Ajax.NET Professional (AjaxPro) NuGet package is available here: https://www.nuget.org/packages/AjaxNetProfessional/\n\n### For more information\n\nIf you have any questions or comments about this advisory:\n* Open an issue on this GitHub repository\n",
  "modified": "2023-04-11T01:40:40.369125Z",
  "published": "2021-12-07T21:21:49Z",
  "database_specific": {
    "nvd_published_at": null,
    "github_reviewed_at": "2021-12-06T21:20:20Z",
    "severity": "CRITICAL",
    "github_reviewed": true,
    "cwe_ids": [
      "CWE-502"
    ]
  },
  "references": [
    {
      "type": "WEB",
      "url": "https://github.com/michaelschwarz/Ajax.NET-Professional/security/advisories/GHSA-6r7c-6w96-8pvw"
    },
    {
      "type": "ADVISORY",
      "url": "https://nvd.nist.gov/vuln/detail/CVE-2021-23758"
    },
    {
      "type": "WEB",
      "url": "https://github.com/michaelschwarz/Ajax.NET-Professional/commit/b0e63be5f0bb20dfce507cb8a1a9568f6e73de57"
    },
    {
      "type": "PACKAGE",
      "url": "https://github.com/michaelschwarz/Ajax.NET-Professional"
    },
    {
      "type": "WEB",
      "url": "https://security.snyk.io/vuln/SNYK-DOTNET-AJAXPRO2-1925971"
    }
  ],
  "affected": [
    {
      "package": {
        "name": "AjaxNetProfessional",
        "ecosystem": "NuGet",
        "purl": "pkg:nuget/AjaxNetProfessional"
      },
      "ranges": [
        {
          "type": "ECOSYSTEM",
          "events": [
            {
              "introduced": "0"
            },
            {
              "fixed": "21.11.29.1"
            }
          ]
        }
      ],
      "versions": [
        "21.10.30",
        "21.11.22",
        "21.11.29"
      ],
      "database_specific": {
        "last_known_affected_version_range": "<= 21.11.29",
        "source": "https://github.com/github/advisory-database/blob/main/advisories/github-reviewed/2021/12/GHSA-6r7c-6w96-8pvw/GHSA-6r7c-6w96-8pvw.json"
      }
    }
  ],
  "schema_version": "1.6.0",
  "severity": [
    {
      "type": "CVSS_V3",
      "score": "CVSS:3.1/AV:N/AC:L/PR:N/UI:N/S:U/C:H/I:H/A:H"
    }
  ]
}