{
  "id": "GHSA-j9m2-h2pv-wvph",
  "summary": "Regular expression denial of service in jquery-validation",
  "details": "An exponential ReDoS (Regular Expression Denial of Service) can be triggered in the jquery-validation npm package, when an attacker is able to supply arbitrary input to the url2 method",
  "aliases": [
    "CVE-2021-43306"
  ],
  "modified": "2024-02-20T05:31:53.086849Z",
  "published": "2022-06-03T00:00:59Z",
  "database_specific": {
    "nvd_published_at": "2022-06-02T14:15:00Z",
    "cwe_ids": [
      "CWE-1333"
    ],
    "severity": "LOW",
    "github_reviewed": true,
    "github_reviewed_at": "2022-06-03T22:26:59Z"
  },
  "references": [
    {
      "type": "ADVISORY",
      "url": "https://nvd.nist.gov/vuln/detail/CVE-2021-43306"
    },
    {
      "type": "WEB",
      "url": "https://github.com/jquery-validation/jquery-validation/commit/69cb17ed774b427f7e2ffcdf197968231725c30e"
    },
    {
      "type": "PACKAGE",
      "url": "https://github.com/jquery-validation/jquery-validation"
    },
    {
      "type": "WEB",
      "url": "https://research.jfrog.com/vulnerabilities/jquery-validation-redos-xray-211348"
    }
  ],
  "affected": [
    {
      "package": {
        "name": "jquery-validation",
        "ecosystem": "npm",
        "purl": "pkg:npm/jquery-validation"
      },
      "ranges": [
        {
          "type": "SEMVER",
          "events": [
            {
              "introduced": "0"
            },
            {
              "fixed": "1.19.4"
            }
          ]
        }
      ],
      "database_specific": {
        "source": "https://github.com/github/advisory-database/blob/main/advisories/github-reviewed/2022/06/GHSA-j9m2-h2pv-wvph/GHSA-j9m2-h2pv-wvph.json"
      }
    },
    {
      "package": {
        "name": "jQuery.Validation",
        "ecosystem": "NuGet",
        "purl": "pkg:nuget/jQuery.Validation"
      },
      "ranges": [
        {
          "type": "ECOSYSTEM",
          "events": [
            {
              "introduced": "0"
            },
            {
              "fixed": "1.19.4"
            }
          ]
        }
      ],
      "versions": [
        "1.10.0",
        "1.11.0",
        "1.11.1",
        "1.12.0",
        "1.13.0",
        "1.13.1",
        "1.14.0",
        "1.15.0",
        "1.15.1",
        "1.16.0",
        "1.17.0",
        "1.19.1",
        "1.19.2",
        "1.19.3",
        "1.6.0",
        "1.7.0",
        "1.8.0",
        "1.8.0.1",
        "1.8.1",
        "1.9.0",
        "1.9.0.1"
      ],
      "database_specific": {
        "source": "https://github.com/github/advisory-database/blob/main/advisories/github-reviewed/2022/06/GHSA-j9m2-h2pv-wvph/GHSA-j9m2-h2pv-wvph.json"
      }
    }
  ],
  "schema_version": "1.6.0"
}