{
  "id": "GHSA-pjxv-w3qj-j8m3",
  "summary": "Directory Traversal in elFinder.AspNet",
  "details": "This affects the package elFinder.AspNet before 1.1.1.\n The user-controlled file name is not properly sanitized before it is used to create a file system path.\n\n",
  "aliases": [
    "CVE-2021-23415",
    "SNYK-DOTNET-ELFINDERASPNET-1315153"
  ],
  "modified": "2023-11-08T04:05:08.312729Z",
  "published": "2021-08-09T20:42:13Z",
  "database_specific": {
    "nvd_published_at": "2021-07-28T16:15:00Z",
    "github_reviewed_at": "2021-08-02T18:41:18Z",
    "severity": "HIGH",
    "github_reviewed": true,
    "cwe_ids": [
      "CWE-22"
    ]
  },
  "references": [
    {
      "type": "ADVISORY",
      "url": "https://nvd.nist.gov/vuln/detail/CVE-2021-23415"
    },
    {
      "type": "WEB",
      "url": "https://github.com/mguinness/elFinder.AspNet/commit/675049b39284a9e84f0915c71d688da8ebc7d720"
    },
    {
      "type": "PACKAGE",
      "url": "https://github.com/mguinness/elFinder.AspNet"
    },
    {
      "type": "WEB",
      "url": "https://snyk.io/vuln/SNYK-DOTNET-ELFINDERASPNET-1315153"
    }
  ],
  "affected": [
    {
      "package": {
        "name": "elFinder.AspNet",
        "ecosystem": "NuGet",
        "purl": "pkg:nuget/elFinder.AspNet"
      },
      "ranges": [
        {
          "type": "ECOSYSTEM",
          "events": [
            {
              "introduced": "0"
            },
            {
              "fixed": "1.1.1"
            }
          ]
        }
      ],
      "versions": [
        "1.0.0",
        "1.0.1",
        "1.0.2",
        "1.0.3",
        "1.1.0"
      ],
      "database_specific": {
        "source": "https://github.com/github/advisory-database/blob/main/advisories/github-reviewed/2021/08/GHSA-pjxv-w3qj-j8m3/GHSA-pjxv-w3qj-j8m3.json"
      }
    }
  ],
  "schema_version": "1.6.0",
  "severity": [
    {
      "type": "CVSS_V3",
      "score": "CVSS:3.1/AV:N/AC:L/PR:N/UI:N/S:U/C:H/I:N/A:N"
    }
  ]
}