{
  "id": "GHSA-93c7-2942-3h47",
  "summary": "ChakraCore information disclosure vulnerability",
  "details": "An information disclosure vulnerability exists when the browser scripting engine improperly handle object types, aka \"Microsoft Scripting Engine Information Disclosure Vulnerability.\" This affects ChakraCore, Internet Explorer 11, Microsoft Edge, Internet Explorer 10.",
  "aliases": [
    "CVE-2018-8315"
  ],
  "modified": "2024-02-16T08:24:09.445212Z",
  "published": "2022-05-14T02:03:04Z",
  "database_specific": {
    "nvd_published_at": "2018-09-13T00:29:00Z",
    "cwe_ids": [
      "CWE-200"
    ],
    "severity": "MODERATE",
    "github_reviewed": true,
    "github_reviewed_at": "2023-07-25T19:29:48Z"
  },
  "references": [
    {
      "type": "ADVISORY",
      "url": "https://nvd.nist.gov/vuln/detail/CVE-2018-8315"
    },
    {
      "type": "WEB",
      "url": "https://github.com/chakra-core/ChakraCore/pull/5688"
    },
    {
      "type": "WEB",
      "url": "https://github.com/chakra-core/ChakraCore/commit/e03b3e30160ac5846b246931634962ce6bd1db83"
    },
    {
      "type": "PACKAGE",
      "url": "https://github.com/chakra-core/ChakraCore"
    },
    {
      "type": "WEB",
      "url": "https://portal.msrc.microsoft.com/en-US/security-guidance/advisory/CVE-2018-8315"
    },
    {
      "type": "WEB",
      "url": "https://web.archive.org/web/20210124203128/http://www.securityfocus.com/bid/105251"
    },
    {
      "type": "WEB",
      "url": "https://web.archive.org/web/20211206083609/https://securitytracker.com/id/1041623"
    }
  ],
  "affected": [
    {
      "package": {
        "name": "Microsoft.ChakraCore",
        "ecosystem": "NuGet",
        "purl": "pkg:nuget/Microsoft.ChakraCore"
      },
      "ranges": [
        {
          "type": "ECOSYSTEM",
          "events": [
            {
              "introduced": "0"
            },
            {
              "fixed": "1.11.1"
            }
          ]
        }
      ],
      "versions": [
        "1.10.0",
        "1.10.1",
        "1.10.2",
        "1.11.0",
        "1.2.0",
        "1.2.1",
        "1.2.2",
        "1.2.3",
        "1.2.6.62716-preview",
        "1.3.0",
        "1.3.1",
        "1.3.2",
        "1.4.0",
        "1.4.1",
        "1.4.2",
        "1.4.3",
        "1.4.4",
        "1.4.5",
        "1.5.0",
        "1.5.1",
        "1.5.2",
        "1.5.3",
        "1.6.0",
        "1.6.2",
        "1.7.0",
        "1.7.1",
        "1.7.2",
        "1.7.3",
        "1.7.4",
        "1.7.5",
        "1.7.6",
        "1.8.0",
        "1.8.1",
        "1.8.2",
        "1.8.3",
        "1.8.4",
        "1.8.5"
      ],
      "database_specific": {
        "source": "https://github.com/github/advisory-database/blob/main/advisories/github-reviewed/2022/05/GHSA-93c7-2942-3h47/GHSA-93c7-2942-3h47.json"
      }
    }
  ],
  "schema_version": "1.6.0",
  "severity": [
    {
      "type": "CVSS_V3",
      "score": "CVSS:3.0/AV:N/AC:H/PR:N/UI:R/S:U/C:L/I:L/A:N"
    }
  ]
}