{
  "id": "GHSA-qrmm-w75w-3wpx",
  "summary": "Server side request forgery in SwaggerUI",
  "details": "SwaggerUI supports displaying remote OpenAPI definitions through the `?url` parameter. This enables robust demonstration capabilities on sites like `petstore.swagger.io`, `editor.swagger.io`, and similar sites, where users often want to see what their OpenAPI definitions would look like rendered.\n\nHowever, this functionality may pose a risk for users who host their own SwaggerUI instances. In particular, including remote OpenAPI definitions opens a vector for phishing attacks by abusing the trusted names/domains of self-hosted instances.\n\nAn example scenario abusing this functionality could take the following form:\n- `https://example.com/api-docs` hosts a version of SwaggerUI with `?url=` query parameter enabled.\n- Users will trust the domain `https://example.com` and the contents of the OpenAPI definition.\n- A malicious actor may craft a similar OpenAPI definition and service that responds to the defined APIs at `https://evildomain`.\n- Users mistakenly click a phishing URL like `https://example.com/api-docs?url=https://evildomain/fakeapi.yaml` and enters sensitive data via the \"Try-it-out\" feature.\n\nWe do want to stress that this attack vector is limited to scenarios that actively trick users into divulging sensitive information. The ease of this is highly contextual and, therefore, the threat model may be different for individual users and organizations. It is *not* possible to perform non-interactive attacks (e.g., cross-site scripting or code injection) through this mechanism.\n\n### Resolution \nWe've made the decision to [disable query parameters (#4872)](https://github.com/swagger-api/swagger-ui/issues/4872) by default starting with SwaggerUI version `4.1.3`. Please update to this version when it becomes available (**ETA: 2021 December**). Users will still be able to be re-enable the options at their discretion. We'll continue to enable query parameters on the Swagger demo sites.\n\n### Workaround\nIf you host a version of SwaggerUI and wish to mitigate this issue immediately, you are encouraged to add the following custom plugin code:\n\n```js\nSwaggerUI({\n  //  ...other configuration options,\n  plugins: [function UrlParamDisablePlugin() {\n    return {\n      statePlugins: {\n        spec: {\n          wrapActions: {\n            // Remove the ?url parameter from loading an external OpenAPI definition.\n            updateUrl: (oriAction) => (payload) => {\n              const url = new URL(window.location.href)\n              if (url.searchParams.has('url')) {\n                url.searchParams.delete('url')\n                window.location.replace(url.toString())\n              }\n              return oriAction(payload)\n            }\n          }\n        }\n      }\n    }\n  }],\n})\n```\n\n### Future UX work\n\nThrough the exploration of this issue, it became apparent that users may not be aware to which web server the Try-it-out function will send requests. While this information is currently presented at the top of the page, understanding may improve by displaying it closer to the \"Execute\" button where requests are actually made. We'll be exploring these UX improvements over the coming months and welcome community input. Please create a Feature Request under the GitHub Issue tab to start a conversation with us and the community.\n\n## Reflected XSS attack\n\n**Warning** in versions < 3.38.0, it is possible to combine the URL options (as mentioned above) with a vulnerability in DOMPurify (https://www.cvedetails.com/cve/CVE-2020-26870/) to create a reflected XSS vector. If your version of Swagger UI is older than 3.38.0, we suggest you upgrade or implement the workaround as mentioned above.\n",
  "modified": "2024-02-16T08:07:51.734926Z",
  "published": "2021-12-09T19:08:38Z",
  "database_specific": {
    "nvd_published_at": null,
    "cwe_ids": [
      "CWE-918"
    ],
    "severity": "MODERATE",
    "github_reviewed": true,
    "github_reviewed_at": "2021-12-09T17:49:08Z"
  },
  "references": [
    {
      "type": "WEB",
      "url": "https://github.com/swagger-api/swagger-ui/security/advisories/GHSA-qrmm-w75w-3wpx"
    },
    {
      "type": "WEB",
      "url": "https://github.com/swagger-api/swagger-ui/issues/4872"
    },
    {
      "type": "WEB",
      "url": "https://github.com/domaindrivendev/Swashbuckle.AspNetCore/commit/401c7cb81e5efe835ceb8aae23e82057d57c7d29"
    },
    {
      "type": "WEB",
      "url": "https://github.com/swagger-api/swagger-ui/commit/01a3e55960f864a0acf6a8d06e5ddaf6776a7f76"
    },
    {
      "type": "PACKAGE",
      "url": "https://github.com/swagger-api/swagger-ui"
    }
  ],
  "affected": [
    {
      "package": {
        "name": "swagger-ui",
        "ecosystem": "npm",
        "purl": "pkg:npm/swagger-ui"
      },
      "ranges": [
        {
          "type": "SEMVER",
          "events": [
            {
              "introduced": "0"
            },
            {
              "fixed": "4.1.3"
            }
          ]
        }
      ],
      "database_specific": {
        "source": "https://github.com/github/advisory-database/blob/main/advisories/github-reviewed/2021/12/GHSA-qrmm-w75w-3wpx/GHSA-qrmm-w75w-3wpx.json"
      }
    },
    {
      "package": {
        "name": "swagger-ui-dist",
        "ecosystem": "npm",
        "purl": "pkg:npm/swagger-ui-dist"
      },
      "ranges": [
        {
          "type": "SEMVER",
          "events": [
            {
              "introduced": "0"
            },
            {
              "fixed": "4.1.3"
            }
          ]
        }
      ],
      "database_specific": {
        "source": "https://github.com/github/advisory-database/blob/main/advisories/github-reviewed/2021/12/GHSA-qrmm-w75w-3wpx/GHSA-qrmm-w75w-3wpx.json"
      }
    },
    {
      "package": {
        "name": "swagger-ui-react",
        "ecosystem": "npm",
        "purl": "pkg:npm/swagger-ui-react"
      },
      "ranges": [
        {
          "type": "SEMVER",
          "events": [
            {
              "introduced": "0"
            },
            {
              "fixed": "4.1.3"
            }
          ]
        }
      ],
      "database_specific": {
        "source": "https://github.com/github/advisory-database/blob/main/advisories/github-reviewed/2021/12/GHSA-qrmm-w75w-3wpx/GHSA-qrmm-w75w-3wpx.json"
      }
    },
    {
      "package": {
        "name": "Swashbuckle.AspNetCore.SwaggerUI",
        "ecosystem": "NuGet",
        "purl": "pkg:nuget/Swashbuckle.AspNetCore.SwaggerUI"
      },
      "ranges": [
        {
          "type": "ECOSYSTEM",
          "events": [
            {
              "introduced": "0"
            },
            {
              "fixed": "6.3.0"
            }
          ]
        }
      ],
      "versions": [
        "1.0.0",
        "1.0.0--rc1",
        "1.0.0-rc1",
        "1.0.0-rc2",
        "1.0.0-rc3",
        "1.1.0",
        "1.2.0",
        "2.0.0",
        "2.1.0",
        "2.1.1",
        "2.2.0",
        "2.3.0",
        "2.4.0",
        "2.5.0",
        "3.0.0",
        "4.0.0",
        "4.0.1",
        "5.0.0",
        "5.0.0-beta",
        "5.0.0-rc1",
        "5.0.0-rc2",
        "5.0.0-rc3",
        "5.0.0-rc4",
        "5.0.0-rc5",
        "5.1.0",
        "5.2.0",
        "5.2.1",
        "5.3.0",
        "5.3.1",
        "5.3.2",
        "5.3.3",
        "5.4.0",
        "5.4.1",
        "5.5.0",
        "5.5.1",
        "5.6.0",
        "5.6.1",
        "5.6.2",
        "5.6.3",
        "6.0.0",
        "6.0.1",
        "6.0.2",
        "6.0.3",
        "6.0.4",
        "6.0.5",
        "6.0.6",
        "6.0.7",
        "6.1.0",
        "6.1.1",
        "6.1.2",
        "6.1.3",
        "6.1.4",
        "6.1.5",
        "6.2.0",
        "6.2.1",
        "6.2.2",
        "6.2.3"
      ],
      "database_specific": {
        "source": "https://github.com/github/advisory-database/blob/main/advisories/github-reviewed/2021/12/GHSA-qrmm-w75w-3wpx/GHSA-qrmm-w75w-3wpx.json"
      }
    }
  ],
  "schema_version": "1.6.0"
}