{
  "id": "GHSA-29rv-fqx2-4c9f",
  "summary": "Deserialization of Untrusted Data in SinGooCMS.Utility",
  "details": "This affects all versions of package SinGooCMS.Utility. The socket client in the package can pass in the payload via the user-controllable input after it has been established, because this socket client transmission does not have the appropriate restrictions or type bindings for the BinaryFormatter.",
  "aliases": [
    "CVE-2022-0749"
  ],
  "modified": "2023-11-08T04:07:39.735075Z",
  "published": "2022-03-18T00:01:10Z",
  "database_specific": {
    "nvd_published_at": "2022-03-17T12:15:00Z",
    "github_reviewed_at": "2022-09-07T23:58:29Z",
    "severity": "CRITICAL",
    "github_reviewed": true,
    "cwe_ids": [
      "CWE-502"
    ]
  },
  "references": [
    {
      "type": "ADVISORY",
      "url": "https://nvd.nist.gov/vuln/detail/CVE-2022-0749"
    },
    {
      "type": "WEB",
      "url": "https://github.com/SinGooCMS/SinGooCMSUtility/issues/1"
    },
    {
      "type": "WEB",
      "url": "https://github.com/SinGooCMS/SinGooCMSUtility/blob/master/SinGooCMS.Utility/Net/SocketClient.cs"
    },
    {
      "type": "WEB",
      "url": "https://snyk.io/vuln/SNYK-DOTNET-SINGOOCMSUTILITY-2312979"
    }
  ],
  "affected": [
    {
      "package": {
        "name": "SinGooCMS.Utility",
        "ecosystem": "NuGet",
        "purl": "pkg:nuget/SinGooCMS.Utility"
      },
      "ranges": [
        {
          "type": "ECOSYSTEM",
          "events": [
            {
              "introduced": "0"
            },
            {
              "last_affected": "1.6.2"
            }
          ]
        }
      ],
      "versions": [
        "1.0.0",
        "1.2.0",
        "1.3.0",
        "1.3.1",
        "1.3.2",
        "1.5.0",
        "1.5.1",
        "1.5.2",
        "1.6.0",
        "1.6.1",
        "1.6.2"
      ],
      "database_specific": {
        "source": "https://github.com/github/advisory-database/blob/main/advisories/github-reviewed/2022/03/GHSA-29rv-fqx2-4c9f/GHSA-29rv-fqx2-4c9f.json"
      }
    }
  ],
  "schema_version": "1.6.0",
  "severity": [
    {
      "type": "CVSS_V3",
      "score": "CVSS:3.1/AV:N/AC:L/PR:N/UI:N/S:U/C:H/I:H/A:H"
    }
  ]
}