{
  "id": "GHSA-gcx5-3p5f-f8vp",
  "summary": "Prototype Pollution in jquery.cookie",
  "details": "jQuery Cookie 1.4.1 is affected by prototype pollution, which can lead to DOM cross-site scripting (XSS).",
  "aliases": [
    "CVE-2022-23395"
  ],
  "modified": "2024-02-19T05:33:52.194680Z",
  "published": "2022-03-03T00:00:51Z",
  "database_specific": {
    "nvd_published_at": "2022-03-02T12:15:00Z",
    "cwe_ids": [
      "CWE-1321"
    ],
    "severity": "MODERATE",
    "github_reviewed": true,
    "github_reviewed_at": "2022-03-03T19:16:20Z"
  },
  "references": [
    {
      "type": "ADVISORY",
      "url": "https://nvd.nist.gov/vuln/detail/CVE-2022-23395"
    },
    {
      "type": "WEB",
      "url": "https://security.netapp.com/advisory/ntap-20220325-0008"
    },
    {
      "type": "WEB",
      "url": "https://snyk.io/test/npm/jquery.cookie/1.4.1?tab=issues"
    }
  ],
  "affected": [
    {
      "package": {
        "name": "jquery.cookie",
        "ecosystem": "NuGet",
        "purl": "pkg:nuget/jquery.cookie"
      },
      "ranges": [
        {
          "type": "ECOSYSTEM",
          "events": [
            {
              "introduced": "0"
            },
            {
              "last_affected": "1.4.1"
            }
          ]
        }
      ],
      "versions": [
        "1.0.0",
        "1.3.1",
        "1.4.0",
        "1.4.1"
      ],
      "database_specific": {
        "source": "https://github.com/github/advisory-database/blob/main/advisories/github-reviewed/2022/03/GHSA-gcx5-3p5f-f8vp/GHSA-gcx5-3p5f-f8vp.json"
      }
    }
  ],
  "schema_version": "1.6.0",
  "severity": [
    {
      "type": "CVSS_V3",
      "score": "CVSS:3.1/AV:N/AC:L/PR:N/UI:R/S:C/C:L/I:L/A:N"
    }
  ]
}