{
  "id": "GHSA-9v3m-8fp8-mj99",
  "summary": "Bootstrap Vulnerable to Cross-Site Scripting",
  "details": "Versions of `bootstrap` prior to 3.4.1 for 3.x and 4.3.1 for 4.x are vulnerable to Cross-Site Scripting (XSS). The  `data-template` attribute of the tooltip and popover plugins lacks input sanitization and may allow attacker to execute arbitrary JavaScript.\n\n\n## Recommendation\n\nFor `bootstrap` 4.x upgrade to 4.3.1 or later.\nFor `bootstrap` 3.x upgrade to 3.4.1 or later.",
  "aliases": [
    "CVE-2019-8331"
  ],
  "modified": "2024-03-13T05:20:45.643194Z",
  "published": "2019-02-22T20:54:47Z",
  "database_specific": {
    "nvd_published_at": "2019-02-20T16:29:00Z",
    "cwe_ids": [
      "CWE-79"
    ],
    "severity": "MODERATE",
    "github_reviewed": true,
    "github_reviewed_at": "2020-06-16T21:29:39Z"
  },
  "references": [
    {
      "type": "ADVISORY",
      "url": "https://nvd.nist.gov/vuln/detail/CVE-2019-8331"
    },
    {
      "type": "WEB",
      "url": "https://github.com/twbs/bootstrap/pull/28236"
    },
    {
      "type": "WEB",
      "url": "https://access.redhat.com/errata/RHSA-2019:1456"
    },
    {
      "type": "WEB",
      "url": "https://lists.apache.org/thread.html/52e0e6b5df827ee7f1e68f7cc3babe61af3b2160f5d74a85469b7b0e@%3Cdev.superset.apache.org%3E"
    },
    {
      "type": "WEB",
      "url": "https://lists.apache.org/thread.html/54df3aeb4239b64b50b356f0ca6f986e3c4ca5b84c515dce077c7854%40%3Cuser.flink.apache.org%3E"
    },
    {
      "type": "WEB",
      "url": "https://lists.apache.org/thread.html/54df3aeb4239b64b50b356f0ca6f986e3c4ca5b84c515dce077c7854@%3Cuser.flink.apache.org%3E"
    },
    {
      "type": "WEB",
      "url": "https://lists.apache.org/thread.html/b0656d359c7d40ec9f39c8cc61bca66802ef9a2a12ee199f5b0c1442%40%3Cdev.drill.apache.org%3E"
    },
    {
      "type": "WEB",
      "url": "https://lists.apache.org/thread.html/b0656d359c7d40ec9f39c8cc61bca66802ef9a2a12ee199f5b0c1442@%3Cdev.drill.apache.org%3E"
    },
    {
      "type": "WEB",
      "url": "https://lists.apache.org/thread.html/f9bc3e55f4e28d1dcd1a69aae6d53e609a758e34d2869b4d798e13cc%40%3Cissues.drill.apache.org%3E"
    },
    {
      "type": "WEB",
      "url": "https://lists.apache.org/thread.html/f9bc3e55f4e28d1dcd1a69aae6d53e609a758e34d2869b4d798e13cc@%3Cissues.drill.apache.org%3E"
    },
    {
      "type": "WEB",
      "url": "https://lists.apache.org/thread.html/r3dc0cac8d856bca02bd6997355d7ff83027dcfc82f8646a29b89b714%40%3Cissues.hbase.apache.org%3E"
    },
    {
      "type": "WEB",
      "url": "https://lists.apache.org/thread.html/r3dc0cac8d856bca02bd6997355d7ff83027dcfc82f8646a29b89b714@%3Cissues.hbase.apache.org%3E"
    },
    {
      "type": "WEB",
      "url": "https://lists.apache.org/thread.html/rd0e44e8ef71eeaaa3cf3d1b8b41eb25894372e2995ec908ce7624d26%40%3Ccommits.pulsar.apache.org%3E"
    },
    {
      "type": "WEB",
      "url": "https://lists.apache.org/thread.html/rd0e44e8ef71eeaaa3cf3d1b8b41eb25894372e2995ec908ce7624d26@%3Ccommits.pulsar.apache.org%3E"
    },
    {
      "type": "WEB",
      "url": "https://seclists.org/bugtraq/2019/May/18"
    },
    {
      "type": "WEB",
      "url": "https://support.f5.com/csp/article/K24383845"
    },
    {
      "type": "WEB",
      "url": "https://support.f5.com/csp/article/K24383845?utm_source=f5support&amp%3Butm_medium=RSS"
    },
    {
      "type": "WEB",
      "url": "https://support.f5.com/csp/article/K24383845?utm_source=f5support&amp;utm_medium=RSS"
    },
    {
      "type": "WEB",
      "url": "https://web.archive.org/web/20200227083900/http://www.securityfocus.com/bid/107375"
    },
    {
      "type": "WEB",
      "url": "https://www.oracle.com/security-alerts/cpuApr2021.html"
    },
    {
      "type": "WEB",
      "url": "https://www.tenable.com/security/tns-2021-14"
    },
    {
      "type": "WEB",
      "url": "https://access.redhat.com/errata/RHSA-2019:3023"
    },
    {
      "type": "WEB",
      "url": "https://access.redhat.com/errata/RHSA-2019:3024"
    },
    {
      "type": "WEB",
      "url": "https://blog.getbootstrap.com/2019/02/13/bootstrap-4-3-1-and-3-4-1"
    },
    {
      "type": "WEB",
      "url": "https://cve.mitre.org/cgi-bin/cvename.cgi?name=CVE-2019-8331"
    },
    {
      "type": "WEB",
      "url": "https://github.com/rubysec/ruby-advisory-db/blob/master/gems/bootstrap/CVE-2019-8331.yml"
    },
    {
      "type": "WEB",
      "url": "https://github.com/rubysec/ruby-advisory-db/blob/master/gems/twitter-bootstrap-rails/CVE-2019-8331.yml"
    },
    {
      "type": "WEB",
      "url": "https://github.com/seyhunak/twitter-bootstrap-rails/tree/master/app/assets/javascripts/twitter/bootstrap"
    },
    {
      "type": "PACKAGE",
      "url": "https://github.com/twbs/bootstrap"
    },
    {
      "type": "WEB",
      "url": "https://github.com/twbs/bootstrap/releases/tag/v3.4.1"
    },
    {
      "type": "WEB",
      "url": "https://github.com/twbs/bootstrap/releases/tag/v4.3.1"
    },
    {
      "type": "WEB",
      "url": "https://lists.apache.org/thread.html/10f0f3aefd51444d1198c65f44ffdf2d78ca3359423dbc1c168c9731%40%3Cdev.flink.apache.org%3E"
    },
    {
      "type": "WEB",
      "url": "https://lists.apache.org/thread.html/10f0f3aefd51444d1198c65f44ffdf2d78ca3359423dbc1c168c9731@%3Cdev.flink.apache.org%3E"
    },
    {
      "type": "WEB",
      "url": "https://lists.apache.org/thread.html/17ff53f7999e74fbe3cc0ceb4e1c3b00b180b7c5afec8e978837bc49%40%3Cuser.flink.apache.org%3E"
    },
    {
      "type": "WEB",
      "url": "https://lists.apache.org/thread.html/17ff53f7999e74fbe3cc0ceb4e1c3b00b180b7c5afec8e978837bc49@%3Cuser.flink.apache.org%3E"
    },
    {
      "type": "WEB",
      "url": "https://lists.apache.org/thread.html/519eb0fd45642dcecd9ff74cb3e71c20a4753f7d82e2f07864b5108f%40%3Cdev.drill.apache.org%3E"
    },
    {
      "type": "WEB",
      "url": "https://lists.apache.org/thread.html/519eb0fd45642dcecd9ff74cb3e71c20a4753f7d82e2f07864b5108f@%3Cdev.drill.apache.org%3E"
    },
    {
      "type": "WEB",
      "url": "https://lists.apache.org/thread.html/52bafac05ad174000ea465fe275fd3cc7bd5c25535a7631c0bc9bfb2%40%3Cuser.flink.apache.org%3E"
    },
    {
      "type": "WEB",
      "url": "https://lists.apache.org/thread.html/52bafac05ad174000ea465fe275fd3cc7bd5c25535a7631c0bc9bfb2@%3Cuser.flink.apache.org%3E"
    },
    {
      "type": "WEB",
      "url": "https://lists.apache.org/thread.html/52e0e6b5df827ee7f1e68f7cc3babe61af3b2160f5d74a85469b7b0e%40%3Cdev.superset.apache.org%3E"
    },
    {
      "type": "WEB",
      "url": "http://packetstormsecurity.com/files/156743/OctoberCMS-Insecure-Dependencies.html"
    },
    {
      "type": "WEB",
      "url": "http://seclists.org/fulldisclosure/2019/May/10"
    },
    {
      "type": "WEB",
      "url": "http://seclists.org/fulldisclosure/2019/May/11"
    },
    {
      "type": "WEB",
      "url": "http://seclists.org/fulldisclosure/2019/May/13"
    }
  ],
  "affected": [
    {
      "package": {
        "name": "bootstrap",
        "ecosystem": "RubyGems",
        "purl": "pkg:gem/bootstrap"
      },
      "ranges": [
        {
          "type": "ECOSYSTEM",
          "events": [
            {
              "introduced": "0"
            },
            {
              "fixed": "4.3.1"
            }
          ]
        }
      ],
      "versions": [
        "4.0.0",
        "4.0.0.alpha1",
        "4.0.0.alpha2",
        "4.0.0.alpha3",
        "4.0.0.alpha3.1",
        "4.0.0.alpha4",
        "4.0.0.alpha5",
        "4.0.0.alpha6",
        "4.0.0.beta",
        "4.0.0.beta2",
        "4.0.0.beta2.1",
        "4.0.0.beta3",
        "4.1.0",
        "4.1.1",
        "4.1.2",
        "4.1.3",
        "4.2.1",
        "4.3.0"
      ],
      "database_specific": {
        "source": "https://github.com/github/advisory-database/blob/main/advisories/github-reviewed/2019/02/GHSA-9v3m-8fp8-mj99/GHSA-9v3m-8fp8-mj99.json"
      }
    },
    {
      "package": {
        "name": "bootstrap-sass",
        "ecosystem": "RubyGems",
        "purl": "pkg:gem/bootstrap-sass"
      },
      "ranges": [
        {
          "type": "ECOSYSTEM",
          "events": [
            {
              "introduced": "3.0.0"
            },
            {
              "fixed": "3.4.1"
            }
          ]
        }
      ],
      "versions": [
        "3.0.0.0",
        "3.0.1.0",
        "3.0.1.0.rc",
        "3.0.2.0",
        "3.0.2.1",
        "3.0.3.0",
        "3.1.0.0",
        "3.1.0.1",
        "3.1.0.2",
        "3.1.1.0",
        "3.1.1.1",
        "3.2.0.4",
        "3.3.0.0",
        "3.3.0.1",
        "3.3.1.0",
        "3.3.2.0",
        "3.3.2.1",
        "3.3.3",
        "3.3.4.1",
        "3.3.5",
        "3.3.5.1",
        "3.3.6",
        "3.3.7",
        "3.4.0"
      ],
      "database_specific": {
        "source": "https://github.com/github/advisory-database/blob/main/advisories/github-reviewed/2019/02/GHSA-9v3m-8fp8-mj99/GHSA-9v3m-8fp8-mj99.json"
      }
    },
    {
      "package": {
        "name": "Bootstrap.Less",
        "ecosystem": "NuGet",
        "purl": "pkg:nuget/Bootstrap.Less"
      },
      "ranges": [
        {
          "type": "ECOSYSTEM",
          "events": [
            {
              "introduced": "3.0.0"
            },
            {
              "fixed": "3.4.1"
            }
          ]
        }
      ],
      "versions": [
        "3.3.5",
        "3.3.6",
        "3.3.6-jQuery3",
        "3.3.6.1",
        "3.3.7",
        "3.4.0"
      ],
      "database_specific": {
        "source": "https://github.com/github/advisory-database/blob/main/advisories/github-reviewed/2019/02/GHSA-9v3m-8fp8-mj99/GHSA-9v3m-8fp8-mj99.json"
      }
    },
    {
      "package": {
        "name": "bootstrap",
        "ecosystem": "NuGet",
        "purl": "pkg:nuget/bootstrap"
      },
      "ranges": [
        {
          "type": "ECOSYSTEM",
          "events": [
            {
              "introduced": "4.0.0"
            },
            {
              "fixed": "4.3.1"
            }
          ]
        }
      ],
      "versions": [
        "4.0.0",
        "4.1.0",
        "4.1.1",
        "4.1.1-contentFiles",
        "4.1.2",
        "4.1.3",
        "4.2.1"
      ],
      "database_specific": {
        "source": "https://github.com/github/advisory-database/blob/main/advisories/github-reviewed/2019/02/GHSA-9v3m-8fp8-mj99/GHSA-9v3m-8fp8-mj99.json"
      }
    },
    {
      "package": {
        "name": "bootstrap",
        "ecosystem": "NuGet",
        "purl": "pkg:nuget/bootstrap"
      },
      "ranges": [
        {
          "type": "ECOSYSTEM",
          "events": [
            {
              "introduced": "3.0.0"
            },
            {
              "fixed": "3.4.1"
            }
          ]
        }
      ],
      "versions": [
        "3.0.0",
        "3.0.1",
        "3.0.2",
        "3.0.3",
        "3.1.0",
        "3.1.1",
        "3.2.0",
        "3.3.0",
        "3.3.1",
        "3.3.2",
        "3.3.4",
        "3.3.5",
        "3.3.6",
        "3.3.6-jQuery3",
        "3.3.6.1",
        "3.3.7",
        "3.4.0"
      ],
      "database_specific": {
        "source": "https://github.com/github/advisory-database/blob/main/advisories/github-reviewed/2019/02/GHSA-9v3m-8fp8-mj99/GHSA-9v3m-8fp8-mj99.json"
      }
    },
    {
      "package": {
        "name": "bootstrap.sass",
        "ecosystem": "NuGet",
        "purl": "pkg:nuget/bootstrap.sass"
      },
      "ranges": [
        {
          "type": "ECOSYSTEM",
          "events": [
            {
              "introduced": "0"
            },
            {
              "fixed": "4.3.1"
            }
          ]
        }
      ],
      "versions": [
        "3.4.1",
        "4.0.0",
        "4.0.0-alpha",
        "4.0.0-alpha2",
        "4.0.0-alpha3",
        "4.0.0-alpha4",
        "4.0.0-alpha5",
        "4.0.0-alpha6",
        "4.0.0-beta",
        "4.0.0-beta2",
        "4.0.0-beta3",
        "4.1.0",
        "4.1.1",
        "4.1.1-contentFiles",
        "4.1.2",
        "4.1.3",
        "4.2.1"
      ],
      "database_specific": {
        "source": "https://github.com/github/advisory-database/blob/main/advisories/github-reviewed/2019/02/GHSA-9v3m-8fp8-mj99/GHSA-9v3m-8fp8-mj99.json"
      }
    },
    {
      "package": {
        "name": "bootstrap",
        "ecosystem": "npm",
        "purl": "pkg:npm/bootstrap"
      },
      "ranges": [
        {
          "type": "SEMVER",
          "events": [
            {
              "introduced": "4.0.0"
            },
            {
              "fixed": "4.3.1"
            }
          ]
        }
      ],
      "database_specific": {
        "source": "https://github.com/github/advisory-database/blob/main/advisories/github-reviewed/2019/02/GHSA-9v3m-8fp8-mj99/GHSA-9v3m-8fp8-mj99.json"
      }
    },
    {
      "package": {
        "name": "bootstrap",
        "ecosystem": "npm",
        "purl": "pkg:npm/bootstrap"
      },
      "ranges": [
        {
          "type": "SEMVER",
          "events": [
            {
              "introduced": "3.0.0"
            },
            {
              "fixed": "3.4.1"
            }
          ]
        }
      ],
      "database_specific": {
        "source": "https://github.com/github/advisory-database/blob/main/advisories/github-reviewed/2019/02/GHSA-9v3m-8fp8-mj99/GHSA-9v3m-8fp8-mj99.json"
      }
    },
    {
      "package": {
        "name": "bootstrap-sass",
        "ecosystem": "npm",
        "purl": "pkg:npm/bootstrap-sass"
      },
      "ranges": [
        {
          "type": "SEMVER",
          "events": [
            {
              "introduced": "3.0.0"
            },
            {
              "fixed": "3.4.1"
            }
          ]
        }
      ],
      "database_specific": {
        "source": "https://github.com/github/advisory-database/blob/main/advisories/github-reviewed/2019/02/GHSA-9v3m-8fp8-mj99/GHSA-9v3m-8fp8-mj99.json"
      }
    },
    {
      "package": {
        "name": "twitter-bootstrap-rails",
        "ecosystem": "RubyGems",
        "purl": "pkg:gem/twitter-bootstrap-rails"
      },
      "ranges": [
        {
          "type": "ECOSYSTEM",
          "events": [
            {
              "introduced": "0"
            },
            {
              "last_affected": "5.0.0"
            }
          ]
        }
      ],
      "versions": [
        "0.0.3",
        "0.0.4",
        "0.0.5",
        "1.3.0",
        "1.3.1",
        "1.4.0",
        "1.4.1",
        "1.4.2",
        "1.4.3",
        "2.0",
        "2.0.0",
        "2.0.1",
        "2.0.1.0",
        "2.0.2",
        "2.0.3",
        "2.0.4",
        "2.0.5",
        "2.0.6",
        "2.0.7",
        "2.0.8",
        "2.0.9",
        "2.0rc0",
        "2.1.0",
        "2.1.1",
        "2.1.2",
        "2.1.3",
        "2.1.4",
        "2.1.5",
        "2.1.6",
        "2.1.7",
        "2.1.8",
        "2.1.9",
        "2.2.0",
        "2.2.1",
        "2.2.3",
        "2.2.4",
        "2.2.5",
        "2.2.6",
        "2.2.7",
        "2.2.8",
        "3.2.0",
        "3.2.1.rc1",
        "3.2.2",
        "4.0.0",
        "5.0.0"
      ],
      "database_specific": {
        "source": "https://github.com/github/advisory-database/blob/main/advisories/github-reviewed/2019/02/GHSA-9v3m-8fp8-mj99/GHSA-9v3m-8fp8-mj99.json"
      }
    }
  ],
  "schema_version": "1.6.0",
  "severity": [
    {
      "type": "CVSS_V3",
      "score": "CVSS:3.1/AV:N/AC:L/PR:N/UI:R/S:C/C:L/I:L/A:N"
    }
  ]
}