{
  "id": "GHSA-rqrc-8q8f-cp9c",
  "summary": "Infinite loop in .Net Bond",
  "details": "A denial of service vulnerability exists when the .NET implementation of Bond improperly parses input, aka 'Bond Denial of Service Vulnerability'. Handling of large container lengths that could cause an infinite loop when deserializing some payloads.",
  "aliases": [
    "CVE-2020-1469"
  ],
  "modified": "2024-02-20T05:31:04.092839Z",
  "published": "2022-04-08T18:11:51Z",
  "database_specific": {
    "nvd_published_at": null,
    "cwe_ids": [
      "CWE-434",
      "CWE-835"
    ],
    "severity": "HIGH",
    "github_reviewed": true,
    "github_reviewed_at": "2022-04-08T18:11:51Z"
  },
  "references": [
    {
      "type": "ADVISORY",
      "url": "https://nvd.nist.gov/vuln/detail/CVE-2020-1469"
    },
    {
      "type": "WEB",
      "url": "https://github.com/microsoft/bond/commit/3afea822c42dd0095fedb9e7db9ebb99165e7343"
    },
    {
      "type": "WEB",
      "url": "https://github.com/microsoft/bond/commit/b0fd4a15a7cae946dd2855122559ca59cc34dbea"
    },
    {
      "type": "WEB",
      "url": "https://github.com/microsoft/bond"
    },
    {
      "type": "WEB",
      "url": "https://msrc.microsoft.com/update-guide/en-US/vulnerability/CVE-2020-1469"
    },
    {
      "type": "WEB",
      "url": "https://portal.msrc.microsoft.com/en-US/security-guidance/advisory/CVE-2020-1469"
    },
    {
      "type": "WEB",
      "url": "https://www.nuget.org/packages/Bond.Core.CSharp/9.0.1"
    }
  ],
  "affected": [
    {
      "package": {
        "name": "Bond.Core.CSharp",
        "ecosystem": "NuGet",
        "purl": "pkg:nuget/Bond.Core.CSharp"
      },
      "ranges": [
        {
          "type": "ECOSYSTEM",
          "events": [
            {
              "introduced": "3.0.0"
            },
            {
              "fixed": "9.0.1"
            }
          ]
        }
      ],
      "versions": [
        "4.0.1",
        "4.0.2",
        "4.1.0",
        "4.2.0",
        "4.2.1",
        "4.3.0",
        "5.0.0",
        "5.1.0",
        "5.2.0",
        "5.3.0",
        "5.3.1",
        "6.0.0",
        "7.0.0",
        "7.0.1",
        "8.0.0",
        "8.1.0",
        "8.2.0",
        "9.0.0"
      ],
      "database_specific": {
        "source": "https://github.com/github/advisory-database/blob/main/advisories/github-reviewed/2022/04/GHSA-rqrc-8q8f-cp9c/GHSA-rqrc-8q8f-cp9c.json"
      }
    }
  ],
  "schema_version": "1.6.0",
  "severity": [
    {
      "type": "CVSS_V3",
      "score": "CVSS:3.1/AV:N/AC:L/PR:N/UI:N/S:U/C:N/I:N/A:H"
    }
  ]
}