{
  "id": "GHSA-8pp6-8x4q-c5mx",
  "summary": "Server side request forgery in C1 CMS",
  "details": "C1 CMS is an open-source, .NET based Content Management System (CMS). Versions prior to 6.12 allow an authenticated user to exploit Server Side Request Forgery (SSRF) by causing the server to make arbitrary GET requests to other servers in the local network or on localhost. The attacker may also truncate arbitrary files to zero size (effectively delete them) leading to denial of service (DoS) or altering application logic. The authenticated user may unknowingly perform the actions by visiting a specially crafted site. Patched in C1 CMS v6.12, no known workarounds exist.",
  "aliases": [
    "CVE-2022-24789",
    "GHSA-j9c2-gr6m-pp45"
  ],
  "modified": "2023-11-08T04:08:36.593684Z",
  "published": "2022-03-30T00:00:31Z",
  "database_specific": {
    "nvd_published_at": "2022-03-28T22:15:00Z",
    "github_reviewed_at": "2022-04-07T15:30:27Z",
    "severity": "HIGH",
    "github_reviewed": true,
    "cwe_ids": [
      "CWE-918"
    ]
  },
  "references": [
    {
      "type": "WEB",
      "url": "https://github.com/Orckestra/C1-CMS-Foundation/security/advisories/GHSA-j9c2-gr6m-pp45"
    },
    {
      "type": "ADVISORY",
      "url": "https://nvd.nist.gov/vuln/detail/CVE-2022-24789"
    },
    {
      "type": "PACKAGE",
      "url": "https://github.com/Orckestra/C1-CMS-Foundation"
    },
    {
      "type": "WEB",
      "url": "https://github.com/Orckestra/C1-CMS-Foundation/releases/tag/v6.12"
    }
  ],
  "affected": [
    {
      "package": {
        "name": "C1CMS.Assemblies",
        "ecosystem": "NuGet",
        "purl": "pkg:nuget/C1CMS.Assemblies"
      },
      "ranges": [
        {
          "type": "ECOSYSTEM",
          "events": [
            {
              "introduced": "0"
            },
            {
              "fixed": "6.12.8122.18346"
            }
          ]
        }
      ],
      "versions": [
        "6.0.6248.33161",
        "6.1.6325.31805",
        "6.10.7583.21856",
        "6.11.7982.26191",
        "6.2.6435.31469",
        "6.3.6599.29375",
        "6.4.6638.27326",
        "6.5.6754.25114",
        "6.6.6912.30810",
        "6.7.7240.24791",
        "6.8.7271.23834",
        "6.9.7410.31615"
      ],
      "database_specific": {
        "last_known_affected_version_range": "<= 6.11.7982.26191",
        "source": "https://github.com/github/advisory-database/blob/main/advisories/github-reviewed/2022/03/GHSA-8pp6-8x4q-c5mx/GHSA-8pp6-8x4q-c5mx.json"
      }
    }
  ],
  "schema_version": "1.6.0",
  "severity": [
    {
      "type": "CVSS_V3",
      "score": "CVSS:3.1/AV:N/AC:L/PR:L/UI:N/S:U/C:L/I:L/A:H"
    }
  ]
}