{
  "id": "GHSA-r4mw-gxf7-vxr9",
  "summary": "Remote code execution in Microsoft.WindowsDesktop.App.Ref",
  "details": "A remote code execution vulnerability exists in .NET software when the software fails to check the source markup of a file.An attacker who successfully exploited the vulnerability could run arbitrary code in the context of the current user, aka '.NET Framework Remote Code Execution Vulnerability'. This CVE ID is unique from CVE-2020-0605.",
  "aliases": [
    "CVE-2020-0606"
  ],
  "modified": "2023-11-08T04:01:54.701330Z",
  "published": "2022-05-24T17:06:16Z",
  "database_specific": {
    "nvd_published_at": "2020-01-14T23:15:00Z",
    "github_reviewed_at": "2022-07-28T22:08:12Z",
    "severity": "HIGH",
    "github_reviewed": true,
    "cwe_ids": [
      "CWE-20"
    ]
  },
  "references": [
    {
      "type": "ADVISORY",
      "url": "https://nvd.nist.gov/vuln/detail/CVE-2020-0606"
    },
    {
      "type": "WEB",
      "url": "https://github.com/dotnet/announcements/issues/149"
    },
    {
      "type": "WEB",
      "url": "https://github.com/github/advisory-database/issues/302"
    },
    {
      "type": "WEB",
      "url": "https://portal.msrc.microsoft.com/en-US/security-guidance/advisory/CVE-2020-0606"
    }
  ],
  "affected": [
    {
      "package": {
        "name": "Microsoft.WindowsDesktop.App.Ref",
        "ecosystem": "NuGet",
        "purl": "pkg:nuget/Microsoft.WindowsDesktop.App.Ref"
      },
      "ranges": [
        {
          "type": "ECOSYSTEM",
          "events": [
            {
              "introduced": "3.0.1"
            },
            {
              "fixed": "3.0.2"
            }
          ]
        }
      ],
      "versions": [
        "3.0.1"
      ],
      "database_specific": {
        "source": "https://github.com/github/advisory-database/blob/main/advisories/github-reviewed/2022/05/GHSA-r4mw-gxf7-vxr9/GHSA-r4mw-gxf7-vxr9.json"
      }
    },
    {
      "package": {
        "name": "Microsoft.WindowsDesktop.App.Ref",
        "ecosystem": "NuGet",
        "purl": "pkg:nuget/Microsoft.WindowsDesktop.App.Ref"
      },
      "ranges": [
        {
          "type": "ECOSYSTEM",
          "events": [
            {
              "introduced": "3.1.0"
            },
            {
              "fixed": "3.1.1"
            }
          ]
        }
      ],
      "versions": [
        "3.1.0"
      ],
      "database_specific": {
        "source": "https://github.com/github/advisory-database/blob/main/advisories/github-reviewed/2022/05/GHSA-r4mw-gxf7-vxr9/GHSA-r4mw-gxf7-vxr9.json"
      }
    },
    {
      "package": {
        "name": "Microsoft.WindowsDesktop.App.Runtime.win-x86",
        "ecosystem": "NuGet",
        "purl": "pkg:nuget/Microsoft.WindowsDesktop.App.Runtime.win-x86"
      },
      "ranges": [
        {
          "type": "ECOSYSTEM",
          "events": [
            {
              "introduced": "3.0.0"
            },
            {
              "fixed": "3.0.2"
            }
          ]
        }
      ],
      "versions": [
        "3.0.0",
        "3.0.1"
      ],
      "database_specific": {
        "source": "https://github.com/github/advisory-database/blob/main/advisories/github-reviewed/2022/05/GHSA-r4mw-gxf7-vxr9/GHSA-r4mw-gxf7-vxr9.json"
      }
    },
    {
      "package": {
        "name": "Microsoft.WindowsDesktop.App.Runtime.win-x86",
        "ecosystem": "NuGet",
        "purl": "pkg:nuget/Microsoft.WindowsDesktop.App.Runtime.win-x86"
      },
      "ranges": [
        {
          "type": "ECOSYSTEM",
          "events": [
            {
              "introduced": "3.1.0"
            },
            {
              "fixed": "3.1.11"
            }
          ]
        }
      ],
      "versions": [
        "3.1.0",
        "3.1.1",
        "3.1.10",
        "3.1.2",
        "3.1.3",
        "3.1.4",
        "3.1.5",
        "3.1.6",
        "3.1.7",
        "3.1.8",
        "3.1.9"
      ],
      "database_specific": {
        "source": "https://github.com/github/advisory-database/blob/main/advisories/github-reviewed/2022/05/GHSA-r4mw-gxf7-vxr9/GHSA-r4mw-gxf7-vxr9.json"
      }
    },
    {
      "package": {
        "name": "Microsoft.WindowsDesktop.App.Runtime.win-x64",
        "ecosystem": "NuGet",
        "purl": "pkg:nuget/Microsoft.WindowsDesktop.App.Runtime.win-x64"
      },
      "ranges": [
        {
          "type": "ECOSYSTEM",
          "events": [
            {
              "introduced": "3.0.0"
            },
            {
              "fixed": "3.0.2"
            }
          ]
        }
      ],
      "versions": [
        "3.0.0",
        "3.0.1"
      ],
      "database_specific": {
        "source": "https://github.com/github/advisory-database/blob/main/advisories/github-reviewed/2022/05/GHSA-r4mw-gxf7-vxr9/GHSA-r4mw-gxf7-vxr9.json"
      }
    },
    {
      "package": {
        "name": "Microsoft.WindowsDesktop.App.Runtime.win-x64",
        "ecosystem": "NuGet",
        "purl": "pkg:nuget/Microsoft.WindowsDesktop.App.Runtime.win-x64"
      },
      "ranges": [
        {
          "type": "ECOSYSTEM",
          "events": [
            {
              "introduced": "3.1.0"
            },
            {
              "fixed": "3.1.11"
            }
          ]
        }
      ],
      "versions": [
        "3.1.0",
        "3.1.1",
        "3.1.10",
        "3.1.2",
        "3.1.3",
        "3.1.4",
        "3.1.5",
        "3.1.6",
        "3.1.7",
        "3.1.8",
        "3.1.9"
      ],
      "database_specific": {
        "source": "https://github.com/github/advisory-database/blob/main/advisories/github-reviewed/2022/05/GHSA-r4mw-gxf7-vxr9/GHSA-r4mw-gxf7-vxr9.json"
      }
    }
  ],
  "schema_version": "1.6.0",
  "severity": [
    {
      "type": "CVSS_V3",
      "score": "CVSS:3.1/AV:N/AC:L/PR:N/UI:R/S:U/C:H/I:H/A:H"
    }
  ]
}