{
  "id": "GHSA-m7mf-48hp-5qmr",
  "summary": "Inappropriate implementation in V8",
  "details": "CVE-2020-16009: Inappropriate implementation in V8\n\n- https://chromereleases.googleblog.com/2020/11/stable-channel-update-for-desktop.html\n- https://cve.mitre.org/cgi-bin/cvename.cgi?name=CVE-2020-16009\n\nGoogle is aware of reports that exploits for CVE-2020-16009 exist in the wild.\n\nAllowed a remote attacker to potentially exploit heap corruption via a crafted HTML page.\n\nThere is currently little to no public information on the issue other than it has been flagged as `High` severity.",
  "aliases": [
    "CVE-2020-16009"
  ],
  "modified": "2024-02-16T08:24:30.978175Z",
  "published": "2020-12-02T18:28:47Z",
  "database_specific": {
    "nvd_published_at": "2020-11-03T03:15:00Z",
    "cwe_ids": [
      "CWE-787"
    ],
    "severity": "HIGH",
    "github_reviewed": true,
    "github_reviewed_at": "2020-12-02T18:27:42Z"
  },
  "references": [
    {
      "type": "WEB",
      "url": "https://github.com/cefsharp/CefSharp/security/advisories/GHSA-m7mf-48hp-5qmr"
    },
    {
      "type": "ADVISORY",
      "url": "https://nvd.nist.gov/vuln/detail/CVE-2020-16009"
    },
    {
      "type": "WEB",
      "url": "https://chromereleases.googleblog.com/2020/11/stable-channel-update-for-desktop.html"
    },
    {
      "type": "WEB",
      "url": "https://crbug.com/1143772"
    },
    {
      "type": "PACKAGE",
      "url": "https://github.com/cefsharp/CefSharp"
    },
    {
      "type": "WEB",
      "url": "https://lists.fedoraproject.org/archives/list/package-announce@lists.fedoraproject.org/message/S4XYJ7B6OXHZNYSA5J3DBUOFEC6WCAGW"
    },
    {
      "type": "WEB",
      "url": "https://lists.fedoraproject.org/archives/list/package-announce@lists.fedoraproject.org/message/SC3U3H6AISVZB5PLZLLNF4HMQ4UFFL7M"
    },
    {
      "type": "WEB",
      "url": "https://security.gentoo.org/glsa/202011-12"
    },
    {
      "type": "WEB",
      "url": "https://www.debian.org/security/2021/dsa-4824"
    },
    {
      "type": "WEB",
      "url": "http://lists.opensuse.org/opensuse-security-announce/2020-11/msg00016.html"
    },
    {
      "type": "WEB",
      "url": "http://lists.opensuse.org/opensuse-security-announce/2020-11/msg00017.html"
    },
    {
      "type": "WEB",
      "url": "http://packetstormsecurity.com/files/159974/Chrome-V8-Turbofan-Type-Confusion.html"
    }
  ],
  "affected": [
    {
      "package": {
        "name": "CefSharp.Common",
        "ecosystem": "NuGet",
        "purl": "pkg:nuget/CefSharp.Common"
      },
      "ranges": [
        {
          "type": "ECOSYSTEM",
          "events": [
            {
              "introduced": "0"
            },
            {
              "fixed": "86.0.241"
            }
          ]
        }
      ],
      "versions": [
        "31.0.0-pre1",
        "33.0.0",
        "33.0.2",
        "33.1.0-pre01",
        "37.0.0",
        "37.0.0-pre01",
        "37.0.0-pre02",
        "37.0.1",
        "37.0.2",
        "37.0.3",
        "39.0.0",
        "39.0.0-pre01",
        "39.0.0-pre02",
        "39.0.0-pre03",
        "39.0.1",
        "39.0.2",
        "41.0.0",
        "41.0.0-pre01",
        "41.0.1",
        "43.0.0",
        "43.0.0-pre01",
        "43.0.0-pre02",
        "43.0.1",
        "45.0.0",
        "45.0.0-pre01",
        "47.0.0",
        "47.0.0-pre01",
        "47.0.1",
        "47.0.2",
        "47.0.3",
        "47.0.4",
        "49.0.0",
        "49.0.0-pre01",
        "49.0.0-pre02",
        "49.0.1",
        "51.0.0",
        "51.0.0-pre01",
        "51.0.0-pre02",
        "53.0.0",
        "53.0.0-pre01",
        "53.0.1",
        "55.0.0",
        "55.0.0-pre01",
        "57.0.0",
        "57.0.0-pre01",
        "62.0.0-pre01",
        "62.0.0-proprietary-codecs",
        "62.0.0-proprietary-codecs2",
        "63.0.0",
        "63.0.0-pre01",
        "63.0.0-pre02",
        "63.0.0-pre03",
        "63.0.1",
        "63.0.2",
        "63.0.3",
        "65.0.0",
        "65.0.0-pre01",
        "65.0.0-pre02",
        "65.0.1",
        "67.0.0",
        "67.0.0-pre01",
        "69.0.0",
        "69.0.0-pre01",
        "71.0.0",
        "71.0.0-pre01",
        "71.0.1",
        "71.0.2",
        "73.1.120-pre01",
        "73.1.130",
        "75.1.140-pre01",
        "75.1.141",
        "75.1.142",
        "75.1.143",
        "79.1.310-pre",
        "79.1.350",
        "79.1.360",
        "81.3.100",
        "81.3.20-pre",
        "83.3.120-pre",
        "83.4.20",
        "84.3.10-pre",
        "84.4.10",
        "85.3.120-pre",
        "85.3.121",
        "85.3.121-pre",
        "85.3.130",
        "86.0.240-pre"
      ],
      "database_specific": {
        "source": "https://github.com/github/advisory-database/blob/main/advisories/github-reviewed/2020/12/GHSA-m7mf-48hp-5qmr/GHSA-m7mf-48hp-5qmr.json"
      }
    },
    {
      "package": {
        "name": "CefSharp.Wpf",
        "ecosystem": "NuGet",
        "purl": "pkg:nuget/CefSharp.Wpf"
      },
      "ranges": [
        {
          "type": "ECOSYSTEM",
          "events": [
            {
              "introduced": "0"
            },
            {
              "fixed": "86.0.241"
            }
          ]
        }
      ],
      "versions": [
        "1.25.2-perlun0",
        "1.25.3",
        "1.25.4",
        "1.25.5",
        "1.25.6",
        "1.25.7",
        "1.25.8",
        "3.29.0-pre0",
        "31.0.0-pre1",
        "33.0.0",
        "33.0.2",
        "33.1.0-pre01",
        "37.0.0",
        "37.0.0-pre01",
        "37.0.0-pre02",
        "37.0.1",
        "37.0.3",
        "39.0.0",
        "39.0.0-pre01",
        "39.0.0-pre02",
        "39.0.0-pre03",
        "39.0.1",
        "39.0.2",
        "41.0.0",
        "41.0.0-pre01",
        "41.0.1",
        "43.0.0",
        "43.0.0-pre01",
        "43.0.0-pre02",
        "43.0.1",
        "45.0.0",
        "45.0.0-pre01",
        "47.0.0",
        "47.0.0-pre01",
        "47.0.1",
        "47.0.2",
        "47.0.3",
        "47.0.4",
        "49.0.0",
        "49.0.0-pre01",
        "49.0.0-pre02",
        "49.0.1",
        "51.0.0",
        "51.0.0-pre01",
        "51.0.0-pre02",
        "53.0.0",
        "53.0.0-pre01",
        "53.0.1",
        "55.0.0",
        "55.0.0-pre01",
        "57.0.0",
        "57.0.0-pre01",
        "62.0.0-pre01",
        "62.0.0-proprietary-codecs",
        "62.0.0-proprietary-codecs2",
        "63.0.0",
        "63.0.0-pre01",
        "63.0.0-pre02",
        "63.0.0-pre03",
        "63.0.1",
        "63.0.2",
        "63.0.3",
        "65.0.0",
        "65.0.0-pre01",
        "65.0.0-pre02",
        "65.0.1",
        "67.0.0",
        "67.0.0-pre01",
        "69.0.0",
        "69.0.0-pre01",
        "71.0.0",
        "71.0.0-pre01",
        "71.0.1",
        "71.0.2",
        "73.1.120-pre01",
        "73.1.130",
        "75.1.140-pre01",
        "75.1.141",
        "75.1.142",
        "75.1.143",
        "79.1.310-pre",
        "79.1.350",
        "79.1.360",
        "81.3.100",
        "81.3.20-pre",
        "83.3.120-pre",
        "83.4.20",
        "84.3.10-pre",
        "84.4.10",
        "85.3.120-pre",
        "85.3.121",
        "85.3.121-pre",
        "85.3.130",
        "86.0.240-pre"
      ],
      "database_specific": {
        "source": "https://github.com/github/advisory-database/blob/main/advisories/github-reviewed/2020/12/GHSA-m7mf-48hp-5qmr/GHSA-m7mf-48hp-5qmr.json"
      }
    },
    {
      "package": {
        "name": "CefSharp.WinForms",
        "ecosystem": "NuGet",
        "purl": "pkg:nuget/CefSharp.WinForms"
      },
      "ranges": [
        {
          "type": "ECOSYSTEM",
          "events": [
            {
              "introduced": "0"
            },
            {
              "fixed": "86.0.241"
            }
          ]
        }
      ],
      "versions": [
        "1.25.3",
        "33.0.0",
        "33.0.2",
        "33.1.0-pre01",
        "37.0.0",
        "37.0.0-pre01",
        "37.0.0-pre02",
        "37.0.1",
        "37.0.3",
        "39.0.0",
        "39.0.0-pre01",
        "39.0.0-pre02",
        "39.0.0-pre03",
        "39.0.1",
        "39.0.2",
        "41.0.0",
        "41.0.0-pre01",
        "41.0.1",
        "43.0.0",
        "43.0.0-pre01",
        "43.0.0-pre02",
        "43.0.1",
        "45.0.0",
        "45.0.0-pre01",
        "47.0.0",
        "47.0.0-pre01",
        "47.0.1",
        "47.0.2",
        "47.0.3",
        "47.0.4",
        "49.0.0",
        "49.0.0-pre01",
        "49.0.0-pre02",
        "49.0.1",
        "51.0.0",
        "51.0.0-pre01",
        "51.0.0-pre02",
        "53.0.0",
        "53.0.0-pre01",
        "53.0.1",
        "55.0.0",
        "55.0.0-pre01",
        "57.0.0",
        "57.0.0-pre01",
        "62.0.0-pre01",
        "62.0.0-proprietary-codecs",
        "62.0.0-proprietary-codecs2",
        "63.0.0",
        "63.0.0-pre01",
        "63.0.0-pre02",
        "63.0.0-pre03",
        "63.0.1",
        "63.0.2",
        "63.0.3",
        "65.0.0",
        "65.0.0-pre01",
        "65.0.0-pre02",
        "65.0.1",
        "67.0.0",
        "67.0.0-pre01",
        "69.0.0",
        "69.0.0-pre01",
        "71.0.0",
        "71.0.0-pre01",
        "71.0.1",
        "71.0.2",
        "73.1.120-pre01",
        "73.1.130",
        "75.1.140-pre01",
        "75.1.141",
        "75.1.142",
        "75.1.143",
        "79.1.310-pre",
        "79.1.350",
        "79.1.360",
        "81.3.100",
        "81.3.20-pre",
        "83.3.120-pre",
        "83.4.20",
        "84.3.10-pre",
        "84.4.10",
        "85.3.120-pre",
        "85.3.121",
        "85.3.121-pre",
        "85.3.130",
        "86.0.240-pre"
      ],
      "database_specific": {
        "source": "https://github.com/github/advisory-database/blob/main/advisories/github-reviewed/2020/12/GHSA-m7mf-48hp-5qmr/GHSA-m7mf-48hp-5qmr.json"
      }
    },
    {
      "package": {
        "name": "CefSharp.Wpf.HwndHost",
        "ecosystem": "NuGet",
        "purl": "pkg:nuget/CefSharp.Wpf.HwndHost"
      },
      "ranges": [
        {
          "type": "ECOSYSTEM",
          "events": [
            {
              "introduced": "0"
            },
            {
              "fixed": "86.0.241"
            }
          ]
        }
      ],
      "versions": [
        "83.4.20-pre",
        "84.4.10",
        "85.3.121",
        "85.3.130"
      ],
      "database_specific": {
        "source": "https://github.com/github/advisory-database/blob/main/advisories/github-reviewed/2020/12/GHSA-m7mf-48hp-5qmr/GHSA-m7mf-48hp-5qmr.json"
      }
    }
  ],
  "schema_version": "1.6.0",
  "severity": [
    {
      "type": "CVSS_V3",
      "score": "CVSS:3.1/AV:N/AC:L/PR:N/UI:R/S:U/C:H/I:H/A:H"
    }
  ]
}