{
  "id": "GHSA-m8x8-5ch7-c5w9",
  "summary": "ChakraCore RCE Vulnerability",
  "details": "Microsoft Edge and ChakraCore in Microsoft Windows 10 1703 and 1709 allows remote code execution, due to how the scripting engine handles objects in memory, aka \"Scripting Engine Memory Corruption Vulnerability\". This CVE ID is unique from CVE-2018-0834, CVE-2018-0835, CVE-2018-0837, CVE-2018-0838, CVE-2018-0840, CVE-2018-0856, CVE-2018-0857, CVE-2018-0858, CVE-2018-0859, CVE-2018-0860, CVE-2018-0861, and CVE-2018-0866.",
  "aliases": [
    "CVE-2018-0836"
  ],
  "modified": "2024-02-16T08:25:06.897858Z",
  "published": "2022-05-13T01:18:32Z",
  "database_specific": {
    "nvd_published_at": "2018-02-15T02:29:00Z",
    "cwe_ids": [
      "CWE-787"
    ],
    "severity": "HIGH",
    "github_reviewed": true,
    "github_reviewed_at": "2023-07-20T18:23:25Z"
  },
  "references": [
    {
      "type": "ADVISORY",
      "url": "https://nvd.nist.gov/vuln/detail/CVE-2018-0836"
    },
    {
      "type": "WEB",
      "url": "https://github.com/chakra-core/ChakraCore/commit/b99d0dcbf5a890e3f5dcdbfcec033f5c92b2bd6d"
    },
    {
      "type": "PACKAGE",
      "url": "https://github.com/chakra-core/ChakraCore"
    },
    {
      "type": "WEB",
      "url": "https://portal.msrc.microsoft.com/en-US/security-guidance/advisory/CVE-2018-0836"
    },
    {
      "type": "WEB",
      "url": "https://web.archive.org/web/20210804005206/http://www.securityfocus.com/bid/102875"
    },
    {
      "type": "WEB",
      "url": "https://web.archive.org/web/20211208072939/http://www.securitytracker.com/id/1040372"
    }
  ],
  "affected": [
    {
      "package": {
        "name": "Microsoft.ChakraCore",
        "ecosystem": "NuGet",
        "purl": "pkg:nuget/Microsoft.ChakraCore"
      },
      "ranges": [
        {
          "type": "ECOSYSTEM",
          "events": [
            {
              "introduced": "0"
            },
            {
              "fixed": "1.8.1"
            }
          ]
        }
      ],
      "versions": [
        "1.2.0",
        "1.2.1",
        "1.2.2",
        "1.2.3",
        "1.2.6.62716-preview",
        "1.3.0",
        "1.3.1",
        "1.3.2",
        "1.4.0",
        "1.4.1",
        "1.4.2",
        "1.4.3",
        "1.4.4",
        "1.4.5",
        "1.5.0",
        "1.5.1",
        "1.5.2",
        "1.5.3",
        "1.6.0",
        "1.6.2",
        "1.7.0",
        "1.7.1",
        "1.7.2",
        "1.7.3",
        "1.7.4",
        "1.7.5",
        "1.7.6",
        "1.8.0"
      ],
      "database_specific": {
        "source": "https://github.com/github/advisory-database/blob/main/advisories/github-reviewed/2022/05/GHSA-m8x8-5ch7-c5w9/GHSA-m8x8-5ch7-c5w9.json"
      }
    }
  ],
  "schema_version": "1.6.0",
  "severity": [
    {
      "type": "CVSS_V3",
      "score": "CVSS:3.0/AV:N/AC:H/PR:N/UI:R/S:U/C:H/I:H/A:H"
    }
  ]
}