{
  "id": "GHSA-gxr4-xjj5-5px2",
  "summary": "Potential XSS vulnerability in jQuery",
  "details": "### Impact\nPassing HTML from untrusted sources - even after sanitizing it - to one of jQuery's DOM manipulation methods (i.e. `.html()`, `.append()`, and others) may execute untrusted code.\n\n### Patches\nThis problem is patched in jQuery 3.5.0.\n\n### Workarounds\nTo workaround the issue without upgrading, adding the following to your code:\n\n```js\njQuery.htmlPrefilter = function( html ) {\n\treturn html;\n};\n```\n\nYou need to use at least jQuery 1.12/2.2 or newer to be able to apply this workaround.\n\n### References\nhttps://blog.jquery.com/2020/04/10/jquery-3-5-0-released/\nhttps://jquery.com/upgrade-guide/3.5/\n\n### For more information\nIf you have any questions or comments about this advisory, search for a relevant issue in [the jQuery repo](https://github.com/jquery/jquery/issues). If you don't find an answer, open a new issue.",
  "aliases": [
    "BIT-drupal-2020-11022",
    "CVE-2020-11022"
  ],
  "modified": "2024-03-12T05:16:35.932904Z",
  "published": "2020-04-29T22:18:55Z",
  "database_specific": {
    "nvd_published_at": "2020-04-29T22:15:00Z",
    "cwe_ids": [
      "CWE-79"
    ],
    "severity": "MODERATE",
    "github_reviewed": true,
    "github_reviewed_at": "2020-04-29T22:18:37Z"
  },
  "references": [
    {
      "type": "WEB",
      "url": "https://github.com/jquery/jquery/security/advisories/GHSA-gxr4-xjj5-5px2"
    },
    {
      "type": "ADVISORY",
      "url": "https://nvd.nist.gov/vuln/detail/CVE-2020-11022"
    },
    {
      "type": "WEB",
      "url": "https://github.com/jquery/jquery/commit/1d61fd9407e6fbe82fe55cb0b938307aa0791f77"
    },
    {
      "type": "WEB",
      "url": "https://blog.jquery.com/2020/04/10/jquery-3-5-0-released"
    },
    {
      "type": "WEB",
      "url": "https://lists.fedoraproject.org/archives/list/package-announce@lists.fedoraproject.org/message/SFP4UK4EGP4AFH2MWYJ5A5Z4I7XVFQ6B"
    },
    {
      "type": "WEB",
      "url": "https://lists.fedoraproject.org/archives/list/package-announce@lists.fedoraproject.org/message/VOE7P7APPRQKD4FGNHBKJPDY6FFCOH3W"
    },
    {
      "type": "WEB",
      "url": "https://security.gentoo.org/glsa/202007-03"
    },
    {
      "type": "WEB",
      "url": "https://security.netapp.com/advisory/ntap-20200511-0006"
    },
    {
      "type": "WEB",
      "url": "https://www.debian.org/security/2020/dsa-4693"
    },
    {
      "type": "WEB",
      "url": "https://www.drupal.org/sa-core-2020-002"
    },
    {
      "type": "WEB",
      "url": "https://www.npmjs.com/advisories/1518"
    },
    {
      "type": "WEB",
      "url": "https://www.oracle.com//security-alerts/cpujul2021.html"
    },
    {
      "type": "WEB",
      "url": "https://www.oracle.com/security-alerts/cpuApr2021.html"
    },
    {
      "type": "WEB",
      "url": "https://www.oracle.com/security-alerts/cpuapr2022.html"
    },
    {
      "type": "WEB",
      "url": "https://www.oracle.com/security-alerts/cpujan2021.html"
    },
    {
      "type": "WEB",
      "url": "https://www.oracle.com/security-alerts/cpujan2022.html"
    },
    {
      "type": "WEB",
      "url": "https://www.oracle.com/security-alerts/cpujul2020.html"
    },
    {
      "type": "WEB",
      "url": "https://www.oracle.com/security-alerts/cpujul2022.html"
    },
    {
      "type": "WEB",
      "url": "https://www.oracle.com/security-alerts/cpuoct2020.html"
    },
    {
      "type": "WEB",
      "url": "https://www.oracle.com/security-alerts/cpuoct2021.html"
    },
    {
      "type": "WEB",
      "url": "https://www.tenable.com/security/tns-2020-10"
    },
    {
      "type": "WEB",
      "url": "https://www.tenable.com/security/tns-2020-11"
    },
    {
      "type": "WEB",
      "url": "https://www.tenable.com/security/tns-2021-02"
    },
    {
      "type": "WEB",
      "url": "https://www.tenable.com/security/tns-2021-10"
    },
    {
      "type": "ADVISORY",
      "url": "https://github.com/advisories/GHSA-gxr4-xjj5-5px2"
    },
    {
      "type": "PACKAGE",
      "url": "https://github.com/jquery/jquery"
    },
    {
      "type": "WEB",
      "url": "https://github.com/jquery/jquery/releases/tag/3.5.0"
    },
    {
      "type": "WEB",
      "url": "https://github.com/rubysec/ruby-advisory-db/blob/master/gems/jquery-rails/CVE-2020-11022.yml"
    },
    {
      "type": "WEB",
      "url": "https://jquery.com/upgrade-guide/3.5"
    },
    {
      "type": "WEB",
      "url": "https://lists.apache.org/thread.html/r0483ba0072783c2e1bfea613984bfb3c86e73ba8879d780dc1cc7d36@%3Cissues.flink.apache.org%3E"
    },
    {
      "type": "WEB",
      "url": "https://lists.apache.org/thread.html/r49ce4243b4738dd763caeb27fa8ad6afb426ae3e8c011ff00b8b1f48@%3Cissues.flink.apache.org%3E"
    },
    {
      "type": "WEB",
      "url": "https://lists.apache.org/thread.html/r54565a8f025c7c4f305355fdfd75b68eca442eebdb5f31c2e7d977ae@%3Cissues.flink.apache.org%3E"
    },
    {
      "type": "WEB",
      "url": "https://lists.apache.org/thread.html/r564585d97bc069137e64f521e68ba490c7c9c5b342df5d73c49a0760@%3Cissues.flink.apache.org%3E"
    },
    {
      "type": "WEB",
      "url": "https://lists.apache.org/thread.html/r706cfbc098420f7113968cc377247ec3d1439bce42e679c11c609e2d@%3Cissues.flink.apache.org%3E"
    },
    {
      "type": "WEB",
      "url": "https://lists.apache.org/thread.html/r8f70b0f65d6bedf316ecd899371fd89e65333bc988f6326d2956735c@%3Cissues.flink.apache.org%3E"
    },
    {
      "type": "WEB",
      "url": "https://lists.apache.org/thread.html/rbb448222ba62c430e21e13f940be4cb5cfc373cd3bce56b48c0ffa67@%3Cdev.flink.apache.org%3E"
    },
    {
      "type": "WEB",
      "url": "https://lists.apache.org/thread.html/rdf44341677cf7eec7e9aa96dcf3f37ed709544863d619cca8c36f133@%3Ccommits.airflow.apache.org%3E"
    },
    {
      "type": "WEB",
      "url": "https://lists.apache.org/thread.html/re4ae96fa5c1a2fe71ccbb7b7ac1538bd0cb677be270a2bf6e2f8d108@%3Cissues.flink.apache.org%3E"
    },
    {
      "type": "WEB",
      "url": "https://lists.apache.org/thread.html/rede9cfaa756e050a3d83045008f84a62802fc68c17f2b4eabeaae5e4@%3Cissues.flink.apache.org%3E"
    },
    {
      "type": "WEB",
      "url": "https://lists.apache.org/thread.html/ree3bd8ddb23df5fa4e372d11c226830ea3650056b1059f3965b3fce2@%3Cissues.flink.apache.org%3E"
    },
    {
      "type": "WEB",
      "url": "https://lists.debian.org/debian-lts-announce/2021/03/msg00033.html"
    },
    {
      "type": "WEB",
      "url": "https://lists.debian.org/debian-lts-announce/2023/08/msg00040.html"
    },
    {
      "type": "WEB",
      "url": "https://lists.fedoraproject.org/archives/list/package-announce@lists.fedoraproject.org/message/AVKYXLWCLZBV2N7M46KYK4LVA5OXWPBY"
    },
    {
      "type": "WEB",
      "url": "https://lists.fedoraproject.org/archives/list/package-announce@lists.fedoraproject.org/message/QPN2L2XVQGUA2V5HNQJWHK3APSK3VN7K"
    },
    {
      "type": "WEB",
      "url": "https://lists.fedoraproject.org/archives/list/package-announce@lists.fedoraproject.org/message/SAPQVX3XDNPGFT26QAQ6AJIXZZBZ4CD4"
    },
    {
      "type": "WEB",
      "url": "http://lists.opensuse.org/opensuse-security-announce/2020-07/msg00067.html"
    },
    {
      "type": "WEB",
      "url": "http://lists.opensuse.org/opensuse-security-announce/2020-07/msg00085.html"
    },
    {
      "type": "WEB",
      "url": "http://lists.opensuse.org/opensuse-security-announce/2020-11/msg00039.html"
    },
    {
      "type": "WEB",
      "url": "http://packetstormsecurity.com/files/162159/jQuery-1.2-Cross-Site-Scripting.html"
    }
  ],
  "affected": [
    {
      "package": {
        "name": "jquery",
        "ecosystem": "npm",
        "purl": "pkg:npm/jquery"
      },
      "ranges": [
        {
          "type": "SEMVER",
          "events": [
            {
              "introduced": "1.2.0"
            },
            {
              "fixed": "3.5.0"
            }
          ]
        }
      ],
      "database_specific": {
        "source": "https://github.com/github/advisory-database/blob/main/advisories/github-reviewed/2020/04/GHSA-gxr4-xjj5-5px2/GHSA-gxr4-xjj5-5px2.json"
      }
    },
    {
      "package": {
        "name": "jquery",
        "ecosystem": "NuGet",
        "purl": "pkg:nuget/jquery"
      },
      "ranges": [
        {
          "type": "ECOSYSTEM",
          "events": [
            {
              "introduced": "1.2.0"
            },
            {
              "fixed": "3.5.0"
            }
          ]
        }
      ],
      "versions": [
        "1.10.0",
        "1.10.0.1",
        "1.10.1",
        "1.10.2",
        "1.11.0",
        "1.11.1",
        "1.11.2",
        "1.11.3",
        "1.12.0",
        "1.12.1",
        "1.12.2",
        "1.12.3",
        "1.12.4",
        "1.4.1",
        "1.4.2",
        "1.4.3",
        "1.4.4",
        "1.5.0",
        "1.5.1",
        "1.5.2",
        "1.6.0",
        "1.6.1",
        "1.6.2",
        "1.6.3",
        "1.6.4",
        "1.7.0",
        "1.7.1",
        "1.7.1.1",
        "1.7.2",
        "1.8.0",
        "1.8.1",
        "1.8.2",
        "1.8.3",
        "1.9.0",
        "1.9.1",
        "2.0.0",
        "2.0.1",
        "2.0.1.1",
        "2.0.2",
        "2.0.3",
        "2.1.0",
        "2.1.1",
        "2.1.2",
        "2.1.3",
        "2.1.4",
        "2.2.0",
        "2.2.1",
        "2.2.2",
        "2.2.3",
        "2.2.4",
        "3.0.0",
        "3.0.0.1",
        "3.1.0",
        "3.1.1",
        "3.2.1",
        "3.3.1",
        "3.4.0",
        "3.4.1"
      ],
      "database_specific": {
        "source": "https://github.com/github/advisory-database/blob/main/advisories/github-reviewed/2020/04/GHSA-gxr4-xjj5-5px2/GHSA-gxr4-xjj5-5px2.json"
      }
    },
    {
      "package": {
        "name": "jquery-rails",
        "ecosystem": "RubyGems",
        "purl": "pkg:gem/jquery-rails"
      },
      "ranges": [
        {
          "type": "ECOSYSTEM",
          "events": [
            {
              "introduced": "0"
            },
            {
              "fixed": "4.4.0"
            }
          ]
        }
      ],
      "versions": [
        "0.1.1",
        "0.1.2",
        "0.1.3",
        "0.2",
        "0.2.1",
        "0.2.2",
        "0.2.3",
        "0.2.4",
        "0.2.5",
        "0.2.6",
        "0.2.7",
        "1.0",
        "1.0.1",
        "1.0.10",
        "1.0.11",
        "1.0.12",
        "1.0.13",
        "1.0.14",
        "1.0.15",
        "1.0.16",
        "1.0.17",
        "1.0.18",
        "1.0.19",
        "1.0.2",
        "1.0.3",
        "1.0.4",
        "1.0.5",
        "1.0.6",
        "1.0.7",
        "1.0.8",
        "1.0.9",
        "1.0.rc",
        "2.0.1",
        "2.0.2",
        "2.0.3",
        "2.1.0",
        "2.1.1",
        "2.1.2",
        "2.1.3",
        "2.1.4",
        "2.2.0",
        "2.2.1",
        "2.2.2",
        "2.3.0",
        "3.0.0",
        "3.0.1",
        "3.0.2",
        "3.0.3",
        "3.0.4",
        "3.1.0",
        "3.1.1",
        "3.1.2",
        "3.1.3",
        "3.1.4",
        "3.1.5",
        "4.0.0",
        "4.0.0.beta1",
        "4.0.0.beta2",
        "4.0.1",
        "4.0.2",
        "4.0.3",
        "4.0.4",
        "4.0.5",
        "4.1.0",
        "4.1.1",
        "4.2.0",
        "4.2.1",
        "4.2.2",
        "4.3.0",
        "4.3.1",
        "4.3.2",
        "4.3.3",
        "4.3.4",
        "4.3.5"
      ],
      "database_specific": {
        "source": "https://github.com/github/advisory-database/blob/main/advisories/github-reviewed/2020/04/GHSA-gxr4-xjj5-5px2/GHSA-gxr4-xjj5-5px2.json"
      }
    },
    {
      "package": {
        "name": "org.webjars.npm:jquery",
        "ecosystem": "Maven",
        "purl": "pkg:maven/org.webjars.npm/jquery"
      },
      "ranges": [
        {
          "type": "ECOSYSTEM",
          "events": [
            {
              "introduced": "1.2.0"
            },
            {
              "fixed": "3.5.0"
            }
          ]
        }
      ],
      "versions": [
        "1.11.0",
        "1.11.1",
        "1.11.3",
        "1.12.1",
        "1.12.2",
        "1.12.3",
        "1.12.4",
        "1.7.2",
        "1.7.3",
        "1.8.2",
        "1.8.3",
        "1.9.1",
        "2.1.0",
        "2.1.1",
        "2.1.1-rc1",
        "2.1.1-rc2",
        "2.1.3",
        "2.1.4",
        "2.2.0",
        "2.2.1",
        "2.2.2",
        "2.2.3",
        "2.2.4",
        "3.0.0",
        "3.0.0-alpha1",
        "3.0.0-beta1",
        "3.0.0-rc1",
        "3.1.0",
        "3.1.1",
        "3.2.0",
        "3.2.1",
        "3.3.0",
        "3.3.1",
        "3.4.0",
        "3.4.1"
      ],
      "database_specific": {
        "source": "https://github.com/github/advisory-database/blob/main/advisories/github-reviewed/2020/04/GHSA-gxr4-xjj5-5px2/GHSA-gxr4-xjj5-5px2.json"
      }
    }
  ],
  "schema_version": "1.6.0",
  "severity": [
    {
      "type": "CVSS_V3",
      "score": "CVSS:3.1/AV:N/AC:H/PR:N/UI:R/S:C/C:H/I:L/A:N"
    }
  ]
}