{
  "id": "GHSA-m44j-cfrm-g8qc",
  "summary": "Bouncy Castle crafted signature and public key can be used to trigger an infinite loop",
  "details": "An issue was discovered in Bouncy Castle Java Cryptography APIs before 1.78. An Ed25519 verification code infinite loop can occur via a crafted signature and public key.",
  "modified": "2024-05-14T20:30:57.372539Z",
  "published": "2024-05-14T15:32:54Z",
  "database_specific": {
    "nvd_published_at": "2024-05-14T15:21:53Z",
    "cwe_ids": [
      "CWE-835"
    ],
    "severity": "MODERATE",
    "github_reviewed": true,
    "github_reviewed_at": "2024-05-14T20:22:06Z"
  },
  "references": [
    {
      "type": "ADVISORY",
      "url": "https://nvd.nist.gov/vuln/detail/CVE-2024-30172"
    },
    {
      "type": "WEB",
      "url": "https://github.com/bcgit/bc-csharp/wiki/CVE%E2%80%902024%E2%80%9030172"
    },
    {
      "type": "WEB",
      "url": "https://github.com/bcgit/bc-java/wiki/CVE%E2%80%902024%E2%80%9030172"
    },
    {
      "type": "WEB",
      "url": "https://www.bouncycastle.org/latest_releases.html"
    }
  ],
  "affected": [
    {
      "package": {
        "name": "org.bouncycastle:bcprov-jdk18on",
        "ecosystem": "Maven",
        "purl": "pkg:maven/org.bouncycastle/bcprov-jdk18on"
      },
      "ranges": [
        {
          "type": "ECOSYSTEM",
          "events": [
            {
              "introduced": "0"
            },
            {
              "fixed": "1.78"
            }
          ]
        }
      ],
      "versions": [
        "1.71",
        "1.71.1",
        "1.72",
        "1.73",
        "1.74",
        "1.75",
        "1.76",
        "1.77"
      ],
      "database_specific": {
        "source": "https://github.com/github/advisory-database/blob/main/advisories/github-reviewed/2024/05/GHSA-m44j-cfrm-g8qc/GHSA-m44j-cfrm-g8qc.json"
      }
    },
    {
      "package": {
        "name": "org.bouncycastle:bcprov-jdk15on",
        "ecosystem": "Maven",
        "purl": "pkg:maven/org.bouncycastle/bcprov-jdk15on"
      },
      "ranges": [
        {
          "type": "ECOSYSTEM",
          "events": [
            {
              "introduced": "0"
            },
            {
              "fixed": "1.78"
            }
          ]
        }
      ],
      "versions": [
        "1.46",
        "1.47",
        "1.48",
        "1.49",
        "1.50",
        "1.51",
        "1.52",
        "1.53",
        "1.54",
        "1.55",
        "1.56",
        "1.57",
        "1.58",
        "1.59",
        "1.60",
        "1.61",
        "1.62",
        "1.63",
        "1.64",
        "1.65",
        "1.65.01",
        "1.66",
        "1.67",
        "1.68",
        "1.69",
        "1.70"
      ],
      "database_specific": {
        "source": "https://github.com/github/advisory-database/blob/main/advisories/github-reviewed/2024/05/GHSA-m44j-cfrm-g8qc/GHSA-m44j-cfrm-g8qc.json"
      }
    },
    {
      "package": {
        "name": "org.bouncycastle:bcprov-jdk15to18",
        "ecosystem": "Maven",
        "purl": "pkg:maven/org.bouncycastle/bcprov-jdk15to18"
      },
      "ranges": [
        {
          "type": "ECOSYSTEM",
          "events": [
            {
              "introduced": "0"
            },
            {
              "fixed": "1.78"
            }
          ]
        }
      ],
      "versions": [
        "1.63",
        "1.64",
        "1.65",
        "1.66",
        "1.67",
        "1.68",
        "1.69",
        "1.70",
        "1.71",
        "1.72",
        "1.73",
        "1.74",
        "1.75",
        "1.76",
        "1.77"
      ],
      "database_specific": {
        "source": "https://github.com/github/advisory-database/blob/main/advisories/github-reviewed/2024/05/GHSA-m44j-cfrm-g8qc/GHSA-m44j-cfrm-g8qc.json"
      }
    },
    {
      "package": {
        "name": "org.bouncycastle:bcprov-jdk14",
        "ecosystem": "Maven",
        "purl": "pkg:maven/org.bouncycastle/bcprov-jdk14"
      },
      "ranges": [
        {
          "type": "ECOSYSTEM",
          "events": [
            {
              "introduced": "0"
            },
            {
              "fixed": "1.78"
            }
          ]
        }
      ],
      "versions": [
        "1.38",
        "1.43",
        "1.44",
        "1.45",
        "1.46",
        "1.47",
        "1.48",
        "1.49",
        "1.50",
        "1.51",
        "1.53",
        "1.54",
        "1.55",
        "1.56",
        "1.57",
        "1.58",
        "1.59",
        "1.60",
        "1.61",
        "1.62",
        "1.63",
        "1.64",
        "1.65",
        "1.67",
        "1.68",
        "1.69",
        "1.70",
        "1.71",
        "1.72",
        "1.73",
        "1.74",
        "1.75",
        "1.76",
        "1.77"
      ],
      "database_specific": {
        "source": "https://github.com/github/advisory-database/blob/main/advisories/github-reviewed/2024/05/GHSA-m44j-cfrm-g8qc/GHSA-m44j-cfrm-g8qc.json"
      }
    },
    {
      "package": {
        "name": "org.bouncycastle:bctls-jdk18on",
        "ecosystem": "Maven",
        "purl": "pkg:maven/org.bouncycastle/bctls-jdk18on"
      },
      "ranges": [
        {
          "type": "ECOSYSTEM",
          "events": [
            {
              "introduced": "0"
            },
            {
              "fixed": "1.78"
            }
          ]
        }
      ],
      "versions": [
        "1.71",
        "1.71.1",
        "1.72",
        "1.73",
        "1.74",
        "1.75",
        "1.76",
        "1.77"
      ],
      "database_specific": {
        "source": "https://github.com/github/advisory-database/blob/main/advisories/github-reviewed/2024/05/GHSA-m44j-cfrm-g8qc/GHSA-m44j-cfrm-g8qc.json"
      }
    },
    {
      "package": {
        "name": "org.bouncycastle:bctls-jdk14",
        "ecosystem": "Maven",
        "purl": "pkg:maven/org.bouncycastle/bctls-jdk14"
      },
      "ranges": [
        {
          "type": "ECOSYSTEM",
          "events": [
            {
              "introduced": "0"
            },
            {
              "fixed": "1.78"
            }
          ]
        }
      ],
      "versions": [
        "1.61",
        "1.62",
        "1.63",
        "1.64",
        "1.65",
        "1.67",
        "1.68",
        "1.69",
        "1.70",
        "1.71",
        "1.72",
        "1.73",
        "1.74",
        "1.75",
        "1.76",
        "1.77"
      ],
      "database_specific": {
        "source": "https://github.com/github/advisory-database/blob/main/advisories/github-reviewed/2024/05/GHSA-m44j-cfrm-g8qc/GHSA-m44j-cfrm-g8qc.json"
      }
    },
    {
      "package": {
        "name": "org.bouncycastle:bctls-jdk15to18",
        "ecosystem": "Maven",
        "purl": "pkg:maven/org.bouncycastle/bctls-jdk15to18"
      },
      "ranges": [
        {
          "type": "ECOSYSTEM",
          "events": [
            {
              "introduced": "0"
            },
            {
              "fixed": "1.78"
            }
          ]
        }
      ],
      "versions": [
        "1.63",
        "1.64",
        "1.65",
        "1.66",
        "1.67",
        "1.68",
        "1.69",
        "1.70",
        "1.71",
        "1.72",
        "1.73",
        "1.74",
        "1.75",
        "1.76",
        "1.77"
      ],
      "database_specific": {
        "source": "https://github.com/github/advisory-database/blob/main/advisories/github-reviewed/2024/05/GHSA-m44j-cfrm-g8qc/GHSA-m44j-cfrm-g8qc.json"
      }
    },
    {
      "package": {
        "name": "org.bouncycastle:bcpkix-jdk18on",
        "ecosystem": "Maven",
        "purl": "pkg:maven/org.bouncycastle/bcpkix-jdk18on"
      },
      "ranges": [
        {
          "type": "ECOSYSTEM",
          "events": [
            {
              "introduced": "0"
            },
            {
              "fixed": "1.78"
            }
          ]
        }
      ],
      "versions": [
        "1.71",
        "1.71.1",
        "1.72",
        "1.73",
        "1.74",
        "1.75",
        "1.76",
        "1.77"
      ],
      "database_specific": {
        "source": "https://github.com/github/advisory-database/blob/main/advisories/github-reviewed/2024/05/GHSA-m44j-cfrm-g8qc/GHSA-m44j-cfrm-g8qc.json"
      }
    },
    {
      "package": {
        "name": "org.bouncycastle:bcpkix-jdk15to18",
        "ecosystem": "Maven",
        "purl": "pkg:maven/org.bouncycastle/bcpkix-jdk15to18"
      },
      "ranges": [
        {
          "type": "ECOSYSTEM",
          "events": [
            {
              "introduced": "0"
            },
            {
              "fixed": "1.78"
            }
          ]
        }
      ],
      "versions": [
        "1.63",
        "1.64",
        "1.65",
        "1.66",
        "1.67",
        "1.68",
        "1.69",
        "1.70",
        "1.71",
        "1.72",
        "1.73",
        "1.74",
        "1.75",
        "1.76",
        "1.77"
      ],
      "database_specific": {
        "source": "https://github.com/github/advisory-database/blob/main/advisories/github-reviewed/2024/05/GHSA-m44j-cfrm-g8qc/GHSA-m44j-cfrm-g8qc.json"
      }
    },
    {
      "package": {
        "name": "org.bouncycastle:bcpkix-jdk14",
        "ecosystem": "Maven",
        "purl": "pkg:maven/org.bouncycastle/bcpkix-jdk14"
      },
      "ranges": [
        {
          "type": "ECOSYSTEM",
          "events": [
            {
              "introduced": "0"
            },
            {
              "fixed": "1.78"
            }
          ]
        }
      ],
      "versions": [
        "1.47",
        "1.48",
        "1.49",
        "1.50",
        "1.51",
        "1.53",
        "1.54",
        "1.55",
        "1.56",
        "1.57",
        "1.58",
        "1.59",
        "1.60",
        "1.61",
        "1.62",
        "1.63",
        "1.64",
        "1.65",
        "1.67",
        "1.68",
        "1.69",
        "1.70",
        "1.71",
        "1.72",
        "1.73",
        "1.74",
        "1.75",
        "1.76",
        "1.77"
      ],
      "database_specific": {
        "source": "https://github.com/github/advisory-database/blob/main/advisories/github-reviewed/2024/05/GHSA-m44j-cfrm-g8qc/GHSA-m44j-cfrm-g8qc.json"
      }
    },
    {
      "package": {
        "name": "BouncyCastle",
        "ecosystem": "NuGet",
        "purl": "pkg:nuget/BouncyCastle"
      },
      "ranges": [
        {
          "type": "ECOSYSTEM",
          "events": [
            {
              "introduced": "0"
            }
          ]
        }
      ],
      "versions": [
        "1.7.0",
        "1.8.1",
        "1.8.2",
        "1.8.3",
        "1.8.3.1",
        "1.8.4",
        "1.8.5",
        "1.8.6",
        "1.8.6.1",
        "1.8.9"
      ],
      "database_specific": {
        "last_known_affected_version_range": "< 2.3.1",
        "source": "https://github.com/github/advisory-database/blob/main/advisories/github-reviewed/2024/05/GHSA-m44j-cfrm-g8qc/GHSA-m44j-cfrm-g8qc.json"
      }
    },
    {
      "package": {
        "name": "BouncyCastle.Cryptography",
        "ecosystem": "NuGet",
        "purl": "pkg:nuget/BouncyCastle.Cryptography"
      },
      "ranges": [
        {
          "type": "ECOSYSTEM",
          "events": [
            {
              "introduced": "0"
            },
            {
              "fixed": "2.3.1"
            }
          ]
        }
      ],
      "versions": [
        "2.0.0",
        "2.1.0",
        "2.1.1",
        "2.2.0",
        "2.2.1",
        "2.3.0"
      ],
      "database_specific": {
        "source": "https://github.com/github/advisory-database/blob/main/advisories/github-reviewed/2024/05/GHSA-m44j-cfrm-g8qc/GHSA-m44j-cfrm-g8qc.json"
      }
    }
  ],
  "schema_version": "1.6.0",
  "severity": [
    {
      "type": "CVSS_V3",
      "score": "CVSS:3.1/AV:N/AC:L/PR:N/UI:N/S:U/C:N/I:N/A:L"
    }
  ]
}