{
  "id": "GHSA-2xwp-7j3p-c78x",
  "summary": "Cross site scripting in SiteServer CMS",
  "details": "SiteServer CMS V6.15.51 is affected by a Cross Site Scripting (XSS) vulnerability.",
  "aliases": [
    "CVE-2021-42656"
  ],
  "modified": "2023-11-08T04:07:07.317998Z",
  "published": "2022-05-25T00:00:37Z",
  "database_specific": {
    "nvd_published_at": "2022-05-24T13:15:00Z",
    "github_reviewed_at": "2022-06-03T15:49:40Z",
    "severity": "MODERATE",
    "github_reviewed": true,
    "cwe_ids": [
      "CWE-79"
    ]
  },
  "references": [
    {
      "type": "ADVISORY",
      "url": "https://nvd.nist.gov/vuln/detail/CVE-2021-42656"
    },
    {
      "type": "WEB",
      "url": "https://github.com/siteserver/cms/issues/3238"
    },
    {
      "type": "PACKAGE",
      "url": "https://github.com/siteserver/cms"
    }
  ],
  "affected": [
    {
      "package": {
        "name": "SSCMS",
        "ecosystem": "NuGet",
        "purl": "pkg:nuget/SSCMS"
      },
      "ranges": [
        {
          "type": "ECOSYSTEM",
          "events": [
            {
              "introduced": "0"
            },
            {
              "last_affected": "6.15.51"
            }
          ]
        }
      ],
      "versions": [
        "1.0.0-preview4"
      ],
      "database_specific": {
        "source": "https://github.com/github/advisory-database/blob/main/advisories/github-reviewed/2022/05/GHSA-2xwp-7j3p-c78x/GHSA-2xwp-7j3p-c78x.json"
      }
    }
  ],
  "schema_version": "1.6.0",
  "severity": [
    {
      "type": "CVSS_V3",
      "score": "CVSS:3.1/AV:N/AC:L/PR:L/UI:R/S:C/C:L/I:L/A:N"
    }
  ]
}