{
  "id": "GHSA-hf3r-vmrv-7w29",
  "summary": "Duplicate Advisory: Denial of service in CBOR library",
  "details": "### Duplicate Advisory\nThis advisory has been withdrawn because it is a duplicate of GHSA-6r92-cgxc-r5fg. This link is maintained to preserve external references.\n\n### Original Description\nPeterO.Cbor versions 4.0.0 through 4.5.0 are vulnerable to a denial of \nservice vulnerability. An attacker may trigger the denial of service \ncondition by providing crafted data to the DecodeFromBytes or other \ndecoding mechanisms in PeterO.Cbor. Depending on the usage of the \nlibrary, an unauthenticated and remote attacker may be able to cause the\n denial of service condition.\n",
  "modified": "2024-02-16T07:50:37.256342Z",
  "published": "2024-01-03T18:30:51Z",
  "withdrawn": "2024-01-03T21:06:15Z",
  "database_specific": {
    "nvd_published_at": "2024-01-03T16:15:09Z",
    "cwe_ids": [
      "CWE-407"
    ],
    "severity": "HIGH",
    "github_reviewed": true,
    "github_reviewed_at": "2024-01-03T21:06:15Z"
  },
  "references": [
    {
      "type": "WEB",
      "url": "https://github.com/peteroupc/CBOR/security/advisories/GHSA-6r92-cgxc-r5fg"
    },
    {
      "type": "ADVISORY",
      "url": "https://nvd.nist.gov/vuln/detail/CVE-2024-21909"
    },
    {
      "type": "WEB",
      "url": "https://github.com/peteroupc/CBOR/commit/b4117dbbb4cd5a4a963f9d0c9aa132f033e15b95"
    },
    {
      "type": "ADVISORY",
      "url": "https://github.com/advisories/GHSA-6r92-cgxc-r5fg"
    },
    {
      "type": "WEB",
      "url": "https://github.com/peteroupc/CBOR/compare/v4.5...v4.5.1"
    },
    {
      "type": "WEB",
      "url": "https://vulncheck.com/advisories/vc-advisory-GHSA-6r92-cgxc-r5fg"
    }
  ],
  "affected": [
    {
      "package": {
        "name": "PeterO.Cbor",
        "ecosystem": "NuGet",
        "purl": "pkg:nuget/PeterO.Cbor"
      },
      "ranges": [
        {
          "type": "ECOSYSTEM",
          "events": [
            {
              "introduced": "4.0.0"
            },
            {
              "fixed": "4.5.1"
            }
          ]
        }
      ],
      "versions": [
        "4.0.0",
        "4.0.1",
        "4.1.0",
        "4.1.1",
        "4.1.2",
        "4.1.3",
        "4.2.0",
        "4.3.0",
        "4.4.0",
        "4.4.1",
        "4.4.2",
        "4.4.4",
        "4.5.0"
      ],
      "database_specific": {
        "source": "https://github.com/github/advisory-database/blob/main/advisories/github-reviewed/2024/01/GHSA-hf3r-vmrv-7w29/GHSA-hf3r-vmrv-7w29.json"
      }
    }
  ],
  "schema_version": "1.6.0"
}