{
  "id": "GHSA-77qc-gp37-hr26",
  "summary": "ChakraCore RCE Vulnerability",
  "details": "The Chakra JavaScript scripting engine in Microsoft Edge allows remote attackers to execute arbitrary code or cause a denial of service (memory corruption) via a crafted web site, aka \"Scripting Engine Memory Corruption Vulnerability,\" a different vulnerability than CVE-2016-7200, CVE-2016-7201, CVE-2016-7202, CVE-2016-7203, CVE-2016-7208, CVE-2016-7240, and CVE-2016-7242.",
  "aliases": [
    "CVE-2016-7243"
  ],
  "modified": "2024-02-16T08:19:55.984693Z",
  "published": "2022-05-14T02:22:17Z",
  "database_specific": {
    "nvd_published_at": "2016-11-10T06:59:00Z",
    "cwe_ids": [
      "CWE-119"
    ],
    "severity": "HIGH",
    "github_reviewed": true,
    "github_reviewed_at": "2023-07-28T23:28:04Z"
  },
  "references": [
    {
      "type": "ADVISORY",
      "url": "https://nvd.nist.gov/vuln/detail/CVE-2016-7243"
    },
    {
      "type": "WEB",
      "url": "https://github.com/chakra-core/ChakraCore/pull/1982"
    },
    {
      "type": "WEB",
      "url": "https://github.com/chakra-core/ChakraCore/commit/c2787ef8fdb7401922e9ec6540e4e5895d11c631"
    },
    {
      "type": "WEB",
      "url": "https://docs.microsoft.com/en-us/security-updates/securitybulletins/2016/ms16-129"
    },
    {
      "type": "PACKAGE",
      "url": "https://github.com/chakra-core/ChakraCore"
    },
    {
      "type": "WEB",
      "url": "https://web.archive.org/web/20210123185242/http://www.securityfocus.com/bid/94047"
    },
    {
      "type": "WEB",
      "url": "https://web.archive.org/web/20211126224744/http://www.securitytracker.com/id/1037245"
    }
  ],
  "affected": [
    {
      "package": {
        "name": "Microsoft.ChakraCore",
        "ecosystem": "NuGet",
        "purl": "pkg:nuget/Microsoft.ChakraCore"
      },
      "ranges": [
        {
          "type": "ECOSYSTEM",
          "events": [
            {
              "introduced": "0"
            },
            {
              "fixed": "1.2.2"
            }
          ]
        }
      ],
      "versions": [
        "1.2.0",
        "1.2.1"
      ],
      "database_specific": {
        "source": "https://github.com/github/advisory-database/blob/main/advisories/github-reviewed/2022/05/GHSA-77qc-gp37-hr26/GHSA-77qc-gp37-hr26.json"
      }
    }
  ],
  "schema_version": "1.6.0",
  "severity": [
    {
      "type": "CVSS_V3",
      "score": "CVSS:3.0/AV:N/AC:H/PR:N/UI:R/S:U/C:H/I:H/A:H"
    }
  ]
}