{
  "id": "GHSA-qqxp-xp9v-vvx6",
  "summary": "jquery-ui Tooltip widget vulnerable to XSS",
  "details": "Cross-site scripting (XSS) vulnerability in the default content option in jquery.ui.tooltip.js in the Tooltip widget in jQuery UI before 1.10.0 allows remote attackers to inject arbitrary web script or HTML via the title attribute, which is not properly handled in the autocomplete combo box demo.",
  "aliases": [
    "CVE-2012-6662"
  ],
  "modified": "2024-02-16T08:00:26.632130Z",
  "published": "2017-10-24T18:33:37Z",
  "database_specific": {
    "nvd_published_at": "2014-11-24T16:59:01Z",
    "cwe_ids": [
      "CWE-79"
    ],
    "severity": "MODERATE",
    "github_reviewed": true,
    "github_reviewed_at": "2020-06-16T21:52:37Z"
  },
  "references": [
    {
      "type": "ADVISORY",
      "url": "https://nvd.nist.gov/vuln/detail/CVE-2012-6662"
    },
    {
      "type": "WEB",
      "url": "https://github.com/jquery/jquery/issues/2432"
    },
    {
      "type": "WEB",
      "url": "https://github.com/jquery/jquery-ui/commit/5fee6fd5000072ff32f2d65b6451f39af9e0e39e"
    },
    {
      "type": "WEB",
      "url": "https://github.com/jquery/jquery-ui/commit/f2854408cce7e4b7fc6bf8676761904af9c96bde"
    },
    {
      "type": "WEB",
      "url": "https://exchange.xforce.ibmcloud.com/vulnerabilities/98697"
    },
    {
      "type": "ADVISORY",
      "url": "https://github.com/advisories/GHSA-qqxp-xp9v-vvx6"
    },
    {
      "type": "PACKAGE",
      "url": "https://github.com/jquery/jquery"
    },
    {
      "type": "WEB",
      "url": "https://github.com/rubysec/ruby-advisory-db/blob/master/gems/jquery-ui-rails/CVE-2012-6662.yml"
    },
    {
      "type": "WEB",
      "url": "http://bugs.jqueryui.com/ticket/8859"
    },
    {
      "type": "WEB",
      "url": "http://bugs.jqueryui.com/ticket/8861"
    },
    {
      "type": "WEB",
      "url": "http://rhn.redhat.com/errata/RHSA-2015-0442.html"
    },
    {
      "type": "WEB",
      "url": "http://rhn.redhat.com/errata/RHSA-2015-1462.html"
    },
    {
      "type": "WEB",
      "url": "http://seclists.org/oss-sec/2014/q4/613"
    },
    {
      "type": "WEB",
      "url": "http://seclists.org/oss-sec/2014/q4/616"
    }
  ],
  "affected": [
    {
      "package": {
        "name": "jquery-ui",
        "ecosystem": "npm",
        "purl": "pkg:npm/jquery-ui"
      },
      "ranges": [
        {
          "type": "SEMVER",
          "events": [
            {
              "introduced": "0"
            },
            {
              "fixed": "1.10.0"
            }
          ]
        }
      ],
      "database_specific": {
        "source": "https://github.com/github/advisory-database/blob/main/advisories/github-reviewed/2017/10/GHSA-qqxp-xp9v-vvx6/GHSA-qqxp-xp9v-vvx6.json"
      }
    },
    {
      "package": {
        "name": "jquery-ui-rails",
        "ecosystem": "RubyGems",
        "purl": "pkg:gem/jquery-ui-rails"
      },
      "ranges": [
        {
          "type": "ECOSYSTEM",
          "events": [
            {
              "introduced": "0"
            },
            {
              "fixed": "4.0.0"
            }
          ]
        }
      ],
      "versions": [
        "0.0.1",
        "0.0.2",
        "0.1.0",
        "0.2.0",
        "0.2.1",
        "0.2.2",
        "0.3.0",
        "0.4.0",
        "0.4.1",
        "0.5.0",
        "1.0.0",
        "1.1.0",
        "1.1.1",
        "2.0.0",
        "2.0.1",
        "2.0.2",
        "3.0.0",
        "3.0.1"
      ],
      "database_specific": {
        "source": "https://github.com/github/advisory-database/blob/main/advisories/github-reviewed/2017/10/GHSA-qqxp-xp9v-vvx6/GHSA-qqxp-xp9v-vvx6.json"
      }
    },
    {
      "package": {
        "name": "org.webjars.npm:jquery-ui",
        "ecosystem": "Maven",
        "purl": "pkg:maven/org.webjars.npm/jquery-ui"
      },
      "ranges": [
        {
          "type": "ECOSYSTEM",
          "events": [
            {
              "introduced": "0"
            },
            {
              "fixed": "1.10.0"
            }
          ]
        }
      ],
      "database_specific": {
        "source": "https://github.com/github/advisory-database/blob/main/advisories/github-reviewed/2017/10/GHSA-qqxp-xp9v-vvx6/GHSA-qqxp-xp9v-vvx6.json"
      }
    },
    {
      "package": {
        "name": "jQuery.UI.Combined",
        "ecosystem": "NuGet",
        "purl": "pkg:nuget/jQuery.UI.Combined"
      },
      "ranges": [
        {
          "type": "ECOSYSTEM",
          "events": [
            {
              "introduced": "0"
            },
            {
              "fixed": "1.10.0"
            }
          ]
        }
      ],
      "versions": [
        "1.8.10",
        "1.8.11",
        "1.8.12",
        "1.8.13",
        "1.8.14",
        "1.8.15",
        "1.8.16",
        "1.8.17",
        "1.8.18",
        "1.8.19",
        "1.8.20",
        "1.8.20.1",
        "1.8.21",
        "1.8.22",
        "1.8.23",
        "1.8.24",
        "1.8.9",
        "1.9.0",
        "1.9.0-RC1",
        "1.9.1",
        "1.9.2"
      ],
      "database_specific": {
        "source": "https://github.com/github/advisory-database/blob/main/advisories/github-reviewed/2017/10/GHSA-qqxp-xp9v-vvx6/GHSA-qqxp-xp9v-vvx6.json"
      }
    }
  ],
  "schema_version": "1.6.0"
}