{
  "id": "GHSA-3885-8gqc-3wpf",
  "summary": "Potential leak of NuGet.org API key",
  "details": "### Description \n\nMicrosoft is releasing this security advisory to provide information about a vulnerability in .NET 6.0 and .NET Core 3.1, NuGet (NuGet.exe, NuGet.Commands, NuGet.CommandLine, NuGet.CommandLine.XPlat version range from 3.5.0 to 6.2.0). This advisory also provides guidance on what developers can do to update their applications to remove this vulnerability.\n\nA vulnerability exists in .NET 6.0, .NET Core 3.1, and NuGet (NuGet.exe, NuGet.Commands, NuGet.CommandLine, NuGet.CommandLine.XPlat version range from 3.5.0 to 6.2.0) where a nuget.org api key could leak due to an incorrect comparison with a server url.\n\n### Affected software \n\n#### NuGet & NuGet Packages\n\n- Any NuGet.exe, NuGet.Commands, NuGet.CommandLine, NuGet.CommandLine.XPlat 6.2.0 version or earlier.\n- Any NuGet.exe, NuGet.Commands, NuGet.CommandLine, NuGet.CommandLine.XPlat 6.0.1 version or earlier.\n- Any NuGet.exe, NuGet.Commands, NuGet.CommandLine, NuGet.CommandLine.XPlat 5.11.1 version or earlier.\n- Any NuGet.exe, NuGet.Commands, NuGet.CommandLine, NuGet.CommandLine.XPlat 5.9.1 version or earlier.\n- Any NuGet.exe, NuGet.Commands, NuGet.CommandLine, NuGet.CommandLine.XPlat 5.7.1 version or earlier.\n- Any NuGet.exe, NuGet.Commands, NuGet.CommandLine, NuGet.CommandLine.XPlat 4.9.4 version or earlier.\n\n#### .NET SDK(s)\n\n- Any .NET 6.0 application running on .NET 6.0.5 or earlier.\n- Any .NET 3.1 application running on .NET Core 3.1.25 or earlier.\n\n### Patches \n\n- If you're using NuGet.exe 6.2.0 or lower, you should download and install 6.2.1 from https://dist.nuget.org/win-x86-commandline/v6.2.1/nuget.exe. \n\n- If you're using NuGet.exe 6.0.1 or lower, you should download and install 6.0.2 from https://dist.nuget.org/win-x86-commandline/v6.0.2/nuget.exe. \n\n- If you're using NuGet.exe 5.11.1 or lower, you should download and install 5.11.2 from https://dist.nuget.org/win-x86-commandline/v5.11.2/nuget.exe. \n\n- If you're using NuGet.exe 5.9.1 or lower, you should download and install 5.9.2 from https://dist.nuget.org/win-x86-commandline/v5.9.2/nuget.exe. \n\n- If you're using NuGet.exe 5.7.1 or lower, you should download and install 5.7.2 from https://dist.nuget.org/win-x86-commandline/v4.7.2/nuget.exe. \n\n- If you're using NuGet.exe 4.9.4 or lower, you should download and install 4.9.5 from https://dist.nuget.org/win-x86-commandline/v4.9.5/nuget.exe. \n\n- If you're using .NET Core 6.0, you should download and install Runtime 6.0.6 or SDK 6.0.106 (for Visual Studio 2022 v17.0) or SDK 6.0.301 (for Visual Studio 2022 v17.2)  from https://dotnet.microsoft.com/download/dotnet-core/6.0. \n\n- If you're using .NET Core 3.1, you should download and install Runtime 3.1.26 or SDK 3.1.420 (for Visual Studio 2019 v16.9 or Visual Studio 2011 16.11 or Visual Studio 2022 17.0 or Visual Studio 2022 17.1 ) from https://dotnet.microsoft.com/download/dotnet-core/3.1 \n\n.NET 6.0 and .NET Core 3.1 updates are also available from Microsoft Update. To access this either type \"Check for updates\" in your Windows search, or open Settings, choose Update & Security and then click Check for Updates. \n\n### Other Details \n\nAnnouncement for this issue can be found at https://github.com/NuGet/Announcements/issues/62\n \nMSRC details for this can be found at\u202fhttps://msrc.microsoft.com/update-guide/en-US/vulnerability/CVE-2022-30184",
  "aliases": [
    "BIT-dotnet-2022-30184",
    "BIT-dotnet-sdk-2022-30184",
    "CVE-2022-30184"
  ],
  "modified": "2024-03-22T19:46:23.127529Z",
  "published": "2022-06-14T21:57:52Z",
  "database_specific": {
    "nvd_published_at": "2022-06-15T22:15:00Z",
    "cwe_ids": [],
    "severity": "MODERATE",
    "github_reviewed": true,
    "github_reviewed_at": "2022-06-14T21:57:52Z"
  },
  "references": [
    {
      "type": "WEB",
      "url": "https://github.com/NuGet/NuGet.Client/security/advisories/GHSA-3885-8gqc-3wpf"
    },
    {
      "type": "ADVISORY",
      "url": "https://nvd.nist.gov/vuln/detail/CVE-2022-30184"
    },
    {
      "type": "WEB",
      "url": "https://github.com/NuGet/Home/issues/11883#issuecomment-1156194755"
    },
    {
      "type": "WEB",
      "url": "https://github.com/NuGet/NuGet.Client/commit/ec6e62a645ec6b53a8784bf4571cac7786fd700b#diff-9e678e6dcc29381eb7c564f0e75ffc3ffc35458eca412c35b6404340b698d074R58-R65"
    },
    {
      "type": "PACKAGE",
      "url": "https://github.com/NuGet/NuGet.Client"
    },
    {
      "type": "WEB",
      "url": "https://lists.fedoraproject.org/archives/list/package-announce%40lists.fedoraproject.org/message/DMP34G53EA2DBTBLFOAQCDZRRENE2EA2"
    },
    {
      "type": "WEB",
      "url": "https://lists.fedoraproject.org/archives/list/package-announce%40lists.fedoraproject.org/message/XWNH4AC3LFVX35MDRX5OBZDGD2AMH66K"
    },
    {
      "type": "WEB",
      "url": "https://lists.fedoraproject.org/archives/list/package-announce@lists.fedoraproject.org/message/DMP34G53EA2DBTBLFOAQCDZRRENE2EA2"
    },
    {
      "type": "WEB",
      "url": "https://lists.fedoraproject.org/archives/list/package-announce@lists.fedoraproject.org/message/XWNH4AC3LFVX35MDRX5OBZDGD2AMH66K"
    },
    {
      "type": "WEB",
      "url": "https://portal.msrc.microsoft.com/en-US/security-guidance/advisory/CVE-2022-30184"
    }
  ],
  "affected": [
    {
      "package": {
        "name": "NuGet.Commands",
        "ecosystem": "NuGet",
        "purl": "pkg:nuget/NuGet.Commands"
      },
      "ranges": [
        {
          "type": "ECOSYSTEM",
          "events": [
            {
              "introduced": "3.5.0"
            },
            {
              "fixed": "4.9.5"
            }
          ]
        }
      ],
      "versions": [
        "3.5.0",
        "4.0.0",
        "4.0.0-rc-2048",
        "4.0.0-rc2",
        "4.0.0-rc3",
        "4.0.0-rtm-2265",
        "4.0.0-rtm-2283",
        "4.1.0",
        "4.2.0",
        "4.3.0",
        "4.3.0-beta1-2418",
        "4.3.0-preview3-4168",
        "4.3.0-preview4",
        "4.3.0-rtm-4324",
        "4.3.1",
        "4.4.0",
        "4.4.0-preview3-4475",
        "4.5.0",
        "4.5.0-rtm-4651",
        "4.6.0",
        "4.6.0-rtm-4791",
        "4.6.0-rtm-4825",
        "4.6.0-rtm-4918",
        "4.6.1",
        "4.6.2",
        "4.6.3",
        "4.6.4",
        "4.7.0-preview1-4986"
      ],
      "database_specific": {
        "source": "https://github.com/github/advisory-database/blob/main/advisories/github-reviewed/2022/06/GHSA-3885-8gqc-3wpf/GHSA-3885-8gqc-3wpf.json"
      }
    },
    {
      "package": {
        "name": "NuGet.CommandLine",
        "ecosystem": "NuGet",
        "purl": "pkg:nuget/NuGet.CommandLine"
      },
      "ranges": [
        {
          "type": "ECOSYSTEM",
          "events": [
            {
              "introduced": "3.5.0"
            },
            {
              "fixed": "4.9.5"
            }
          ]
        }
      ],
      "versions": [
        "3.5.0",
        "4.0.0-rc2",
        "4.1.0",
        "4.3.0",
        "4.3.0-preview3-4168",
        "4.3.1",
        "4.4.1",
        "4.4.1-svc",
        "4.5.0",
        "4.5.1",
        "4.6.2",
        "4.6.3",
        "4.6.4",
        "4.7.1",
        "4.7.2",
        "4.7.3",
        "4.8.2",
        "4.9.2",
        "4.9.3",
        "4.9.4"
      ],
      "database_specific": {
        "source": "https://github.com/github/advisory-database/blob/main/advisories/github-reviewed/2022/06/GHSA-3885-8gqc-3wpf/GHSA-3885-8gqc-3wpf.json"
      }
    },
    {
      "package": {
        "name": "NuGet.CommandLine.XPlat",
        "ecosystem": "NuGet",
        "purl": "pkg:nuget/NuGet.CommandLine.XPlat"
      },
      "ranges": [
        {
          "type": "ECOSYSTEM",
          "events": [
            {
              "introduced": "3.5.0"
            },
            {
              "fixed": "4.9.5"
            }
          ]
        }
      ],
      "versions": [
        "3.5.0",
        "4.0.0-rc-2048",
        "4.0.0-rc2",
        "4.0.0-rc3",
        "4.0.0-rtm-2265",
        "4.0.0-rtm-2283",
        "4.1.0",
        "4.2.0",
        "4.3.0",
        "4.3.0-beta1-2418",
        "4.3.0-preview3-4168",
        "4.3.0-preview4",
        "4.3.0-rtm-4324",
        "4.3.1",
        "4.4.0",
        "4.4.0-preview3-4475",
        "4.5.0",
        "4.5.0-rtm-4651",
        "4.6.0",
        "4.6.0-rtm-4791",
        "4.6.0-rtm-4825",
        "4.6.0-rtm-4918",
        "4.6.1",
        "4.6.2",
        "4.6.3",
        "4.6.4",
        "4.7.0-preview1-4986"
      ],
      "database_specific": {
        "source": "https://github.com/github/advisory-database/blob/main/advisories/github-reviewed/2022/06/GHSA-3885-8gqc-3wpf/GHSA-3885-8gqc-3wpf.json"
      }
    },
    {
      "package": {
        "name": "NuGet.Commands",
        "ecosystem": "NuGet",
        "purl": "pkg:nuget/NuGet.Commands"
      },
      "ranges": [
        {
          "type": "ECOSYSTEM",
          "events": [
            {
              "introduced": "5.0.0"
            },
            {
              "fixed": "5.2.1"
            }
          ]
        }
      ],
      "database_specific": {
        "source": "https://github.com/github/advisory-database/blob/main/advisories/github-reviewed/2022/06/GHSA-3885-8gqc-3wpf/GHSA-3885-8gqc-3wpf.json"
      },
      "versions": []
    },
    {
      "package": {
        "name": "NuGet.Commands",
        "ecosystem": "NuGet",
        "purl": "pkg:nuget/NuGet.Commands"
      },
      "ranges": [
        {
          "type": "ECOSYSTEM",
          "events": [
            {
              "introduced": "5.3.0"
            },
            {
              "fixed": "5.7.2"
            }
          ]
        }
      ],
      "versions": [
        "5.7.1"
      ],
      "database_specific": {
        "source": "https://github.com/github/advisory-database/blob/main/advisories/github-reviewed/2022/06/GHSA-3885-8gqc-3wpf/GHSA-3885-8gqc-3wpf.json"
      }
    },
    {
      "package": {
        "name": "NuGet.Commands",
        "ecosystem": "NuGet",
        "purl": "pkg:nuget/NuGet.Commands"
      },
      "ranges": [
        {
          "type": "ECOSYSTEM",
          "events": [
            {
              "introduced": "5.8.0"
            },
            {
              "fixed": "5.9.2"
            }
          ]
        }
      ],
      "versions": [
        "5.9.0",
        "5.9.1"
      ],
      "database_specific": {
        "source": "https://github.com/github/advisory-database/blob/main/advisories/github-reviewed/2022/06/GHSA-3885-8gqc-3wpf/GHSA-3885-8gqc-3wpf.json"
      }
    },
    {
      "package": {
        "name": "NuGet.Commands",
        "ecosystem": "NuGet",
        "purl": "pkg:nuget/NuGet.Commands"
      },
      "ranges": [
        {
          "type": "ECOSYSTEM",
          "events": [
            {
              "introduced": "5.10.0"
            },
            {
              "fixed": "5.11.2"
            }
          ]
        }
      ],
      "versions": [
        "5.10.0",
        "5.11.0"
      ],
      "database_specific": {
        "source": "https://github.com/github/advisory-database/blob/main/advisories/github-reviewed/2022/06/GHSA-3885-8gqc-3wpf/GHSA-3885-8gqc-3wpf.json"
      }
    },
    {
      "package": {
        "name": "NuGet.Commands",
        "ecosystem": "NuGet",
        "purl": "pkg:nuget/NuGet.Commands"
      },
      "ranges": [
        {
          "type": "ECOSYSTEM",
          "events": [
            {
              "introduced": "6.0.0"
            },
            {
              "fixed": "6.0.2"
            }
          ]
        }
      ],
      "versions": [
        "6.0.0"
      ],
      "database_specific": {
        "source": "https://github.com/github/advisory-database/blob/main/advisories/github-reviewed/2022/06/GHSA-3885-8gqc-3wpf/GHSA-3885-8gqc-3wpf.json"
      }
    },
    {
      "package": {
        "name": "NuGet.Commands",
        "ecosystem": "NuGet",
        "purl": "pkg:nuget/NuGet.Commands"
      },
      "ranges": [
        {
          "type": "ECOSYSTEM",
          "events": [
            {
              "introduced": "6.1.0"
            },
            {
              "fixed": "6.2.1"
            }
          ]
        }
      ],
      "versions": [
        "6.1.0",
        "6.2.0"
      ],
      "database_specific": {
        "source": "https://github.com/github/advisory-database/blob/main/advisories/github-reviewed/2022/06/GHSA-3885-8gqc-3wpf/GHSA-3885-8gqc-3wpf.json"
      }
    },
    {
      "package": {
        "name": "NuGet.CommandLine",
        "ecosystem": "NuGet",
        "purl": "pkg:nuget/NuGet.CommandLine"
      },
      "ranges": [
        {
          "type": "ECOSYSTEM",
          "events": [
            {
              "introduced": "5.0.0"
            },
            {
              "fixed": "5.2.1"
            }
          ]
        }
      ],
      "versions": [
        "5.0.2",
        "5.1.0",
        "5.2.0"
      ],
      "database_specific": {
        "source": "https://github.com/github/advisory-database/blob/main/advisories/github-reviewed/2022/06/GHSA-3885-8gqc-3wpf/GHSA-3885-8gqc-3wpf.json"
      }
    },
    {
      "package": {
        "name": "NuGet.CommandLine",
        "ecosystem": "NuGet",
        "purl": "pkg:nuget/NuGet.CommandLine"
      },
      "ranges": [
        {
          "type": "ECOSYSTEM",
          "events": [
            {
              "introduced": "5.3.0"
            },
            {
              "fixed": "5.7.2"
            }
          ]
        }
      ],
      "versions": [
        "5.3.0",
        "5.3.1",
        "5.4.0",
        "5.5.1",
        "5.6.0",
        "5.7.0",
        "5.7.1"
      ],
      "database_specific": {
        "source": "https://github.com/github/advisory-database/blob/main/advisories/github-reviewed/2022/06/GHSA-3885-8gqc-3wpf/GHSA-3885-8gqc-3wpf.json"
      }
    },
    {
      "package": {
        "name": "NuGet.CommandLine",
        "ecosystem": "NuGet",
        "purl": "pkg:nuget/NuGet.CommandLine"
      },
      "ranges": [
        {
          "type": "ECOSYSTEM",
          "events": [
            {
              "introduced": "5.8.0"
            },
            {
              "fixed": "5.9.2"
            }
          ]
        }
      ],
      "versions": [
        "5.8.0",
        "5.8.1",
        "5.9.1"
      ],
      "database_specific": {
        "source": "https://github.com/github/advisory-database/blob/main/advisories/github-reviewed/2022/06/GHSA-3885-8gqc-3wpf/GHSA-3885-8gqc-3wpf.json"
      }
    },
    {
      "package": {
        "name": "NuGet.CommandLine",
        "ecosystem": "NuGet",
        "purl": "pkg:nuget/NuGet.CommandLine"
      },
      "ranges": [
        {
          "type": "ECOSYSTEM",
          "events": [
            {
              "introduced": "5.10.0"
            },
            {
              "fixed": "5.11.2"
            }
          ]
        }
      ],
      "versions": [
        "5.10.0",
        "5.11.0"
      ],
      "database_specific": {
        "source": "https://github.com/github/advisory-database/blob/main/advisories/github-reviewed/2022/06/GHSA-3885-8gqc-3wpf/GHSA-3885-8gqc-3wpf.json"
      }
    },
    {
      "package": {
        "name": "NuGet.CommandLine",
        "ecosystem": "NuGet",
        "purl": "pkg:nuget/NuGet.CommandLine"
      },
      "ranges": [
        {
          "type": "ECOSYSTEM",
          "events": [
            {
              "introduced": "6.0.0"
            },
            {
              "fixed": "6.0.2"
            }
          ]
        }
      ],
      "versions": [
        "6.0.0"
      ],
      "database_specific": {
        "source": "https://github.com/github/advisory-database/blob/main/advisories/github-reviewed/2022/06/GHSA-3885-8gqc-3wpf/GHSA-3885-8gqc-3wpf.json"
      }
    },
    {
      "package": {
        "name": "NuGet.CommandLine",
        "ecosystem": "NuGet",
        "purl": "pkg:nuget/NuGet.CommandLine"
      },
      "ranges": [
        {
          "type": "ECOSYSTEM",
          "events": [
            {
              "introduced": "6.1.0"
            },
            {
              "fixed": "6.2.1"
            }
          ]
        }
      ],
      "versions": [
        "6.1.0",
        "6.2.0"
      ],
      "database_specific": {
        "source": "https://github.com/github/advisory-database/blob/main/advisories/github-reviewed/2022/06/GHSA-3885-8gqc-3wpf/GHSA-3885-8gqc-3wpf.json"
      }
    },
    {
      "package": {
        "name": "NuGet.CommandLine.XPlat",
        "ecosystem": "NuGet",
        "purl": "pkg:nuget/NuGet.CommandLine.XPlat"
      },
      "ranges": [
        {
          "type": "ECOSYSTEM",
          "events": [
            {
              "introduced": "5.0.0"
            },
            {
              "fixed": "5.2.1"
            }
          ]
        }
      ],
      "database_specific": {
        "source": "https://github.com/github/advisory-database/blob/main/advisories/github-reviewed/2022/06/GHSA-3885-8gqc-3wpf/GHSA-3885-8gqc-3wpf.json"
      },
      "versions": []
    },
    {
      "package": {
        "name": "NuGet.CommandLine.XPlat",
        "ecosystem": "NuGet",
        "purl": "pkg:nuget/NuGet.CommandLine.XPlat"
      },
      "ranges": [
        {
          "type": "ECOSYSTEM",
          "events": [
            {
              "introduced": "5.3.0"
            },
            {
              "fixed": "5.7.2"
            }
          ]
        }
      ],
      "versions": [
        "5.7.1"
      ],
      "database_specific": {
        "source": "https://github.com/github/advisory-database/blob/main/advisories/github-reviewed/2022/06/GHSA-3885-8gqc-3wpf/GHSA-3885-8gqc-3wpf.json"
      }
    },
    {
      "package": {
        "name": "NuGet.CommandLine.XPlat",
        "ecosystem": "NuGet",
        "purl": "pkg:nuget/NuGet.CommandLine.XPlat"
      },
      "ranges": [
        {
          "type": "ECOSYSTEM",
          "events": [
            {
              "introduced": "5.8.0"
            },
            {
              "fixed": "5.9.2"
            }
          ]
        }
      ],
      "versions": [
        "5.9.0",
        "5.9.1"
      ],
      "database_specific": {
        "source": "https://github.com/github/advisory-database/blob/main/advisories/github-reviewed/2022/06/GHSA-3885-8gqc-3wpf/GHSA-3885-8gqc-3wpf.json"
      }
    },
    {
      "package": {
        "name": "NuGet.CommandLine.XPlat",
        "ecosystem": "NuGet",
        "purl": "pkg:nuget/NuGet.CommandLine.XPlat"
      },
      "ranges": [
        {
          "type": "ECOSYSTEM",
          "events": [
            {
              "introduced": "5.10.0"
            },
            {
              "fixed": "5.11.2"
            }
          ]
        }
      ],
      "versions": [
        "5.10.0",
        "5.11.0"
      ],
      "database_specific": {
        "source": "https://github.com/github/advisory-database/blob/main/advisories/github-reviewed/2022/06/GHSA-3885-8gqc-3wpf/GHSA-3885-8gqc-3wpf.json"
      }
    },
    {
      "package": {
        "name": "NuGet.CommandLine.XPlat",
        "ecosystem": "NuGet",
        "purl": "pkg:nuget/NuGet.CommandLine.XPlat"
      },
      "ranges": [
        {
          "type": "ECOSYSTEM",
          "events": [
            {
              "introduced": "6.0.0"
            },
            {
              "fixed": "6.0.2"
            }
          ]
        }
      ],
      "versions": [
        "6.0.0"
      ],
      "database_specific": {
        "source": "https://github.com/github/advisory-database/blob/main/advisories/github-reviewed/2022/06/GHSA-3885-8gqc-3wpf/GHSA-3885-8gqc-3wpf.json"
      }
    },
    {
      "package": {
        "name": "NuGet.CommandLine.XPlat",
        "ecosystem": "NuGet",
        "purl": "pkg:nuget/NuGet.CommandLine.XPlat"
      },
      "ranges": [
        {
          "type": "ECOSYSTEM",
          "events": [
            {
              "introduced": "6.1.0"
            },
            {
              "fixed": "6.2.1"
            }
          ]
        }
      ],
      "versions": [
        "6.1.0",
        "6.2.0"
      ],
      "database_specific": {
        "source": "https://github.com/github/advisory-database/blob/main/advisories/github-reviewed/2022/06/GHSA-3885-8gqc-3wpf/GHSA-3885-8gqc-3wpf.json"
      }
    }
  ],
  "schema_version": "1.6.0",
  "severity": [
    {
      "type": "CVSS_V3",
      "score": "CVSS:3.1/AV:L/AC:L/PR:N/UI:R/S:U/C:H/I:N/A:N"
    }
  ]
}