{
  "id": "GHSA-frcx-xc72-c4v4",
  "summary": "Use of Sha-1 in tusdotnet",
  "details": "# Withdrawn\n\nAfter reviewing this CVE, we have withdrawn this advisory due to it not having actual security impact.\n\n# Original Advisory\n\nThe client in tusdotnet through 2.5.0 relies on SHA-1 to prevent spoofing of file content.",
  "modified": "2024-02-17T05:34:18.640499Z",
  "published": "2021-11-29T18:09:08Z",
  "withdrawn": "2021-11-30T21:33:03Z",
  "database_specific": {
    "nvd_published_at": "2021-11-22T22:15:00Z",
    "cwe_ids": [
      "CWE-327"
    ],
    "severity": "LOW",
    "github_reviewed": true,
    "github_reviewed_at": "2021-11-23T19:18:34Z"
  },
  "references": [
    {
      "type": "ADVISORY",
      "url": "https://nvd.nist.gov/vuln/detail/CVE-2021-44150"
    },
    {
      "type": "WEB",
      "url": "https://github.com/github/advisory-database/issues/2324"
    },
    {
      "type": "WEB",
      "url": "https://github.com/tusdotnet/tusdotnet/issues/157"
    },
    {
      "type": "PACKAGE",
      "url": "https://github.com/tusdotnet/tusdotnet"
    },
    {
      "type": "WEB",
      "url": "https://shattered.io"
    }
  ],
  "affected": [
    {
      "package": {
        "name": "tusdotnet",
        "ecosystem": "NuGet",
        "purl": "pkg:nuget/tusdotnet"
      },
      "ranges": [
        {
          "type": "ECOSYSTEM",
          "events": [
            {
              "introduced": "0"
            },
            {
              "last_affected": "2.5.0"
            }
          ]
        }
      ],
      "versions": [
        "1.0.0",
        "1.1.0",
        "1.2.0",
        "1.3.0",
        "1.4.0",
        "2.0.0",
        "2.1.0",
        "2.1.1",
        "2.1.2",
        "2.1.3",
        "2.2.0",
        "2.2.1",
        "2.2.2",
        "2.3.0",
        "2.4.0",
        "2.5.0"
      ],
      "database_specific": {
        "source": "https://github.com/github/advisory-database/blob/main/advisories/github-reviewed/2021/11/GHSA-frcx-xc72-c4v4/GHSA-frcx-xc72-c4v4.json"
      }
    }
  ],
  "schema_version": "1.6.0",
  "severity": [
    {
      "type": "CVSS_V3",
      "score": "CVSS:3.1/AV:N/AC:H/PR:L/UI:N/S:U/C:N/I:L/A:N"
    }
  ]
}