{
  "id": "GHSA-g6j2-ch25-5mmv",
  "summary": "Missing Token Replay Detection in Saml2 Authentication services for ASP.NET",
  "details": "### Impact\nToken Replay Detection is an important defence in depth measure for Single Sign On solutions. In all previous 2.X versions, the Token Replay Detection is not properly implemented. \n\nNote that version 1.0.1 is not affected. It has a correct Token Replay Implementation and is safe to use.\n\n### Patches\nThe 2.5.0 version is patched.\n\n### Workarounds\nThere are no workarounds with existing versions. Fixing the issue requires code updates.\n\n### References\nhttps://en.wikipedia.org/wiki/Replay_attack\n\n### For more information\nIf you have any questions or comments about this advisory:\n* Comment on #711.\n* Email us at [security@sustainsys.com](mailto:security@susatinsys.com) if you think that there are further security issues.",
  "aliases": [
    "CVE-2020-5261"
  ],
  "modified": "2023-11-08T04:03:53.457807Z",
  "published": "2020-03-25T16:52:49Z",
  "database_specific": {
    "nvd_published_at": "2020-03-25T02:15:00Z",
    "github_reviewed_at": "2020-03-25T01:16:34Z",
    "severity": "HIGH",
    "github_reviewed": true,
    "cwe_ids": [
      "CWE-294"
    ]
  },
  "references": [
    {
      "type": "WEB",
      "url": "https://github.com/Sustainsys/Saml2/security/advisories/GHSA-g6j2-ch25-5mmv"
    },
    {
      "type": "ADVISORY",
      "url": "https://nvd.nist.gov/vuln/detail/CVE-2020-5261"
    },
    {
      "type": "WEB",
      "url": "https://github.com/Sustainsys/Saml2/issues/711"
    },
    {
      "type": "WEB",
      "url": "https://github.com/Sustainsys/Saml2/commit/e58e0a1aff2b1ead6aca080b7cdced55ee6d5241"
    }
  ],
  "affected": [
    {
      "package": {
        "name": "Sustainsys.Saml2",
        "ecosystem": "NuGet",
        "purl": "pkg:nuget/Sustainsys.Saml2"
      },
      "ranges": [
        {
          "type": "ECOSYSTEM",
          "events": [
            {
              "introduced": "2.0.0"
            },
            {
              "fixed": "2.5.0"
            }
          ]
        }
      ],
      "versions": [
        "2.0.0",
        "2.1.0",
        "2.2.0",
        "2.3.0",
        "2.4.0"
      ],
      "database_specific": {
        "source": "https://github.com/github/advisory-database/blob/main/advisories/github-reviewed/2020/03/GHSA-g6j2-ch25-5mmv/GHSA-g6j2-ch25-5mmv.json"
      }
    }
  ],
  "schema_version": "1.6.0",
  "severity": [
    {
      "type": "CVSS_V3",
      "score": "CVSS:3.1/AV:N/AC:H/PR:L/UI:N/S:C/C:H/I:H/A:N"
    }
  ]
}