{
  "id": "GHSA-5f6p-4hxq-rjxm",
  "summary": "Umbraco CMS vulnerable to CSRF",
  "details": "Umbraco before 7.4.0 allows remote attackers to bypass anti-forgery security measures and conduct cross-site request forgery (CSRF) attacks as demonstrated by editing user account information in the `templates.asmx.cs` file.",
  "aliases": [
    "CVE-2015-8814"
  ],
  "modified": "2023-11-08T03:58:03.257019Z",
  "published": "2022-05-17T02:56:23Z",
  "database_specific": {
    "nvd_published_at": "2017-03-03T16:59:00Z",
    "cwe_ids": [
      "CWE-352"
    ],
    "severity": "HIGH",
    "github_reviewed": true,
    "github_reviewed_at": "2023-08-03T22:11:00Z"
  },
  "references": [
    {
      "type": "ADVISORY",
      "url": "https://nvd.nist.gov/vuln/detail/CVE-2015-8814"
    },
    {
      "type": "WEB",
      "url": "https://github.com/umbraco/Umbraco-CMS/commit/18c3345e47663a358a042652e697b988d6a380eb"
    },
    {
      "type": "WEB",
      "url": "https://web.archive.org/web/20230608152113/https://issues.umbraco.org/issue/U4-7459"
    },
    {
      "type": "WEB",
      "url": "http://www.openwall.com/lists/oss-security/2016/02/16/10"
    }
  ],
  "affected": [
    {
      "package": {
        "name": "Umbraco.CMS",
        "ecosystem": "NuGet",
        "purl": "pkg:nuget/Umbraco.CMS"
      },
      "ranges": [
        {
          "type": "ECOSYSTEM",
          "events": [
            {
              "introduced": "0"
            },
            {
              "fixed": "7.4.0"
            }
          ]
        }
      ],
      "database_specific": {
        "source": "https://github.com/github/advisory-database/blob/main/advisories/github-reviewed/2022/05/GHSA-5f6p-4hxq-rjxm/GHSA-5f6p-4hxq-rjxm.json"
      },
      "versions": []
    }
  ],
  "schema_version": "1.6.0",
  "severity": [
    {
      "type": "CVSS_V3",
      "score": "CVSS:3.0/AV:N/AC:L/PR:N/UI:R/S:U/C:H/I:H/A:H"
    }
  ]
}