{
  "id": "GHSA-qj93-37f5-mr29",
  "summary": "Improper Input Validation in IpMatcher",
  "details": "An Input Validation Vulnerability exists in Joel Christner .NET C# packages WatsonWebserver, IpMatcher 1.0.4.1 and below (IpMatcher) and 4.1.3 and below (WatsonWebserver) due to insufficient validation of input IP addresses and netmasks against the internal Matcher list of IP addresses and subnets.",
  "aliases": [
    "CVE-2021-33318"
  ],
  "modified": "2024-02-16T08:15:03.400630Z",
  "published": "2022-05-17T00:00:35Z",
  "database_specific": {
    "nvd_published_at": "2022-05-16T16:15:00Z",
    "cwe_ids": [
      "CWE-20",
      "CWE-704"
    ],
    "severity": "CRITICAL",
    "github_reviewed": true,
    "github_reviewed_at": "2022-05-25T19:26:55Z"
  },
  "references": [
    {
      "type": "ADVISORY",
      "url": "https://nvd.nist.gov/vuln/detail/CVE-2021-33318"
    },
    {
      "type": "WEB",
      "url": "https://github.com/jchristn/IpMatcher/commit/81d77c2f33aa912dbd032b34b9e184fc6e041d89"
    },
    {
      "type": "PACKAGE",
      "url": "https://github.com/jchristn/IpMatcher"
    },
    {
      "type": "WEB",
      "url": "https://github.com/jchristn/WatsonWebserver"
    },
    {
      "type": "WEB",
      "url": "https://github.com/kaoudis/advisories/blob/main/0-2021.md"
    }
  ],
  "affected": [
    {
      "package": {
        "name": "IpMatcher",
        "ecosystem": "NuGet",
        "purl": "pkg:nuget/IpMatcher"
      },
      "ranges": [
        {
          "type": "ECOSYSTEM",
          "events": [
            {
              "introduced": "0"
            },
            {
              "fixed": "1.0.4.2"
            }
          ]
        }
      ],
      "versions": [
        "1.0.0",
        "1.0.1",
        "1.0.3",
        "1.0.4",
        "1.0.4.1"
      ],
      "database_specific": {
        "last_known_affected_version_range": "<= 1.0.4.1",
        "source": "https://github.com/github/advisory-database/blob/main/advisories/github-reviewed/2022/05/GHSA-qj93-37f5-mr29/GHSA-qj93-37f5-mr29.json"
      }
    }
  ],
  "schema_version": "1.6.0",
  "severity": [
    {
      "type": "CVSS_V3",
      "score": "CVSS:3.1/AV:N/AC:L/PR:N/UI:N/S:U/C:H/I:H/A:H"
    }
  ]
}