{
  "id": "GHSA-fv2h-753j-9g39",
  "summary": "Sustainsys.Saml2 Insufficient Identity Provider Issuer Validation",
  "details": "### Impact\nWhen a response is processed, the issuer of the Identity Provider is not sufficiently validated. This could allow a malicious identity provider to craft a Saml2 response that is processed as if issued by another identity provider. It is also possible for a malicious end user to cause stored state intended for one identity provider to be used when processing the response from another provider.\n\nAn application is impacted if they rely on any of these features in their authentication/authorization logic:\n* the issuer of the generated identity and claims\n* items in the stored request state (AuthenticationProperties)\n\n### Patches\nPatched in version 2.9.2 and 1.0.3. All previous versions are vulnerable.\n\n### Workarounds\nThe `AcsCommandResultCreated` notification can be used to add the validation required if an upgrade to patched packages is not possible.\n\n### References\nThe patch is linked to https://github.com/Sustainsys/Saml2/issues/712 and https://github.com/Sustainsys/Saml2/issues/713\n",
  "aliases": [
    "CVE-2023-41890"
  ],
  "modified": "2024-02-16T08:23:15.848582Z",
  "published": "2023-09-20T23:01:52Z",
  "database_specific": {
    "nvd_published_at": "2023-09-19T15:15:52Z",
    "cwe_ids": [
      "CWE-289"
    ],
    "severity": "HIGH",
    "github_reviewed": true,
    "github_reviewed_at": "2023-09-20T23:01:52Z"
  },
  "references": [
    {
      "type": "WEB",
      "url": "https://github.com/Sustainsys/Saml2/security/advisories/GHSA-fv2h-753j-9g39"
    },
    {
      "type": "ADVISORY",
      "url": "https://nvd.nist.gov/vuln/detail/CVE-2023-41890"
    },
    {
      "type": "WEB",
      "url": "https://github.com/Sustainsys/Saml2/issues/712"
    },
    {
      "type": "WEB",
      "url": "https://github.com/Sustainsys/Saml2/issues/713"
    },
    {
      "type": "PACKAGE",
      "url": "https://github.com/Sustainsys/Saml2"
    }
  ],
  "affected": [
    {
      "package": {
        "name": "Sustainsys.Saml2",
        "ecosystem": "NuGet",
        "purl": "pkg:nuget/Sustainsys.Saml2"
      },
      "ranges": [
        {
          "type": "ECOSYSTEM",
          "events": [
            {
              "introduced": "0"
            },
            {
              "fixed": "1.0.3"
            }
          ]
        }
      ],
      "versions": [
        "0.23.0",
        "0.24.0",
        "1.0.0",
        "1.0.1",
        "1.0.2"
      ],
      "database_specific": {
        "source": "https://github.com/github/advisory-database/blob/main/advisories/github-reviewed/2023/09/GHSA-fv2h-753j-9g39/GHSA-fv2h-753j-9g39.json"
      }
    },
    {
      "package": {
        "name": "Sustainsys.Saml2",
        "ecosystem": "NuGet",
        "purl": "pkg:nuget/Sustainsys.Saml2"
      },
      "ranges": [
        {
          "type": "ECOSYSTEM",
          "events": [
            {
              "introduced": "2.0.0"
            },
            {
              "fixed": "2.9.2"
            }
          ]
        }
      ],
      "versions": [
        "2.0.0",
        "2.1.0",
        "2.2.0",
        "2.3.0",
        "2.4.0",
        "2.5.0",
        "2.6.0",
        "2.7.0",
        "2.8.0",
        "2.9.0",
        "2.9.1"
      ],
      "database_specific": {
        "source": "https://github.com/github/advisory-database/blob/main/advisories/github-reviewed/2023/09/GHSA-fv2h-753j-9g39/GHSA-fv2h-753j-9g39.json"
      }
    }
  ],
  "schema_version": "1.6.0",
  "severity": [
    {
      "type": "CVSS_V3",
      "score": "CVSS:3.1/AV:N/AC:L/PR:N/UI:N/S:U/C:N/I:H/A:N"
    }
  ]
}