{
  "id": "GHSA-75p2-hgw4-g7f7",
  "summary": "AutoUpdater.NET allows XXE",
  "details": "AutoUpdater.cs in AutoUpdater.NET before 1.5.8 allows XXE.",
  "aliases": [
    "CVE-2019-20627"
  ],
  "modified": "2024-02-16T08:20:37.944786Z",
  "published": "2022-05-24T17:12:10Z",
  "database_specific": {
    "nvd_published_at": "2020-03-23T17:15:00Z",
    "cwe_ids": [
      "CWE-611"
    ],
    "severity": "CRITICAL",
    "github_reviewed": true,
    "github_reviewed_at": "2023-07-18T22:29:18Z"
  },
  "references": [
    {
      "type": "ADVISORY",
      "url": "https://nvd.nist.gov/vuln/detail/CVE-2019-20627"
    },
    {
      "type": "WEB",
      "url": "https://github.com/ravibpatel/AutoUpdater.NET/commit/1dc25f2bea6ea522dbac1512b5563c4746d539c3"
    },
    {
      "type": "PACKAGE",
      "url": "https://github.com/ravibpatel/AutoUpdater.NET"
    },
    {
      "type": "WEB",
      "url": "https://github.com/ravibpatel/AutoUpdater.NET/releases/tag/v1.5.8"
    },
    {
      "type": "WEB",
      "url": "https://www.doyler.net/security-not-included/autoupdater-net-vulnerability"
    }
  ],
  "affected": [
    {
      "package": {
        "name": "Autoupdater.NET.Official",
        "ecosystem": "NuGet",
        "purl": "pkg:nuget/Autoupdater.NET.Official"
      },
      "ranges": [
        {
          "type": "ECOSYSTEM",
          "events": [
            {
              "introduced": "0"
            },
            {
              "fixed": "1.5.8"
            }
          ]
        }
      ],
      "versions": [
        "1.3.2",
        "1.4.0",
        "1.4.1",
        "1.4.10",
        "1.4.11",
        "1.4.2",
        "1.4.3",
        "1.4.4",
        "1.4.5",
        "1.4.6",
        "1.4.7",
        "1.4.8",
        "1.4.9",
        "1.5.0",
        "1.5.1",
        "1.5.2",
        "1.5.3",
        "1.5.4",
        "1.5.5",
        "1.5.6",
        "1.5.7"
      ],
      "database_specific": {
        "source": "https://github.com/github/advisory-database/blob/main/advisories/github-reviewed/2022/05/GHSA-75p2-hgw4-g7f7/GHSA-75p2-hgw4-g7f7.json"
      }
    }
  ],
  "schema_version": "1.6.0",
  "severity": [
    {
      "type": "CVSS_V3",
      "score": "CVSS:3.1/AV:N/AC:L/PR:N/UI:N/S:U/C:H/I:H/A:H"
    }
  ]
}