{
  "id": "GHSA-365p-96qv-xr7g",
  "summary": "ASP.NET Core allow an elevation of privilege",
  "details": "ASP.NET Core 1.0. 1.1, and 2.0 allow an elevation of privilege vulnerability due to how web applications that are created from templates validate web requests, aka \"ASP.NET Core Elevation Of Privilege Vulnerability\".",
  "aliases": [
    "CVE-2018-0787"
  ],
  "modified": "2023-11-08T03:59:31.092789Z",
  "published": "2018-10-16T19:56:59Z",
  "database_specific": {
    "nvd_published_at": null,
    "github_reviewed_at": "2020-06-16T20:54:14Z",
    "severity": "HIGH",
    "github_reviewed": true,
    "cwe_ids": [
      "CWE-640"
    ]
  },
  "references": [
    {
      "type": "ADVISORY",
      "url": "https://nvd.nist.gov/vuln/detail/CVE-2018-0787"
    },
    {
      "type": "WEB",
      "url": "https://github.com/aspnet/Announcements/issues/295"
    },
    {
      "type": "ADVISORY",
      "url": "https://github.com/advisories/GHSA-365p-96qv-xr7g"
    },
    {
      "type": "WEB",
      "url": "https://portal.msrc.microsoft.com/en-US/security-guidance/advisory/CVE-2018-0787"
    },
    {
      "type": "WEB",
      "url": "http://www.securityfocus.com/bid/103282"
    },
    {
      "type": "WEB",
      "url": "http://www.securitytracker.com/id/1040525"
    }
  ],
  "affected": [
    {
      "package": {
        "name": "Microsoft.AspNetCore.HttpOverrides",
        "ecosystem": "NuGet",
        "purl": "pkg:nuget/Microsoft.AspNetCore.HttpOverrides"
      },
      "ranges": [
        {
          "type": "ECOSYSTEM",
          "events": [
            {
              "introduced": "2.0.0"
            },
            {
              "fixed": "2.0.2"
            }
          ]
        }
      ],
      "versions": [
        "2.0.0",
        "2.0.1"
      ],
      "database_specific": {
        "last_known_affected_version_range": "<= 2.0.1",
        "source": "https://github.com/github/advisory-database/blob/main/advisories/github-reviewed/2018/10/GHSA-365p-96qv-xr7g/GHSA-365p-96qv-xr7g.json"
      }
    },
    {
      "package": {
        "name": "Microsoft.AspNetCore.Server.Kestrel.Core",
        "ecosystem": "NuGet",
        "purl": "pkg:nuget/Microsoft.AspNetCore.Server.Kestrel.Core"
      },
      "ranges": [
        {
          "type": "ECOSYSTEM",
          "events": [
            {
              "introduced": "2.0.0"
            },
            {
              "fixed": "2.0.2"
            }
          ]
        }
      ],
      "versions": [
        "2.0.0",
        "2.0.1"
      ],
      "database_specific": {
        "last_known_affected_version_range": "<= 2.0.1",
        "source": "https://github.com/github/advisory-database/blob/main/advisories/github-reviewed/2018/10/GHSA-365p-96qv-xr7g/GHSA-365p-96qv-xr7g.json"
      }
    }
  ],
  "schema_version": "1.6.0",
  "severity": [
    {
      "type": "CVSS_V3",
      "score": "CVSS:3.0/AV:N/AC:L/PR:N/UI:R/S:U/C:H/I:H/A:H"
    }
  ]
}