{
  "id": "GHSA-h9h7-4jfm-3fxr",
  "summary": "ChakraCore RCE Vulnerability",
  "details": "ChakraCore and Microsoft Edge in Microsoft Windows 10 Gold, 1511, 1607, 1703, 1709, and Windows Server 2016 allows remote code execution, due to how the Chakra scripting engine handles objects in memory, aka \"Chakra Scripting Engine Memory Corruption Vulnerability\". This CVE ID is unique from CVE-2018-0873, CVE-2018-0874, CVE-2018-0930, CVE-2018-0931, CVE-2018-0933, CVE-2018-0934, CVE-2018-0936, and CVE-2018-0937.",
  "aliases": [
    "CVE-2018-0872"
  ],
  "modified": "2024-02-16T08:11:12.866306Z",
  "published": "2022-05-13T01:18:35Z",
  "database_specific": {
    "nvd_published_at": "2018-03-14T17:29:00Z",
    "cwe_ids": [
      "CWE-787"
    ],
    "severity": "HIGH",
    "github_reviewed": true,
    "github_reviewed_at": "2023-07-20T18:09:40Z"
  },
  "references": [
    {
      "type": "ADVISORY",
      "url": "https://nvd.nist.gov/vuln/detail/CVE-2018-0872"
    },
    {
      "type": "WEB",
      "url": "https://github.com/chakra-core/ChakraCore/commit/8b229ce07220eb81c81329566df9b01fea571d1a"
    },
    {
      "type": "PACKAGE",
      "url": "https://github.com/chakra-core/ChakraCore"
    },
    {
      "type": "WEB",
      "url": "https://portal.msrc.microsoft.com/en-US/security-guidance/advisory/CVE-2018-0872"
    },
    {
      "type": "WEB",
      "url": "https://web.archive.org/web/20210124144651/http://www.securityfocus.com/bid/103267"
    },
    {
      "type": "WEB",
      "url": "https://web.archive.org/web/20211026192005/http://www.securitytracker.com/id/1040507"
    }
  ],
  "affected": [
    {
      "package": {
        "name": "Microsoft.ChakraCore",
        "ecosystem": "NuGet",
        "purl": "pkg:nuget/Microsoft.ChakraCore"
      },
      "ranges": [
        {
          "type": "ECOSYSTEM",
          "events": [
            {
              "introduced": "0"
            },
            {
              "fixed": "1.8.2"
            }
          ]
        }
      ],
      "versions": [
        "1.2.0",
        "1.2.1",
        "1.2.2",
        "1.2.3",
        "1.2.6.62716-preview",
        "1.3.0",
        "1.3.1",
        "1.3.2",
        "1.4.0",
        "1.4.1",
        "1.4.2",
        "1.4.3",
        "1.4.4",
        "1.4.5",
        "1.5.0",
        "1.5.1",
        "1.5.2",
        "1.5.3",
        "1.6.0",
        "1.6.2",
        "1.7.0",
        "1.7.1",
        "1.7.2",
        "1.7.3",
        "1.7.4",
        "1.7.5",
        "1.7.6",
        "1.8.0",
        "1.8.1"
      ],
      "database_specific": {
        "source": "https://github.com/github/advisory-database/blob/main/advisories/github-reviewed/2022/05/GHSA-h9h7-4jfm-3fxr/GHSA-h9h7-4jfm-3fxr.json"
      }
    }
  ],
  "schema_version": "1.6.0",
  "severity": [
    {
      "type": "CVSS_V3",
      "score": "CVSS:3.0/AV:N/AC:H/PR:N/UI:R/S:U/C:H/I:H/A:H"
    }
  ]
}