{
  "id": "GHSA-8rfx-6mr3-5jh3",
  "summary": "Duplicate Advisory: Improper Handling of Exceptional Conditions in Newtonsoft.Json",
  "details": "### Duplicate Advisory\nThis advisory has been withdrawn because it is a duplicate of GHSA-5crp-9r3c-p9vr. This link is maintained to preserve external references.\n\n### Original Description\nNewtonsoft.Json before version 13.0.1 is affected by a mishandling of exceptional conditions vulnerability. Crafted data that is passed to the JsonConvert.DeserializeObject method may trigger a StackOverflow exception resulting in denial of service. Depending on the usage of the library, an unauthenticated and remote attacker may be able to cause the denial of service condition.\n",
  "modified": "2024-02-18T05:30:36.388516Z",
  "published": "2024-01-03T18:30:51Z",
  "withdrawn": "2024-01-03T20:06:13Z",
  "database_specific": {
    "nvd_published_at": "2024-01-03T16:15:08Z",
    "cwe_ids": [
      "CWE-755"
    ],
    "severity": "HIGH",
    "github_reviewed": true,
    "github_reviewed_at": "2024-01-03T20:06:13Z"
  },
  "references": [
    {
      "type": "ADVISORY",
      "url": "https://nvd.nist.gov/vuln/detail/CVE-2024-21907"
    },
    {
      "type": "WEB",
      "url": "https://github.com/JamesNK/Newtonsoft.Json/issues/2457"
    },
    {
      "type": "WEB",
      "url": "https://github.com/JamesNK/Newtonsoft.Json/pull/2462"
    },
    {
      "type": "WEB",
      "url": "https://github.com/JamesNK/Newtonsoft.Json/commit/7e77bbe1beccceac4fc7b174b53abfefac278b66"
    },
    {
      "type": "WEB",
      "url": "https://alephsecurity.com/2018/10/22/StackOverflowException"
    },
    {
      "type": "WEB",
      "url": "https://alephsecurity.com/vulns/aleph-2018004"
    },
    {
      "type": "ADVISORY",
      "url": "https://github.com/advisories/GHSA-5crp-9r3c-p9vr"
    },
    {
      "type": "WEB",
      "url": "https://security.snyk.io/vuln/SNYK-DOTNET-NEWTONSOFTJSON-2774678"
    },
    {
      "type": "WEB",
      "url": "https://vulncheck.com/advisories/vc-advisory-GHSA-5crp-9r3c-p9vr"
    }
  ],
  "affected": [
    {
      "package": {
        "name": "Newtonsoft.Json",
        "ecosystem": "NuGet",
        "purl": "pkg:nuget/Newtonsoft.Json"
      },
      "ranges": [
        {
          "type": "ECOSYSTEM",
          "events": [
            {
              "introduced": "0"
            },
            {
              "fixed": "13.0.1"
            }
          ]
        }
      ],
      "versions": [
        "10.0.1",
        "10.0.1-beta1",
        "10.0.2",
        "10.0.3",
        "11.0.1",
        "11.0.1-beta1",
        "11.0.1-beta2",
        "11.0.1-beta3",
        "11.0.2",
        "12.0.1",
        "12.0.1-beta1",
        "12.0.1-beta2",
        "12.0.2",
        "12.0.2-beta1",
        "12.0.2-beta2",
        "12.0.2-beta3",
        "12.0.3",
        "12.0.3-beta1",
        "12.0.3-beta2",
        "13.0.1-beta1",
        "13.0.1-beta2",
        "3.5.8",
        "4.0.1",
        "4.0.2",
        "4.0.3",
        "4.0.4",
        "4.0.5",
        "4.0.6",
        "4.0.7",
        "4.0.8",
        "4.5.1",
        "4.5.10",
        "4.5.11",
        "4.5.2",
        "4.5.3",
        "4.5.4",
        "4.5.5",
        "4.5.6",
        "4.5.7",
        "4.5.8",
        "4.5.9",
        "5.0.1",
        "5.0.2",
        "5.0.3",
        "5.0.4",
        "5.0.5",
        "5.0.6",
        "5.0.7",
        "5.0.8",
        "6.0.1",
        "6.0.1-beta1",
        "6.0.2",
        "6.0.3",
        "6.0.4",
        "6.0.5",
        "6.0.6",
        "6.0.7",
        "6.0.8",
        "7.0.1",
        "7.0.1-beta1",
        "7.0.1-beta2",
        "7.0.1-beta3",
        "8.0.1",
        "8.0.1-beta1",
        "8.0.1-beta2",
        "8.0.1-beta3",
        "8.0.1-beta4",
        "8.0.2",
        "8.0.3",
        "8.0.4-beta1",
        "9.0.1",
        "9.0.1-beta1",
        "9.0.2-beta1",
        "9.0.2-beta2"
      ],
      "database_specific": {
        "source": "https://github.com/github/advisory-database/blob/main/advisories/github-reviewed/2024/01/GHSA-8rfx-6mr3-5jh3/GHSA-8rfx-6mr3-5jh3.json"
      }
    }
  ],
  "schema_version": "1.6.0"
}