{
  "id": "GHSA-jpcq-cgw6-v4j6",
  "summary": "Potential XSS vulnerability in jQuery",
  "details": "### Impact\nPassing HTML containing `<option>` elements from untrusted sources - even after sanitizing them - to one of jQuery's DOM manipulation methods (i.e. `.html()`, `.append()`, and others) may execute untrusted code.\n\n### Patches\nThis problem is patched in jQuery 3.5.0.\n\n### Workarounds\nTo workaround this issue without upgrading, use [DOMPurify](https://github.com/cure53/DOMPurify) with its `SAFE_FOR_JQUERY` option to sanitize the HTML string before passing it to a jQuery method.\n\n### References\nhttps://blog.jquery.com/2020/04/10/jquery-3-5-0-released/\n\n### For more information\nIf you have any questions or comments about this advisory, search for a relevant issue in [the jQuery repo](https://github.com/jquery/jquery/issues). If you don't find an answer, open a new issue.",
  "aliases": [
    "BIT-drupal-2020-11023",
    "CVE-2020-11023"
  ],
  "modified": "2024-03-10T05:16:52.161176Z",
  "published": "2020-04-29T22:19:14Z",
  "database_specific": {
    "nvd_published_at": "2020-04-29T21:15:00Z",
    "cwe_ids": [
      "CWE-79"
    ],
    "severity": "MODERATE",
    "github_reviewed": true,
    "github_reviewed_at": "2020-04-29T21:04:50Z"
  },
  "references": [
    {
      "type": "WEB",
      "url": "https://github.com/jquery/jquery/security/advisories/GHSA-jpcq-cgw6-v4j6"
    },
    {
      "type": "ADVISORY",
      "url": "https://nvd.nist.gov/vuln/detail/CVE-2020-11023"
    },
    {
      "type": "WEB",
      "url": "https://lists.fedoraproject.org/archives/list/package-announce@lists.fedoraproject.org/message/SFP4UK4EGP4AFH2MWYJ5A5Z4I7XVFQ6B"
    },
    {
      "type": "WEB",
      "url": "https://lists.fedoraproject.org/archives/list/package-announce@lists.fedoraproject.org/message/SAPQVX3XDNPGFT26QAQ6AJIXZZBZ4CD4"
    },
    {
      "type": "WEB",
      "url": "https://lists.fedoraproject.org/archives/list/package-announce@lists.fedoraproject.org/message/QPN2L2XVQGUA2V5HNQJWHK3APSK3VN7K"
    },
    {
      "type": "WEB",
      "url": "https://lists.fedoraproject.org/archives/list/package-announce@lists.fedoraproject.org/message/AVKYXLWCLZBV2N7M46KYK4LVA5OXWPBY"
    },
    {
      "type": "WEB",
      "url": "https://lists.debian.org/debian-lts-announce/2023/08/msg00040.html"
    },
    {
      "type": "WEB",
      "url": "https://lists.debian.org/debian-lts-announce/2021/03/msg00033.html"
    },
    {
      "type": "WEB",
      "url": "https://lists.apache.org/thread.html/rf661a90a15da8da5922ba6127b3f5f8194d4ebec8855d60a0dd13248@%3Cdev.hive.apache.org%3E"
    },
    {
      "type": "WEB",
      "url": "https://lists.apache.org/thread.html/rf1ba79e564fe7efc56aef7c986106f1cf67a3427d08e997e088e7a93@%3Cgitbox.hive.apache.org%3E"
    },
    {
      "type": "WEB",
      "url": "https://lists.apache.org/thread.html/rf0f8939596081d84be1ae6a91d6248b96a02d8388898c372ac807817@%3Cdev.felix.apache.org%3E"
    },
    {
      "type": "WEB",
      "url": "https://lists.apache.org/thread.html/ree3bd8ddb23df5fa4e372d11c226830ea3650056b1059f3965b3fce2@%3Cissues.flink.apache.org%3E"
    },
    {
      "type": "WEB",
      "url": "https://lists.apache.org/thread.html/rede9cfaa756e050a3d83045008f84a62802fc68c17f2b4eabeaae5e4@%3Cissues.flink.apache.org%3E"
    },
    {
      "type": "WEB",
      "url": "https://lists.apache.org/thread.html/re4ae96fa5c1a2fe71ccbb7b7ac1538bd0cb677be270a2bf6e2f8d108@%3Cissues.flink.apache.org%3E"
    },
    {
      "type": "WEB",
      "url": "https://lists.apache.org/thread.html/rda99599896c3667f2cc9e9d34c7b6ef5d2bbed1f4801e1d75a2b0679@%3Ccommits.nifi.apache.org%3E"
    },
    {
      "type": "WEB",
      "url": "https://lists.apache.org/thread.html/rd38b4185a797b324c8dd940d9213cf99fcdc2dbf1fc5a63ba7dee8c9@%3Cissues.hive.apache.org%3E"
    },
    {
      "type": "WEB",
      "url": "https://lists.apache.org/thread.html/rbb448222ba62c430e21e13f940be4cb5cfc373cd3bce56b48c0ffa67@%3Cdev.flink.apache.org%3E"
    },
    {
      "type": "WEB",
      "url": "https://lists.apache.org/thread.html/rb69b7d8217c1a6a2100247a5d06ce610836b31e3f5d73fc113ded8e7@%3Cissues.hive.apache.org%3E"
    },
    {
      "type": "WEB",
      "url": "https://security.gentoo.org/glsa/202007-03"
    },
    {
      "type": "WEB",
      "url": "https://security.netapp.com/advisory/ntap-20200511-0006"
    },
    {
      "type": "WEB",
      "url": "https://security.snyk.io/vuln/SNYK-DOTNET-JQUERY-565440"
    },
    {
      "type": "WEB",
      "url": "https://www.debian.org/security/2020/dsa-4693"
    },
    {
      "type": "WEB",
      "url": "https://www.drupal.org/sa-core-2020-002"
    },
    {
      "type": "WEB",
      "url": "https://www.oracle.com//security-alerts/cpujul2021.html"
    },
    {
      "type": "WEB",
      "url": "https://www.oracle.com/security-alerts/cpuApr2021.html"
    },
    {
      "type": "WEB",
      "url": "https://www.oracle.com/security-alerts/cpuapr2022.html"
    },
    {
      "type": "WEB",
      "url": "https://www.oracle.com/security-alerts/cpujan2021.html"
    },
    {
      "type": "WEB",
      "url": "https://www.oracle.com/security-alerts/cpujan2022.html"
    },
    {
      "type": "WEB",
      "url": "https://www.oracle.com/security-alerts/cpujul2020.html"
    },
    {
      "type": "WEB",
      "url": "https://www.oracle.com/security-alerts/cpujul2022.html"
    },
    {
      "type": "WEB",
      "url": "https://www.oracle.com/security-alerts/cpuoct2020.html"
    },
    {
      "type": "WEB",
      "url": "https://www.oracle.com/security-alerts/cpuoct2021.html"
    },
    {
      "type": "WEB",
      "url": "https://www.tenable.com/security/tns-2021-02"
    },
    {
      "type": "WEB",
      "url": "https://www.tenable.com/security/tns-2021-10"
    },
    {
      "type": "WEB",
      "url": "https://lists.apache.org/thread.html/r54565a8f025c7c4f305355fdfd75b68eca442eebdb5f31c2e7d977ae@%3Cissues.flink.apache.org%3E"
    },
    {
      "type": "WEB",
      "url": "https://lists.apache.org/thread.html/r4dba67be3239b34861f1b9cfdf9dfb3a90272585dcce374112ed6e16@%3Cdev.felix.apache.org%3E"
    },
    {
      "type": "WEB",
      "url": "https://lists.apache.org/thread.html/r4aadb98086ca72ed75391f54167522d91489a0d0ae25b12baa8fc7c5@%3Cissues.hive.apache.org%3E"
    },
    {
      "type": "WEB",
      "url": "https://lists.apache.org/thread.html/r49ce4243b4738dd763caeb27fa8ad6afb426ae3e8c011ff00b8b1f48@%3Cissues.flink.apache.org%3E"
    },
    {
      "type": "WEB",
      "url": "https://lists.apache.org/thread.html/r3702ede0ff83a29ba3eb418f6f11c473d6e3736baba981a8dbd9c9ef@%3Cdev.felix.apache.org%3E"
    },
    {
      "type": "WEB",
      "url": "https://lists.apache.org/thread.html/r2c85121a47442036c7f8353a3724aa04f8ecdfda1819d311ba4f5330@%3Cdev.felix.apache.org%3E"
    },
    {
      "type": "WEB",
      "url": "https://lists.apache.org/thread.html/r1fed19c860a0d470f2a3eded12795772c8651ff583ef951ddac4918c@%3Cgitbox.hive.apache.org%3E"
    },
    {
      "type": "WEB",
      "url": "https://lists.apache.org/thread.html/r094f435595582f6b5b24b66fedf80543aa8b1d57a3688fbcc21f06ec@%3Cissues.hive.apache.org%3E"
    },
    {
      "type": "WEB",
      "url": "https://lists.apache.org/thread.html/r07ab379471fb15644bf7a92e4a98cbc7df3cf4e736abae0cc7625fe6@%3Cdev.felix.apache.org%3E"
    },
    {
      "type": "WEB",
      "url": "https://lists.apache.org/thread.html/r0593393ca1e97b1e7e098fe69d414d6bd0a467148e9138d07e86ebbb@%3Cissues.hive.apache.org%3E"
    },
    {
      "type": "WEB",
      "url": "https://lists.apache.org/thread.html/r0483ba0072783c2e1bfea613984bfb3c86e73ba8879d780dc1cc7d36@%3Cissues.flink.apache.org%3E"
    },
    {
      "type": "WEB",
      "url": "https://jquery.com/upgrade-guide/3.5"
    },
    {
      "type": "WEB",
      "url": "https://github.com/rubysec/ruby-advisory-db/blob/master/gems/jquery-rails/CVE-2020-11023.yml"
    },
    {
      "type": "WEB",
      "url": "https://github.com/jquery/jquery/releases/tag/3.5.0"
    },
    {
      "type": "PACKAGE",
      "url": "https://github.com/jquery/jquery"
    },
    {
      "type": "WEB",
      "url": "https://blog.jquery.com/2020/04/10/jquery-3-5-0-released"
    },
    {
      "type": "WEB",
      "url": "https://lists.apache.org/thread.html/rb25c3bc7418ae75cba07988dafe1b6912f76a9dd7d94757878320d61@%3Cgitbox.hive.apache.org%3E"
    },
    {
      "type": "WEB",
      "url": "https://lists.apache.org/thread.html/radcb2aa874a79647789f3563fcbbceaf1045a029ee8806b59812a8ea@%3Cissues.hive.apache.org%3E"
    },
    {
      "type": "WEB",
      "url": "https://lists.apache.org/thread.html/rab82dd040f302018c85bd07d33f5604113573514895ada523c3401d9@%3Ccommits.hive.apache.org%3E"
    },
    {
      "type": "WEB",
      "url": "https://lists.apache.org/thread.html/ra406b3adfcffcb5ce8707013bdb7c35e3ffc2776a8a99022f15274c6@%3Cissues.hive.apache.org%3E"
    },
    {
      "type": "WEB",
      "url": "https://lists.apache.org/thread.html/ra3c9219fcb0b289e18e9ec5a5ebeaa5c17d6b79a201667675af6721c@%3Cgitbox.hive.apache.org%3E"
    },
    {
      "type": "WEB",
      "url": "https://lists.apache.org/thread.html/ra374bb0299b4aa3e04edde01ebc03ed6f90cf614dad40dd428ce8f72@%3Cgitbox.hive.apache.org%3E"
    },
    {
      "type": "WEB",
      "url": "https://lists.apache.org/thread.html/ra32c7103ded9041c7c1cb8c12c8d125a6b2f3f3270e2937ef8417fac@%3Cgitbox.hive.apache.org%3E"
    },
    {
      "type": "WEB",
      "url": "https://lists.apache.org/thread.html/r9e0bd31b7da9e7403478d22652b8760c946861f8ebd7bd750844898e@%3Cdev.felix.apache.org%3E"
    },
    {
      "type": "WEB",
      "url": "https://lists.apache.org/thread.html/r9c5fda81e4bca8daee305b4c03283dddb383ab8428a151d4cb0b3b15@%3Cissues.hive.apache.org%3E"
    },
    {
      "type": "WEB",
      "url": "https://lists.apache.org/thread.html/r9006ad2abf81d02a0ef2126bab5177987e59095b7194a487c4ea247c@%3Ccommits.felix.apache.org%3E"
    },
    {
      "type": "WEB",
      "url": "https://lists.apache.org/thread.html/r8f70b0f65d6bedf316ecd899371fd89e65333bc988f6326d2956735c@%3Cissues.flink.apache.org%3E"
    },
    {
      "type": "WEB",
      "url": "https://lists.apache.org/thread.html/r706cfbc098420f7113968cc377247ec3d1439bce42e679c11c609e2d@%3Cissues.flink.apache.org%3E"
    },
    {
      "type": "WEB",
      "url": "https://lists.apache.org/thread.html/r6e97b37963926f6059ecc1e417721608723a807a76af41d4e9dbed49@%3Cissues.hive.apache.org%3E"
    },
    {
      "type": "WEB",
      "url": "https://lists.apache.org/thread.html/r6c4df3b33e625a44471009a172dabe6865faec8d8f21cac2303463b1@%3Cissues.hive.apache.org%3E"
    },
    {
      "type": "WEB",
      "url": "https://lists.apache.org/thread.html/r564585d97bc069137e64f521e68ba490c7c9c5b342df5d73c49a0760@%3Cissues.flink.apache.org%3E"
    },
    {
      "type": "WEB",
      "url": "https://lists.apache.org/thread.html/r55f5e066cc7301e3630ce90bbbf8d28c82212ae1f2d4871012141494@%3Cdev.felix.apache.org%3E"
    },
    {
      "type": "WEB",
      "url": "http://lists.opensuse.org/opensuse-security-announce/2020-07/msg00067.html"
    },
    {
      "type": "WEB",
      "url": "http://lists.opensuse.org/opensuse-security-announce/2020-07/msg00085.html"
    },
    {
      "type": "WEB",
      "url": "http://lists.opensuse.org/opensuse-security-announce/2020-11/msg00039.html"
    },
    {
      "type": "WEB",
      "url": "http://packetstormsecurity.com/files/162160/jQuery-1.0.3-Cross-Site-Scripting.html"
    }
  ],
  "affected": [
    {
      "package": {
        "name": "jquery",
        "ecosystem": "npm",
        "purl": "pkg:npm/jquery"
      },
      "ranges": [
        {
          "type": "SEMVER",
          "events": [
            {
              "introduced": "1.0.3"
            },
            {
              "fixed": "3.5.0"
            }
          ]
        }
      ],
      "database_specific": {
        "source": "https://github.com/github/advisory-database/blob/main/advisories/github-reviewed/2020/04/GHSA-jpcq-cgw6-v4j6/GHSA-jpcq-cgw6-v4j6.json"
      }
    },
    {
      "package": {
        "name": "jquery-rails",
        "ecosystem": "RubyGems",
        "purl": "pkg:gem/jquery-rails"
      },
      "ranges": [
        {
          "type": "ECOSYSTEM",
          "events": [
            {
              "introduced": "0"
            },
            {
              "fixed": "4.4.0"
            }
          ]
        }
      ],
      "versions": [
        "0.1.1",
        "0.1.2",
        "0.1.3",
        "0.2",
        "0.2.1",
        "0.2.2",
        "0.2.3",
        "0.2.4",
        "0.2.5",
        "0.2.6",
        "0.2.7",
        "1.0",
        "1.0.1",
        "1.0.10",
        "1.0.11",
        "1.0.12",
        "1.0.13",
        "1.0.14",
        "1.0.15",
        "1.0.16",
        "1.0.17",
        "1.0.18",
        "1.0.19",
        "1.0.2",
        "1.0.3",
        "1.0.4",
        "1.0.5",
        "1.0.6",
        "1.0.7",
        "1.0.8",
        "1.0.9",
        "1.0.rc",
        "2.0.1",
        "2.0.2",
        "2.0.3",
        "2.1.0",
        "2.1.1",
        "2.1.2",
        "2.1.3",
        "2.1.4",
        "2.2.0",
        "2.2.1",
        "2.2.2",
        "2.3.0",
        "3.0.0",
        "3.0.1",
        "3.0.2",
        "3.0.3",
        "3.0.4",
        "3.1.0",
        "3.1.1",
        "3.1.2",
        "3.1.3",
        "3.1.4",
        "3.1.5",
        "4.0.0",
        "4.0.0.beta1",
        "4.0.0.beta2",
        "4.0.1",
        "4.0.2",
        "4.0.3",
        "4.0.4",
        "4.0.5",
        "4.1.0",
        "4.1.1",
        "4.2.0",
        "4.2.1",
        "4.2.2",
        "4.3.0",
        "4.3.1",
        "4.3.2",
        "4.3.3",
        "4.3.4",
        "4.3.5"
      ],
      "database_specific": {
        "source": "https://github.com/github/advisory-database/blob/main/advisories/github-reviewed/2020/04/GHSA-jpcq-cgw6-v4j6/GHSA-jpcq-cgw6-v4j6.json"
      }
    },
    {
      "package": {
        "name": "jQuery",
        "ecosystem": "NuGet",
        "purl": "pkg:nuget/jQuery"
      },
      "ranges": [
        {
          "type": "ECOSYSTEM",
          "events": [
            {
              "introduced": "1.0.3"
            },
            {
              "fixed": "3.5.0"
            }
          ]
        }
      ],
      "versions": [
        "1.10.0",
        "1.10.0.1",
        "1.10.1",
        "1.10.2",
        "1.11.0",
        "1.11.1",
        "1.11.2",
        "1.11.3",
        "1.12.0",
        "1.12.1",
        "1.12.2",
        "1.12.3",
        "1.12.4",
        "1.4.1",
        "1.4.2",
        "1.4.3",
        "1.4.4",
        "1.5.0",
        "1.5.1",
        "1.5.2",
        "1.6.0",
        "1.6.1",
        "1.6.2",
        "1.6.3",
        "1.6.4",
        "1.7.0",
        "1.7.1",
        "1.7.1.1",
        "1.7.2",
        "1.8.0",
        "1.8.1",
        "1.8.2",
        "1.8.3",
        "1.9.0",
        "1.9.1",
        "2.0.0",
        "2.0.1",
        "2.0.1.1",
        "2.0.2",
        "2.0.3",
        "2.1.0",
        "2.1.1",
        "2.1.2",
        "2.1.3",
        "2.1.4",
        "2.2.0",
        "2.2.1",
        "2.2.2",
        "2.2.3",
        "2.2.4",
        "3.0.0",
        "3.0.0.1",
        "3.1.0",
        "3.1.1",
        "3.2.1",
        "3.3.1",
        "3.4.0",
        "3.4.1"
      ],
      "database_specific": {
        "source": "https://github.com/github/advisory-database/blob/main/advisories/github-reviewed/2020/04/GHSA-jpcq-cgw6-v4j6/GHSA-jpcq-cgw6-v4j6.json"
      }
    },
    {
      "package": {
        "name": "org.webjars.npm:jquery",
        "ecosystem": "Maven",
        "purl": "pkg:maven/org.webjars.npm/jquery"
      },
      "ranges": [
        {
          "type": "ECOSYSTEM",
          "events": [
            {
              "introduced": "1.0.3"
            },
            {
              "fixed": "3.5.0"
            }
          ]
        }
      ],
      "versions": [
        "1.11.0",
        "1.11.1",
        "1.11.3",
        "1.12.1",
        "1.12.2",
        "1.12.3",
        "1.12.4",
        "1.7.2",
        "1.7.3",
        "1.8.2",
        "1.8.3",
        "1.9.1",
        "2.1.0",
        "2.1.1",
        "2.1.1-rc1",
        "2.1.1-rc2",
        "2.1.3",
        "2.1.4",
        "2.2.0",
        "2.2.1",
        "2.2.2",
        "2.2.3",
        "2.2.4",
        "3.0.0",
        "3.0.0-alpha1",
        "3.0.0-beta1",
        "3.0.0-rc1",
        "3.1.0",
        "3.1.1",
        "3.2.0",
        "3.2.1",
        "3.3.0",
        "3.3.1",
        "3.4.0",
        "3.4.1"
      ],
      "database_specific": {
        "source": "https://github.com/github/advisory-database/blob/main/advisories/github-reviewed/2020/04/GHSA-jpcq-cgw6-v4j6/GHSA-jpcq-cgw6-v4j6.json"
      }
    }
  ],
  "schema_version": "1.6.0",
  "severity": [
    {
      "type": "CVSS_V3",
      "score": "CVSS:3.1/AV:N/AC:H/PR:N/UI:R/S:C/C:H/I:L/A:N"
    }
  ]
}