{
  "id": "GHSA-2x7h-96h5-rq84",
  "summary": "Path Traversal in SharpZipLib",
  "details": "SharpZipLib (or #ziplib) is a Zip, GZip, Tar and BZip2 library. Starting version 1.3.0 and prior to version 1.3.3, a check was added if the destination file is under destination directory. However, it is not enforced that `destDir` ends with slash. If the `destDir` is not slash terminated like `/home/user/dir` it is possible to create a file with a name thats begins with the destination directory, i.e. `/home/user/dir.sh`. Because of the file name and destination directory constraints, the arbitrary file creation impact is limited and depends on the use case. Version 1.3.3 contains a patch for this vulnerability.",
  "aliases": [
    "CVE-2021-32841"
  ],
  "modified": "2024-02-19T05:26:00.916459Z",
  "published": "2022-02-01T16:22:57Z",
  "database_specific": {
    "nvd_published_at": "2022-01-26T22:15:00Z",
    "cwe_ids": [
      "CWE-22"
    ],
    "severity": "MODERATE",
    "github_reviewed": true,
    "github_reviewed_at": "2022-02-01T16:21:00Z"
  },
  "references": [
    {
      "type": "ADVISORY",
      "url": "https://nvd.nist.gov/vuln/detail/CVE-2021-32841"
    },
    {
      "type": "WEB",
      "url": "https://github.com/icsharpcode/SharpZipLib/commit/5c3b293de5d65b108e7f2cd0ea8f81c1b8273f78"
    },
    {
      "type": "PACKAGE",
      "url": "https://github.com/icsharpcode/SharpZipLib"
    },
    {
      "type": "WEB",
      "url": "https://github.com/icsharpcode/SharpZipLib/releases/tag/v1.3.3"
    },
    {
      "type": "ADVISORY",
      "url": "https://securitylab.github.com/advisories/GHSL-2021-125-sharpziplib"
    }
  ],
  "affected": [
    {
      "package": {
        "name": "SharpZipLib",
        "ecosystem": "NuGet",
        "purl": "pkg:nuget/SharpZipLib"
      },
      "ranges": [
        {
          "type": "ECOSYSTEM",
          "events": [
            {
              "introduced": "1.3.0"
            },
            {
              "fixed": "1.3.3"
            }
          ]
        }
      ],
      "versions": [
        "1.3.0",
        "1.3.1",
        "1.3.2"
      ],
      "database_specific": {
        "source": "https://github.com/github/advisory-database/blob/main/advisories/github-reviewed/2022/02/GHSA-2x7h-96h5-rq84/GHSA-2x7h-96h5-rq84.json"
      }
    }
  ],
  "schema_version": "1.6.0",
  "severity": [
    {
      "type": "CVSS_V3",
      "score": "CVSS:3.1/AV:L/AC:L/PR:N/UI:N/S:U/C:N/I:L/A:N"
    }
  ]
}