{
  "id": "GHSA-m6w9-8cxc-jff7",
  "summary": "DNN XSS Vulnerability",
  "details": "DNN (formerly DotNetNuke) 9.1.1 allows cross-site scripting (XSS) via XML.",
  "aliases": [
    "CVE-2018-14486"
  ],
  "modified": "2024-02-16T08:22:44.279578Z",
  "published": "2022-05-14T01:17:48Z",
  "database_specific": {
    "nvd_published_at": "2019-03-21T16:00:00Z",
    "cwe_ids": [
      "CWE-79"
    ],
    "severity": "MODERATE",
    "github_reviewed": true,
    "github_reviewed_at": "2023-07-24T21:45:46Z"
  },
  "references": [
    {
      "type": "ADVISORY",
      "url": "https://nvd.nist.gov/vuln/detail/CVE-2018-14486"
    },
    {
      "type": "PACKAGE",
      "url": "https://github.com/dnnsoftware/Dnn.Platform"
    },
    {
      "type": "WEB",
      "url": "http://packetstormsecurity.com/files/151304/DNN-9.1-XML-Related-Cross-Site-Scripting.html"
    }
  ],
  "affected": [
    {
      "package": {
        "name": "DotNetNuke.Core",
        "ecosystem": "NuGet",
        "purl": "pkg:nuget/DotNetNuke.Core"
      },
      "ranges": [
        {
          "type": "ECOSYSTEM",
          "events": [
            {
              "introduced": "0"
            },
            {
              "last_affected": "9.1.1"
            }
          ]
        }
      ],
      "versions": [
        "6.0.0",
        "7.0.0",
        "7.0.6.121",
        "7.1.0",
        "7.1.2",
        "7.2.0.613",
        "7.3.0.499",
        "7.3.1.20",
        "7.4.0.353",
        "7.4.1.280",
        "7.4.2.216",
        "8.0.0.809",
        "8.0.1.239",
        "8.0.2.4",
        "8.0.3.5",
        "8.0.4.226",
        "9.0.0.1002",
        "9.0.1.142",
        "9.1.0.367"
      ],
      "database_specific": {
        "source": "https://github.com/github/advisory-database/blob/main/advisories/github-reviewed/2022/05/GHSA-m6w9-8cxc-jff7/GHSA-m6w9-8cxc-jff7.json"
      }
    }
  ],
  "schema_version": "1.6.0",
  "severity": [
    {
      "type": "CVSS_V3",
      "score": "CVSS:3.0/AV:N/AC:L/PR:N/UI:R/S:C/C:L/I:L/A:N"
    }
  ]
}