{
  "id": "GHSA-6r92-cgxc-r5fg",
  "summary": "Denial of service in CBOR library",
  "details": "### Impact\nDue to this library's use of an inefficient algorithm, it is vulnerable to a denial of service attack when a maliciously crafted input is passed to `DecodeFromBytes` or other CBOR decoding mechanisms in this library.\n\nAffected versions _include_ versions 4.0.0 through 4.5.0.\n\nThis vulnerability was privately reported to me.\n\n### Patches\nThis issue has been fixed in version 4.5.1.  Users should use the latest version of this library. (The latest version is not necessarily 4.5.1.  Check the [NuGet page](https://www.nuget.org/packages/PeterO.Cbor) to see the latest version's version number.)\n\n### Workarounds\n\nAgain, users should use the latest version of this library.\n\nIn the meantime, note that the inputs affected by this issue are all CBOR maps or contain CBOR maps.  An input that decodes to a single CBOR object is not capable of containing a CBOR map if&mdash;\n\n- it begins with a byte other than 0x80 through 0xDF, or\n- it does not contain a byte in the range 0xa0 through 0xBF.\n\nSuch an input is not affected by this vulnerability and an application can choose to perform this check before passing it to a CBOR decoding mechanism.\n\n### For more information\nIf you have any questions or comments about this advisory:\n* Open an issue in [the CBOR repository](https://github.com/peteroupc/CBOR).\n",
  "aliases": [
    "CVE-2024-21909"
  ],
  "modified": "2024-02-16T08:03:34.055043Z",
  "published": "2022-01-21T23:35:35Z",
  "database_specific": {
    "nvd_published_at": null,
    "cwe_ids": [
      "CWE-407"
    ],
    "severity": "HIGH",
    "github_reviewed": true,
    "github_reviewed_at": "2022-01-18T22:57:46Z"
  },
  "references": [
    {
      "type": "WEB",
      "url": "https://github.com/peteroupc/CBOR/security/advisories/GHSA-6r92-cgxc-r5fg"
    },
    {
      "type": "WEB",
      "url": "https://github.com/peteroupc/CBOR/commit/b4117dbbb4cd5a4a963f9d0c9aa132f033e15b95"
    },
    {
      "type": "PACKAGE",
      "url": "https://github.com/peteroupc/CBOR"
    },
    {
      "type": "WEB",
      "url": "https://github.com/peteroupc/CBOR/compare/v4.5...v4.5.1"
    }
  ],
  "affected": [
    {
      "package": {
        "name": "PeterO.Cbor",
        "ecosystem": "NuGet",
        "purl": "pkg:nuget/PeterO.Cbor"
      },
      "ranges": [
        {
          "type": "ECOSYSTEM",
          "events": [
            {
              "introduced": "4.0.0"
            },
            {
              "fixed": "4.5.1"
            }
          ]
        }
      ],
      "versions": [
        "4.0.0",
        "4.0.1",
        "4.1.0",
        "4.1.1",
        "4.1.2",
        "4.1.3",
        "4.2.0",
        "4.3.0",
        "4.4.0",
        "4.4.1",
        "4.4.2",
        "4.4.4",
        "4.5.0"
      ],
      "database_specific": {
        "source": "https://github.com/github/advisory-database/blob/main/advisories/github-reviewed/2022/01/GHSA-6r92-cgxc-r5fg/GHSA-6r92-cgxc-r5fg.json"
      }
    }
  ],
  "schema_version": "1.6.0"
}