{
  "id": "GHSA-r8hm-w5f7-wj39",
  "summary": "Cross-site scripting vulnerability in TinyMCE plugins",
  "details": "### Impact\nA cross-site scripting (XSS) vulnerability was discovered in the URL processing logic of the `image` and `link` plugins. The vulnerability allowed arbitrary JavaScript execution when updating an image or link using a specially crafted URL. This issue only impacted users while editing and the dangerous URLs were stripped in any content extracted from the editor. This impacts all users who are using TinyMCE 5.9.2 or lower.\n\n### Patches\nThis vulnerability has been patched in TinyMCE 5.10.0 by improved sanitization logic when updating URLs in the relevant plugins.\n\n### Workarounds\nTo work around this vulnerability, either:\n- Upgrade to TinyMCE 5.10.0 or higher\n- Disable the `image` and `link` plugins\n\n### Acknowledgements\nTiny Technologies would like to thank Yakir6 for discovering this vulnerability.\n\n### References\nhttps://www.tiny.cloud/docs/release-notes/release-notes510/#securityfixes\n\n### For more information\nIf you have any questions or comments about this advisory:\n* Email us at [infosec@tiny.cloud](mailto:infosec@tiny.cloud)\n* Open an issue in the [TinyMCE repo](https://github.com/tinymce/tinymce/issues)",
  "aliases": [
    "CVE-2024-21910"
  ],
  "modified": "2024-02-18T05:32:50.152761Z",
  "published": "2021-11-02T15:42:52Z",
  "database_specific": {
    "nvd_published_at": null,
    "cwe_ids": [
      "CWE-64",
      "CWE-79"
    ],
    "severity": "MODERATE",
    "github_reviewed": true,
    "github_reviewed_at": "2021-11-01T20:02:43Z"
  },
  "references": [
    {
      "type": "WEB",
      "url": "https://github.com/tinymce/tinymce/security/advisories/GHSA-r8hm-w5f7-wj39"
    },
    {
      "type": "WEB",
      "url": "https://github.com/jazzband/django-tinymce/issues/366"
    },
    {
      "type": "WEB",
      "url": "https://github.com/jazzband/django-tinymce/releases/tag/3.4.0"
    },
    {
      "type": "PACKAGE",
      "url": "https://github.com/tinymce/tinymce"
    },
    {
      "type": "WEB",
      "url": "https://pypi.org/project/django-tinymce/3.4.0"
    }
  ],
  "affected": [
    {
      "package": {
        "name": "tinymce",
        "ecosystem": "npm",
        "purl": "pkg:npm/tinymce"
      },
      "ranges": [
        {
          "type": "SEMVER",
          "events": [
            {
              "introduced": "0"
            },
            {
              "fixed": "5.10.0"
            }
          ]
        }
      ],
      "database_specific": {
        "source": "https://github.com/github/advisory-database/blob/main/advisories/github-reviewed/2021/11/GHSA-r8hm-w5f7-wj39/GHSA-r8hm-w5f7-wj39.json"
      }
    },
    {
      "package": {
        "name": "tinymce/tinymce",
        "ecosystem": "Packagist",
        "purl": "pkg:composer/tinymce/tinymce"
      },
      "ranges": [
        {
          "type": "ECOSYSTEM",
          "events": [
            {
              "introduced": "0"
            },
            {
              "fixed": "5.10.0"
            }
          ]
        }
      ],
      "versions": [
        "4.0.0",
        "4.0.1",
        "4.0.10",
        "4.0.11",
        "4.0.12",
        "4.0.13",
        "4.0.14",
        "4.0.15",
        "4.0.16",
        "4.0.17",
        "4.0.18",
        "4.0.19",
        "4.0.2",
        "4.0.20",
        "4.0.21",
        "4.0.22",
        "4.0.23",
        "4.0.24",
        "4.0.25",
        "4.0.26",
        "4.0.27",
        "4.0.28",
        "4.0.3",
        "4.0.4",
        "4.0.5",
        "4.0.6",
        "4.0.7",
        "4.0.8",
        "4.0.9",
        "4.1.0",
        "4.1.1",
        "4.1.10",
        "4.1.2",
        "4.1.3",
        "4.1.4",
        "4.1.5",
        "4.1.6",
        "4.1.7",
        "4.1.8",
        "4.1.9",
        "4.2.0",
        "4.2.1",
        "4.2.2",
        "4.2.3",
        "4.2.4",
        "4.2.5",
        "4.2.6",
        "4.2.7",
        "4.2.8",
        "4.3.0",
        "4.3.1",
        "4.3.10",
        "4.3.11",
        "4.3.12",
        "4.3.13",
        "4.3.2",
        "4.3.3",
        "4.3.4",
        "4.3.6",
        "4.3.7",
        "4.3.8",
        "4.3.9",
        "4.4.0",
        "4.4.1",
        "4.4.2",
        "4.4.3",
        "4.5.0",
        "4.5.1",
        "4.5.12",
        "4.5.2",
        "4.5.3",
        "4.5.4",
        "4.5.5",
        "4.5.6",
        "4.5.7",
        "4.5.8",
        "4.5.9",
        "4.6.0",
        "4.6.1",
        "4.6.2",
        "4.6.3",
        "4.6.4",
        "4.6.5",
        "4.6.6",
        "4.6.7",
        "4.7.0",
        "4.7.1",
        "4.7.10",
        "4.7.11",
        "4.7.12",
        "4.7.13",
        "4.7.2",
        "4.7.3",
        "4.7.4",
        "4.7.5",
        "4.7.6",
        "4.7.7",
        "4.7.8",
        "4.7.9",
        "4.8.0",
        "4.8.1",
        "4.8.2",
        "4.8.3",
        "4.8.4",
        "4.8.5",
        "4.9.0",
        "4.9.1",
        "4.9.10",
        "4.9.11",
        "4.9.2",
        "4.9.3",
        "4.9.4",
        "4.9.5",
        "4.9.6",
        "4.9.7",
        "4.9.8",
        "4.9.9",
        "5.0.0",
        "5.0.1",
        "5.0.10",
        "5.0.11",
        "5.0.12",
        "5.0.13",
        "5.0.14",
        "5.0.15",
        "5.0.16",
        "5.0.2",
        "5.0.3",
        "5.0.4",
        "5.0.5",
        "5.0.6",
        "5.0.7",
        "5.0.8",
        "5.0.9",
        "5.1.0",
        "5.1.1",
        "5.1.2",
        "5.1.3",
        "5.1.4",
        "5.1.5",
        "5.1.6",
        "5.2.0",
        "5.2.1",
        "5.2.2",
        "5.3.0",
        "5.3.1",
        "5.3.2",
        "5.4.0",
        "5.4.1",
        "5.4.2",
        "5.5.0",
        "5.5.1",
        "5.6.0",
        "5.6.1",
        "5.6.2",
        "5.7.0",
        "5.7.1",
        "5.8.0",
        "5.8.1",
        "5.8.2",
        "5.9.0",
        "5.9.1",
        "5.9.2"
      ],
      "database_specific": {
        "source": "https://github.com/github/advisory-database/blob/main/advisories/github-reviewed/2021/11/GHSA-r8hm-w5f7-wj39/GHSA-r8hm-w5f7-wj39.json"
      }
    },
    {
      "package": {
        "name": "TinyMCE",
        "ecosystem": "NuGet",
        "purl": "pkg:nuget/TinyMCE"
      },
      "ranges": [
        {
          "type": "ECOSYSTEM",
          "events": [
            {
              "introduced": "0"
            },
            {
              "fixed": "5.10.0"
            }
          ]
        }
      ],
      "versions": [
        "3.4.3.2",
        "3.4.4",
        "3.4.5",
        "3.4.7",
        "3.5.0",
        "3.5.0.1",
        "3.5.1",
        "3.5.1.1",
        "3.5.2",
        "3.5.3",
        "3.5.4",
        "3.5.4.1",
        "3.5.5",
        "3.5.6",
        "3.5.7",
        "3.5.8",
        "4.0.0",
        "4.0.1",
        "4.0.10",
        "4.0.11",
        "4.0.13",
        "4.0.14",
        "4.0.15",
        "4.0.16",
        "4.0.17",
        "4.0.18",
        "4.0.19",
        "4.0.2",
        "4.0.20",
        "4.0.21",
        "4.0.22",
        "4.0.23",
        "4.0.24",
        "4.0.25",
        "4.0.26",
        "4.0.27",
        "4.0.28",
        "4.0.4",
        "4.0.5",
        "4.0.6",
        "4.0.8",
        "4.0.9",
        "4.1.0",
        "4.1.1",
        "4.1.10",
        "4.1.2",
        "4.1.3",
        "4.1.4",
        "4.1.5",
        "4.1.6",
        "4.1.7",
        "4.1.8",
        "4.1.9",
        "4.2.0",
        "4.2.1",
        "4.2.2",
        "4.2.3",
        "4.2.4",
        "4.2.5",
        "4.2.6",
        "4.2.7",
        "4.2.8",
        "4.3.0",
        "4.3.1",
        "4.3.10",
        "4.3.11",
        "4.3.12",
        "4.3.13",
        "4.3.2",
        "4.3.3",
        "4.3.4",
        "4.3.6",
        "4.3.7",
        "4.3.8",
        "4.3.9",
        "4.4.0",
        "4.4.1",
        "4.4.2",
        "4.4.3",
        "4.5.0",
        "4.5.1",
        "4.5.2",
        "4.5.3",
        "4.5.4",
        "4.5.5",
        "4.5.6",
        "4.5.7",
        "4.5.8",
        "4.6.0",
        "4.6.1",
        "4.6.2",
        "4.6.3",
        "4.6.4",
        "4.6.5",
        "4.6.6",
        "4.6.7",
        "4.7.0",
        "4.7.10",
        "4.7.11",
        "4.7.12",
        "4.7.13",
        "4.7.3",
        "4.7.4",
        "4.7.5",
        "4.7.6",
        "4.7.7",
        "4.7.8",
        "4.7.9",
        "4.8.0",
        "4.8.1",
        "4.8.2",
        "4.8.3",
        "4.8.4",
        "4.8.5",
        "4.9.0",
        "4.9.1",
        "4.9.10",
        "4.9.11",
        "4.9.2",
        "4.9.3",
        "4.9.4",
        "4.9.5",
        "4.9.6",
        "4.9.7",
        "4.9.8",
        "4.9.9",
        "5.0.0",
        "5.0.1",
        "5.0.10",
        "5.0.11",
        "5.0.12",
        "5.0.13",
        "5.0.14",
        "5.0.15",
        "5.0.16",
        "5.0.2",
        "5.0.3",
        "5.0.4",
        "5.0.5",
        "5.0.6",
        "5.0.7",
        "5.0.8",
        "5.0.9",
        "5.1.0",
        "5.1.1",
        "5.1.2",
        "5.1.3",
        "5.1.4",
        "5.1.5",
        "5.1.6",
        "5.2.0",
        "5.2.1",
        "5.2.2",
        "5.3.0",
        "5.3.1",
        "5.3.2",
        "5.4.0",
        "5.4.1",
        "5.4.2",
        "5.5.0",
        "5.5.1",
        "5.6.0",
        "5.6.1",
        "5.6.2",
        "5.7.0",
        "5.7.1",
        "5.8.0",
        "5.8.1",
        "5.8.2",
        "5.9.0",
        "5.9.1",
        "5.9.2"
      ],
      "database_specific": {
        "source": "https://github.com/github/advisory-database/blob/main/advisories/github-reviewed/2021/11/GHSA-r8hm-w5f7-wj39/GHSA-r8hm-w5f7-wj39.json"
      }
    },
    {
      "package": {
        "name": "django-tinymce",
        "ecosystem": "PyPI",
        "purl": "pkg:pypi/django-tinymce"
      },
      "ranges": [
        {
          "type": "ECOSYSTEM",
          "events": [
            {
              "introduced": "0"
            },
            {
              "fixed": "3.4.0"
            }
          ]
        }
      ],
      "versions": [
        "1.0",
        "1.1",
        "1.2",
        "1.3",
        "1.4",
        "1.4.1",
        "1.5",
        "1.5.1",
        "1.5.1.dev100",
        "1.5.1.dev101",
        "1.5.1a1",
        "1.5.1a2",
        "1.5.1a3",
        "1.5.1b1",
        "1.5.1b2",
        "1.5.1b3",
        "1.5.1b4",
        "1.5.2",
        "1.5.3",
        "1.5.4",
        "2.0.0",
        "2.0.1",
        "2.0.2",
        "2.0.3",
        "2.0.4",
        "2.0.5",
        "2.0.6",
        "2.0.7",
        "2.1.0",
        "2.2.0",
        "2.3.0",
        "2.4.0",
        "2.5.0",
        "2.6.0",
        "2.6.1",
        "2.7.0",
        "2.7.1",
        "2.8.0",
        "2.9.0",
        "3.0.1",
        "3.0.2",
        "3.1.0",
        "3.2.0",
        "3.3.0"
      ],
      "database_specific": {
        "source": "https://github.com/github/advisory-database/blob/main/advisories/github-reviewed/2021/11/GHSA-r8hm-w5f7-wj39/GHSA-r8hm-w5f7-wj39.json"
      }
    }
  ],
  "schema_version": "1.6.0",
  "severity": [
    {
      "type": "CVSS_V3",
      "score": "CVSS:3.1/AV:N/AC:L/PR:N/UI:R/S:C/C:L/I:L/A:N"
    }
  ]
}