{
  "id": "GHSA-q6mv-8vh9-4ggj",
  "summary": "ChakraCore RCE Vulnerability",
  "details": "The Microsoft (1) JScript 9, (2) VBScript, and (3) Chakra JavaScript engines, as used in Microsoft Internet Explorer 9 through 11, Microsoft Edge, and other products, allow remote attackers to execute arbitrary code or cause a denial of service (memory corruption) via a crafted web site, aka \"Scripting Engine Memory Corruption Vulnerability,\" a different vulnerability than CVE-2016-3259.",
  "aliases": [
    "CVE-2016-3248"
  ],
  "modified": "2024-02-16T07:55:04.988759Z",
  "published": "2022-05-14T02:24:16Z",
  "database_specific": {
    "nvd_published_at": "2016-07-13T01:59:00Z",
    "cwe_ids": [
      "CWE-119"
    ],
    "severity": "HIGH",
    "github_reviewed": true,
    "github_reviewed_at": "2023-07-31T20:27:14Z"
  },
  "references": [
    {
      "type": "ADVISORY",
      "url": "https://nvd.nist.gov/vuln/detail/CVE-2016-3248"
    },
    {
      "type": "WEB",
      "url": "https://docs.microsoft.com/en-us/security-updates/securitybulletins/2016/ms16-084"
    },
    {
      "type": "WEB",
      "url": "https://docs.microsoft.com/en-us/security-updates/securitybulletins/2016/ms16-085"
    },
    {
      "type": "PACKAGE",
      "url": "https://github.com/chakra-core/ChakraCore"
    },
    {
      "type": "WEB",
      "url": "https://github.com/chakra-core/ChakraCore/wiki/Roadmap"
    },
    {
      "type": "WEB",
      "url": "https://web.archive.org/web/20210125172707/http://www.securityfocus.com/bid/91578"
    },
    {
      "type": "WEB",
      "url": "https://web.archive.org/web/20211202003833/http://www.securitytracker.com/id/1036283"
    }
  ],
  "affected": [
    {
      "package": {
        "name": "Microsoft.ChakraCore",
        "ecosystem": "NuGet",
        "purl": "pkg:nuget/Microsoft.ChakraCore"
      },
      "ranges": [
        {
          "type": "ECOSYSTEM",
          "events": [
            {
              "introduced": "0"
            },
            {
              "last_affected": "1.2.0"
            }
          ]
        }
      ],
      "versions": [
        "1.2.0"
      ],
      "database_specific": {
        "source": "https://github.com/github/advisory-database/blob/main/advisories/github-reviewed/2022/05/GHSA-q6mv-8vh9-4ggj/GHSA-q6mv-8vh9-4ggj.json"
      }
    }
  ],
  "schema_version": "1.6.0",
  "severity": [
    {
      "type": "CVSS_V3",
      "score": "CVSS:3.0/AV:N/AC:L/PR:N/UI:R/S:U/C:H/I:H/A:H"
    }
  ]
}