{
  "id": "GHSA-g8j6-m4p7-5rfq",
  "summary": "High severity vulnerability that affects DotNetNuke.Core",
  "details": "DNN (aka DotNetNuke) before 9.2.0 suffers from a Server-Side Request Forgery (SSRF) vulnerability in the DnnImageHandler class. Attackers may be able to access information about internal network resources.",
  "aliases": [
    "CVE-2017-0929"
  ],
  "modified": "2023-11-08T03:58:41.226325Z",
  "published": "2018-10-16T17:18:12Z",
  "database_specific": {
    "nvd_published_at": null,
    "github_reviewed_at": "2020-06-16T21:36:32Z",
    "severity": "HIGH",
    "github_reviewed": true,
    "cwe_ids": [
      "CWE-918"
    ]
  },
  "references": [
    {
      "type": "ADVISORY",
      "url": "https://nvd.nist.gov/vuln/detail/CVE-2017-0929"
    },
    {
      "type": "WEB",
      "url": "https://github.com/dnnsoftware/Dnn.Platform/commit/d3953db85fee77bb5e6383747692c507ef8b94c3"
    },
    {
      "type": "ADVISORY",
      "url": "https://github.com/advisories/GHSA-g8j6-m4p7-5rfq"
    },
    {
      "type": "PACKAGE",
      "url": "https://github.com/dnnsoftware/Dnn.Platform"
    }
  ],
  "affected": [
    {
      "package": {
        "name": "DotNetNuke.Core",
        "ecosystem": "NuGet",
        "purl": "pkg:nuget/DotNetNuke.Core"
      },
      "ranges": [
        {
          "type": "ECOSYSTEM",
          "events": [
            {
              "introduced": "0"
            },
            {
              "fixed": "9.2.0"
            }
          ]
        }
      ],
      "versions": [
        "6.0.0",
        "7.0.0",
        "7.0.6.121",
        "7.1.0",
        "7.1.2",
        "7.2.0.613",
        "7.3.0.499",
        "7.3.1.20",
        "7.4.0.353",
        "7.4.1.280",
        "7.4.2.216",
        "8.0.0.809",
        "8.0.1.239",
        "8.0.2.4",
        "8.0.3.5",
        "8.0.4.226",
        "9.0.0.1002",
        "9.0.1.142",
        "9.1.0.367",
        "9.1.1.129"
      ],
      "database_specific": {
        "source": "https://github.com/github/advisory-database/blob/main/advisories/github-reviewed/2018/10/GHSA-g8j6-m4p7-5rfq/GHSA-g8j6-m4p7-5rfq.json"
      }
    }
  ],
  "schema_version": "1.6.0",
  "severity": [
    {
      "type": "CVSS_V3",
      "score": "CVSS:3.0/AV:N/AC:L/PR:N/UI:N/S:U/C:H/I:N/A:N"
    }
  ]
}