{
  "id": "GHSA-r8pr-83cc-ccv7",
  "summary": "Umbraco Persistent Password Reset Poison",
  "details": "The password reset component deployed within Umbraco uses the hostname supplied within the request host header when building a password reset URL. It may be possible to manipulate the URL sent to Umbraco users when so that it points to the attackers server thereby disclosing the password reset token if/when the link is followed. A related vulnerability (CVE-2022-22690) could allow this flaw to become persistent so that all password reset URLs are affected persistently following a successful attack. See the AppCheck advisory for further information and associated caveats.",
  "aliases": [
    "CVE-2022-22691"
  ],
  "modified": "2024-02-19T05:32:12.994526Z",
  "published": "2022-01-21T23:34:27Z",
  "database_specific": {
    "nvd_published_at": "2022-01-18T17:15:00Z",
    "cwe_ids": [
      "CWE-444",
      "CWE-640"
    ],
    "severity": "HIGH",
    "github_reviewed": true,
    "github_reviewed_at": "2022-01-19T22:24:13Z"
  },
  "references": [
    {
      "type": "ADVISORY",
      "url": "https://nvd.nist.gov/vuln/detail/CVE-2022-22691"
    },
    {
      "type": "WEB",
      "url": "https://appcheck-ng.com/umbraco-applicationurl-overwrite-persistent-password-reset-poison-cve-2022-22690-cve-2022-22691"
    },
    {
      "type": "PACKAGE",
      "url": "https://github.com/umbraco/Umbraco-CMS"
    }
  ],
  "affected": [
    {
      "package": {
        "name": "Umbraco.Cms.Core",
        "ecosystem": "NuGet",
        "purl": "pkg:nuget/Umbraco.Cms.Core"
      },
      "ranges": [
        {
          "type": "ECOSYSTEM",
          "events": [
            {
              "introduced": "0"
            },
            {
              "fixed": "9.2.0"
            }
          ]
        }
      ],
      "versions": [
        "9.0.0",
        "9.0.0-rc001",
        "9.0.0-rc002",
        "9.0.0-rc003",
        "9.0.0-rc004",
        "9.0.1",
        "9.1.0",
        "9.1.0-rc",
        "9.1.1",
        "9.1.2",
        "9.2.0-rc"
      ],
      "database_specific": {
        "source": "https://github.com/github/advisory-database/blob/main/advisories/github-reviewed/2022/01/GHSA-r8pr-83cc-ccv7/GHSA-r8pr-83cc-ccv7.json"
      }
    }
  ],
  "schema_version": "1.6.0",
  "severity": [
    {
      "type": "CVSS_V3",
      "score": "CVSS:3.1/AV:N/AC:L/PR:N/UI:R/S:C/C:H/I:N/A:N"
    }
  ]
}