{
  "id": "GHSA-8884-xcr4-r68p",
  "summary": "Improper Input Validation in Microsoft.NETCore.App",
  "details": "Microsoft .NET Framework 4.6, 4.6.1, 4.6.2, and 4.7 allow an attacker to send specially crafted requests to a .NET web application, resulting in denial of service, aka .NET Denial of Service Vulnerability.",
  "aliases": [
    "CVE-2017-8585"
  ],
  "modified": "2023-11-08T03:59:28.165692Z",
  "published": "2022-05-17T00:19:03Z",
  "database_specific": {
    "nvd_published_at": "2017-07-11T21:29:00Z",
    "github_reviewed_at": "2022-11-01T21:39:24Z",
    "severity": "HIGH",
    "github_reviewed": true,
    "cwe_ids": [
      "CWE-20"
    ]
  },
  "references": [
    {
      "type": "ADVISORY",
      "url": "https://nvd.nist.gov/vuln/detail/CVE-2017-8585"
    },
    {
      "type": "WEB",
      "url": "https://github.com/dotnet/corefx/issues/24703"
    },
    {
      "type": "WEB",
      "url": "https://access.redhat.com/errata/RHSA-2017:3248"
    },
    {
      "type": "WEB",
      "url": "https://portal.msrc.microsoft.com/en-us/security-guidance/advisory/CVE-2017-8585"
    },
    {
      "type": "WEB",
      "url": "http://www.securityfocus.com/bid/99432"
    },
    {
      "type": "WEB",
      "url": "http://www.securitytracker.com/id/1038864"
    }
  ],
  "affected": [
    {
      "package": {
        "name": "Microsoft.NETCore.App",
        "ecosystem": "NuGet",
        "purl": "pkg:nuget/Microsoft.NETCore.App"
      },
      "ranges": [
        {
          "type": "ECOSYSTEM",
          "events": [
            {
              "introduced": "1.0.0"
            },
            {
              "fixed": "1.0.7"
            }
          ]
        }
      ],
      "versions": [
        "1.0.0",
        "1.0.1",
        "1.0.3",
        "1.0.4",
        "1.0.5",
        "1.0.5-servicing-004880-00"
      ],
      "database_specific": {
        "source": "https://github.com/github/advisory-database/blob/main/advisories/github-reviewed/2022/05/GHSA-8884-xcr4-r68p/GHSA-8884-xcr4-r68p.json"
      }
    },
    {
      "package": {
        "name": "Microsoft.NETCore.App",
        "ecosystem": "NuGet",
        "purl": "pkg:nuget/Microsoft.NETCore.App"
      },
      "ranges": [
        {
          "type": "ECOSYSTEM",
          "events": [
            {
              "introduced": "1.1.0"
            },
            {
              "fixed": "1.1.4"
            }
          ]
        }
      ],
      "versions": [
        "1.1.0",
        "1.1.1",
        "1.1.2"
      ],
      "database_specific": {
        "source": "https://github.com/github/advisory-database/blob/main/advisories/github-reviewed/2022/05/GHSA-8884-xcr4-r68p/GHSA-8884-xcr4-r68p.json"
      }
    }
  ],
  "schema_version": "1.6.0",
  "severity": [
    {
      "type": "CVSS_V3",
      "score": "CVSS:3.0/AV:N/AC:L/PR:N/UI:N/S:U/C:N/I:N/A:H"
    }
  ]
}