{
  "id": "GHSA-5f2m-466j-3848",
  "summary": "Denial of service in ASP.NET Core",
  "details": "A denial of service vulnerability exists when .NET Framework or .NET Core improperly handle web requests, aka '.Net Framework and .Net Core Denial of Service Vulnerability'. This CVE ID is unique from CVE-2019-0820, CVE-2019-0980.",
  "aliases": [
    "CVE-2019-0981"
  ],
  "modified": "2023-11-08T04:00:34.987621Z",
  "published": "2022-05-24T16:45:54Z",
  "database_specific": {
    "nvd_published_at": "2019-05-16T19:29:00Z",
    "github_reviewed_at": "2022-07-07T23:26:13Z",
    "severity": "HIGH",
    "github_reviewed": true,
    "cwe_ids": []
  },
  "references": [
    {
      "type": "ADVISORY",
      "url": "https://nvd.nist.gov/vuln/detail/CVE-2019-0981"
    },
    {
      "type": "WEB",
      "url": "https://github.com/dotnet/announcements/issues/113"
    },
    {
      "type": "WEB",
      "url": "https://github.com/github/advisory-database/issues/302"
    },
    {
      "type": "WEB",
      "url": "https://portal.msrc.microsoft.com/en-US/security-guidance/advisory/CVE-2019-0981"
    }
  ],
  "affected": [
    {
      "package": {
        "name": "System.Private.Uri",
        "ecosystem": "NuGet",
        "purl": "pkg:nuget/System.Private.Uri"
      },
      "ranges": [
        {
          "type": "ECOSYSTEM",
          "events": [
            {
              "introduced": "4.3.0"
            },
            {
              "fixed": "4.3.2"
            }
          ]
        }
      ],
      "versions": [
        "4.3.0",
        "4.3.1"
      ],
      "database_specific": {
        "source": "https://github.com/github/advisory-database/blob/main/advisories/github-reviewed/2022/05/GHSA-5f2m-466j-3848/GHSA-5f2m-466j-3848.json"
      }
    }
  ],
  "schema_version": "1.6.0",
  "severity": [
    {
      "type": "CVSS_V3",
      "score": "CVSS:3.0/AV:N/AC:L/PR:N/UI:N/S:U/C:N/I:N/A:H"
    }
  ]
}