{
  "id": "GHSA-242j-2gm6-5rwx",
  "summary": "ASP.NET Core and Visual Studio Denial of Service Vulnerability",
  "details": "A denial-of-service vulnerability exists in the way Kestrel parses HTTP/2 requests. The security update addresses the vulnerability by fixing the way the Kestrel parses HTTP/2 requests. Users are advised to upgrade.",
  "aliases": [
    "BIT-aspnet-core-2021-1723",
    "CVE-2021-1723"
  ],
  "modified": "2024-02-18T05:23:12.954965Z",
  "published": "2022-05-24T17:38:51Z",
  "database_specific": {
    "nvd_published_at": "2021-01-12T20:15:00Z",
    "cwe_ids": [],
    "severity": "HIGH",
    "github_reviewed": true,
    "github_reviewed_at": "2022-10-24T20:26:09Z"
  },
  "references": [
    {
      "type": "ADVISORY",
      "url": "https://nvd.nist.gov/vuln/detail/CVE-2021-1723"
    },
    {
      "type": "WEB",
      "url": "https://github.com/dotnet/announcements/issues/170"
    },
    {
      "type": "WEB",
      "url": "https://lists.fedoraproject.org/archives/list/package-announce@lists.fedoraproject.org/message/3L27CGRVEWUPELNJOGTCW6GLEDBECB4B"
    },
    {
      "type": "WEB",
      "url": "https://lists.fedoraproject.org/archives/list/package-announce@lists.fedoraproject.org/message/RRXHERXW4KR5WCP76UDW5PC7GX3YQLUW"
    },
    {
      "type": "WEB",
      "url": "https://portal.msrc.microsoft.com/en-US/security-guidance/advisory/CVE-2021-1723"
    }
  ],
  "affected": [
    {
      "package": {
        "name": "Microsoft.AspNetCore.Server.Kestrel.Core",
        "ecosystem": "NuGet",
        "purl": "pkg:nuget/Microsoft.AspNetCore.Server.Kestrel.Core"
      },
      "ranges": [
        {
          "type": "ECOSYSTEM",
          "events": [
            {
              "introduced": "0"
            },
            {
              "fixed": "2.1.25"
            }
          ]
        }
      ],
      "versions": [
        "0.0.1-alpha",
        "2.0.0",
        "2.0.0-preview1-final",
        "2.0.0-preview2-final",
        "2.0.1",
        "2.0.2",
        "2.0.3",
        "2.0.4",
        "2.1.0",
        "2.1.0-preview1-final",
        "2.1.0-preview2-final",
        "2.1.0-rc1-final",
        "2.1.1",
        "2.1.2",
        "2.1.3",
        "2.1.7"
      ],
      "database_specific": {
        "source": "https://github.com/github/advisory-database/blob/main/advisories/github-reviewed/2022/05/GHSA-242j-2gm6-5rwx/GHSA-242j-2gm6-5rwx.json"
      }
    },
    {
      "package": {
        "name": "Microsoft.AspNetCore.App.Runtime.linux-arm",
        "ecosystem": "NuGet",
        "purl": "pkg:nuget/Microsoft.AspNetCore.App.Runtime.linux-arm"
      },
      "ranges": [
        {
          "type": "ECOSYSTEM",
          "events": [
            {
              "introduced": "3.1.0"
            },
            {
              "fixed": "3.1.11"
            }
          ]
        }
      ],
      "versions": [
        "3.1.0",
        "3.1.1",
        "3.1.10",
        "3.1.2",
        "3.1.3",
        "3.1.4",
        "3.1.5",
        "3.1.6",
        "3.1.7",
        "3.1.8",
        "3.1.9"
      ],
      "database_specific": {
        "source": "https://github.com/github/advisory-database/blob/main/advisories/github-reviewed/2022/05/GHSA-242j-2gm6-5rwx/GHSA-242j-2gm6-5rwx.json"
      }
    },
    {
      "package": {
        "name": "Microsoft.AspNetCore.App.Runtime.linux-arm",
        "ecosystem": "NuGet",
        "purl": "pkg:nuget/Microsoft.AspNetCore.App.Runtime.linux-arm"
      },
      "ranges": [
        {
          "type": "ECOSYSTEM",
          "events": [
            {
              "introduced": "5.0.0"
            },
            {
              "fixed": "5.0.2"
            }
          ]
        }
      ],
      "versions": [
        "5.0.0",
        "5.0.1"
      ],
      "database_specific": {
        "source": "https://github.com/github/advisory-database/blob/main/advisories/github-reviewed/2022/05/GHSA-242j-2gm6-5rwx/GHSA-242j-2gm6-5rwx.json"
      }
    },
    {
      "package": {
        "name": "Microsoft.AspNetCore.App.Runtime.linux-arm64",
        "ecosystem": "NuGet",
        "purl": "pkg:nuget/Microsoft.AspNetCore.App.Runtime.linux-arm64"
      },
      "ranges": [
        {
          "type": "ECOSYSTEM",
          "events": [
            {
              "introduced": "3.1.0"
            },
            {
              "fixed": "3.1.11"
            }
          ]
        }
      ],
      "versions": [
        "3.1.0",
        "3.1.1",
        "3.1.10",
        "3.1.2",
        "3.1.3",
        "3.1.4",
        "3.1.5",
        "3.1.6",
        "3.1.7",
        "3.1.8",
        "3.1.9"
      ],
      "database_specific": {
        "source": "https://github.com/github/advisory-database/blob/main/advisories/github-reviewed/2022/05/GHSA-242j-2gm6-5rwx/GHSA-242j-2gm6-5rwx.json"
      }
    },
    {
      "package": {
        "name": "Microsoft.AspNetCore.App.Runtime.linux-arm64",
        "ecosystem": "NuGet",
        "purl": "pkg:nuget/Microsoft.AspNetCore.App.Runtime.linux-arm64"
      },
      "ranges": [
        {
          "type": "ECOSYSTEM",
          "events": [
            {
              "introduced": "5.0.0"
            },
            {
              "fixed": "5.0.2"
            }
          ]
        }
      ],
      "versions": [
        "5.0.0",
        "5.0.1"
      ],
      "database_specific": {
        "source": "https://github.com/github/advisory-database/blob/main/advisories/github-reviewed/2022/05/GHSA-242j-2gm6-5rwx/GHSA-242j-2gm6-5rwx.json"
      }
    },
    {
      "package": {
        "name": "Microsoft.AspNetCore.App.Runtime.linux-musl-arm64",
        "ecosystem": "NuGet",
        "purl": "pkg:nuget/Microsoft.AspNetCore.App.Runtime.linux-musl-arm64"
      },
      "ranges": [
        {
          "type": "ECOSYSTEM",
          "events": [
            {
              "introduced": "3.1.0"
            },
            {
              "fixed": "3.1.11"
            }
          ]
        }
      ],
      "versions": [
        "3.1.0",
        "3.1.1",
        "3.1.10",
        "3.1.2",
        "3.1.3",
        "3.1.4",
        "3.1.5",
        "3.1.6",
        "3.1.7",
        "3.1.8",
        "3.1.9"
      ],
      "database_specific": {
        "source": "https://github.com/github/advisory-database/blob/main/advisories/github-reviewed/2022/05/GHSA-242j-2gm6-5rwx/GHSA-242j-2gm6-5rwx.json"
      }
    },
    {
      "package": {
        "name": "Microsoft.AspNetCore.App.Runtime.linux-musl-arm64",
        "ecosystem": "NuGet",
        "purl": "pkg:nuget/Microsoft.AspNetCore.App.Runtime.linux-musl-arm64"
      },
      "ranges": [
        {
          "type": "ECOSYSTEM",
          "events": [
            {
              "introduced": "5.0.0"
            },
            {
              "fixed": "5.0.2"
            }
          ]
        }
      ],
      "versions": [
        "5.0.0",
        "5.0.1"
      ],
      "database_specific": {
        "source": "https://github.com/github/advisory-database/blob/main/advisories/github-reviewed/2022/05/GHSA-242j-2gm6-5rwx/GHSA-242j-2gm6-5rwx.json"
      }
    },
    {
      "package": {
        "name": "Microsoft.AspNetCore.App.Runtime.linux-musl-x64",
        "ecosystem": "NuGet",
        "purl": "pkg:nuget/Microsoft.AspNetCore.App.Runtime.linux-musl-x64"
      },
      "ranges": [
        {
          "type": "ECOSYSTEM",
          "events": [
            {
              "introduced": "3.1.0"
            },
            {
              "fixed": "3.1.11"
            }
          ]
        }
      ],
      "versions": [
        "3.1.0",
        "3.1.1",
        "3.1.10",
        "3.1.2",
        "3.1.3",
        "3.1.4",
        "3.1.5",
        "3.1.6",
        "3.1.7",
        "3.1.8",
        "3.1.9"
      ],
      "database_specific": {
        "source": "https://github.com/github/advisory-database/blob/main/advisories/github-reviewed/2022/05/GHSA-242j-2gm6-5rwx/GHSA-242j-2gm6-5rwx.json"
      }
    },
    {
      "package": {
        "name": "Microsoft.AspNetCore.App.Runtime.linux-musl-x64",
        "ecosystem": "NuGet",
        "purl": "pkg:nuget/Microsoft.AspNetCore.App.Runtime.linux-musl-x64"
      },
      "ranges": [
        {
          "type": "ECOSYSTEM",
          "events": [
            {
              "introduced": "5.0.0"
            },
            {
              "fixed": "5.0.2"
            }
          ]
        }
      ],
      "versions": [
        "5.0.0",
        "5.0.1"
      ],
      "database_specific": {
        "source": "https://github.com/github/advisory-database/blob/main/advisories/github-reviewed/2022/05/GHSA-242j-2gm6-5rwx/GHSA-242j-2gm6-5rwx.json"
      }
    },
    {
      "package": {
        "name": "Microsoft.AspNetCore.App.Runtime.linux-x64",
        "ecosystem": "NuGet",
        "purl": "pkg:nuget/Microsoft.AspNetCore.App.Runtime.linux-x64"
      },
      "ranges": [
        {
          "type": "ECOSYSTEM",
          "events": [
            {
              "introduced": "3.1.0"
            },
            {
              "fixed": "3.1.11"
            }
          ]
        }
      ],
      "versions": [
        "3.1.0",
        "3.1.1",
        "3.1.10",
        "3.1.2",
        "3.1.3",
        "3.1.4",
        "3.1.5",
        "3.1.6",
        "3.1.7",
        "3.1.8",
        "3.1.9"
      ],
      "database_specific": {
        "source": "https://github.com/github/advisory-database/blob/main/advisories/github-reviewed/2022/05/GHSA-242j-2gm6-5rwx/GHSA-242j-2gm6-5rwx.json"
      }
    },
    {
      "package": {
        "name": "Microsoft.AspNetCore.App.Runtime.linux-x64",
        "ecosystem": "NuGet",
        "purl": "pkg:nuget/Microsoft.AspNetCore.App.Runtime.linux-x64"
      },
      "ranges": [
        {
          "type": "ECOSYSTEM",
          "events": [
            {
              "introduced": "5.0.0"
            },
            {
              "fixed": "5.0.2"
            }
          ]
        }
      ],
      "versions": [
        "5.0.0",
        "5.0.1"
      ],
      "database_specific": {
        "source": "https://github.com/github/advisory-database/blob/main/advisories/github-reviewed/2022/05/GHSA-242j-2gm6-5rwx/GHSA-242j-2gm6-5rwx.json"
      }
    },
    {
      "package": {
        "name": "Microsoft.AspNetCore.App.Runtime.osx-x64",
        "ecosystem": "NuGet",
        "purl": "pkg:nuget/Microsoft.AspNetCore.App.Runtime.osx-x64"
      },
      "ranges": [
        {
          "type": "ECOSYSTEM",
          "events": [
            {
              "introduced": "3.1.0"
            },
            {
              "fixed": "3.1.11"
            }
          ]
        }
      ],
      "versions": [
        "3.1.0",
        "3.1.1",
        "3.1.10",
        "3.1.2",
        "3.1.3",
        "3.1.4",
        "3.1.5",
        "3.1.6",
        "3.1.7",
        "3.1.8",
        "3.1.9"
      ],
      "database_specific": {
        "source": "https://github.com/github/advisory-database/blob/main/advisories/github-reviewed/2022/05/GHSA-242j-2gm6-5rwx/GHSA-242j-2gm6-5rwx.json"
      }
    },
    {
      "package": {
        "name": "Microsoft.AspNetCore.App.Runtime.osx-x64",
        "ecosystem": "NuGet",
        "purl": "pkg:nuget/Microsoft.AspNetCore.App.Runtime.osx-x64"
      },
      "ranges": [
        {
          "type": "ECOSYSTEM",
          "events": [
            {
              "introduced": "5.0.0"
            },
            {
              "fixed": "5.0.2"
            }
          ]
        }
      ],
      "versions": [
        "5.0.0",
        "5.0.1"
      ],
      "database_specific": {
        "source": "https://github.com/github/advisory-database/blob/main/advisories/github-reviewed/2022/05/GHSA-242j-2gm6-5rwx/GHSA-242j-2gm6-5rwx.json"
      }
    },
    {
      "package": {
        "name": "Microsoft.AspNetCore.App.Runtime.win-arm",
        "ecosystem": "NuGet",
        "purl": "pkg:nuget/Microsoft.AspNetCore.App.Runtime.win-arm"
      },
      "ranges": [
        {
          "type": "ECOSYSTEM",
          "events": [
            {
              "introduced": "3.1.0"
            },
            {
              "fixed": "3.1.11"
            }
          ]
        }
      ],
      "versions": [
        "3.1.0",
        "3.1.1",
        "3.1.10",
        "3.1.2",
        "3.1.3",
        "3.1.4",
        "3.1.5",
        "3.1.6",
        "3.1.7",
        "3.1.8",
        "3.1.9"
      ],
      "database_specific": {
        "source": "https://github.com/github/advisory-database/blob/main/advisories/github-reviewed/2022/05/GHSA-242j-2gm6-5rwx/GHSA-242j-2gm6-5rwx.json"
      }
    },
    {
      "package": {
        "name": "Microsoft.AspNetCore.App.Runtime.win-arm",
        "ecosystem": "NuGet",
        "purl": "pkg:nuget/Microsoft.AspNetCore.App.Runtime.win-arm"
      },
      "ranges": [
        {
          "type": "ECOSYSTEM",
          "events": [
            {
              "introduced": "5.0.0"
            },
            {
              "fixed": "5.0.2"
            }
          ]
        }
      ],
      "versions": [
        "5.0.0",
        "5.0.1"
      ],
      "database_specific": {
        "source": "https://github.com/github/advisory-database/blob/main/advisories/github-reviewed/2022/05/GHSA-242j-2gm6-5rwx/GHSA-242j-2gm6-5rwx.json"
      }
    },
    {
      "package": {
        "name": "Microsoft.AspNetCore.App.Runtime.win-arm64",
        "ecosystem": "NuGet",
        "purl": "pkg:nuget/Microsoft.AspNetCore.App.Runtime.win-arm64"
      },
      "ranges": [
        {
          "type": "ECOSYSTEM",
          "events": [
            {
              "introduced": "3.1.0"
            },
            {
              "fixed": "3.1.11"
            }
          ]
        }
      ],
      "versions": [
        "3.1.10",
        "3.1.5",
        "3.1.6",
        "3.1.7",
        "3.1.8",
        "3.1.9"
      ],
      "database_specific": {
        "source": "https://github.com/github/advisory-database/blob/main/advisories/github-reviewed/2022/05/GHSA-242j-2gm6-5rwx/GHSA-242j-2gm6-5rwx.json"
      }
    },
    {
      "package": {
        "name": "Microsoft.AspNetCore.App.Runtime.win-arm64",
        "ecosystem": "NuGet",
        "purl": "pkg:nuget/Microsoft.AspNetCore.App.Runtime.win-arm64"
      },
      "ranges": [
        {
          "type": "ECOSYSTEM",
          "events": [
            {
              "introduced": "5.0.0"
            },
            {
              "fixed": "5.0.2"
            }
          ]
        }
      ],
      "versions": [
        "5.0.0",
        "5.0.1"
      ],
      "database_specific": {
        "source": "https://github.com/github/advisory-database/blob/main/advisories/github-reviewed/2022/05/GHSA-242j-2gm6-5rwx/GHSA-242j-2gm6-5rwx.json"
      }
    },
    {
      "package": {
        "name": "Microsoft.AspNetCore.App.Runtime.win-x64",
        "ecosystem": "NuGet",
        "purl": "pkg:nuget/Microsoft.AspNetCore.App.Runtime.win-x64"
      },
      "ranges": [
        {
          "type": "ECOSYSTEM",
          "events": [
            {
              "introduced": "3.1.0"
            },
            {
              "fixed": "3.1.11"
            }
          ]
        }
      ],
      "versions": [
        "3.1.0",
        "3.1.1",
        "3.1.10",
        "3.1.2",
        "3.1.3",
        "3.1.4",
        "3.1.5",
        "3.1.6",
        "3.1.7",
        "3.1.8",
        "3.1.9"
      ],
      "database_specific": {
        "source": "https://github.com/github/advisory-database/blob/main/advisories/github-reviewed/2022/05/GHSA-242j-2gm6-5rwx/GHSA-242j-2gm6-5rwx.json"
      }
    },
    {
      "package": {
        "name": "Microsoft.AspNetCore.App.Runtime.win-x64",
        "ecosystem": "NuGet",
        "purl": "pkg:nuget/Microsoft.AspNetCore.App.Runtime.win-x64"
      },
      "ranges": [
        {
          "type": "ECOSYSTEM",
          "events": [
            {
              "introduced": "5.0.0"
            },
            {
              "fixed": "5.0.2"
            }
          ]
        }
      ],
      "versions": [
        "5.0.0",
        "5.0.1"
      ],
      "database_specific": {
        "source": "https://github.com/github/advisory-database/blob/main/advisories/github-reviewed/2022/05/GHSA-242j-2gm6-5rwx/GHSA-242j-2gm6-5rwx.json"
      }
    },
    {
      "package": {
        "name": "Microsoft.AspNetCore.App.Runtime.win-x86",
        "ecosystem": "NuGet",
        "purl": "pkg:nuget/Microsoft.AspNetCore.App.Runtime.win-x86"
      },
      "ranges": [
        {
          "type": "ECOSYSTEM",
          "events": [
            {
              "introduced": "3.1.0"
            },
            {
              "fixed": "3.1.11"
            }
          ]
        }
      ],
      "versions": [
        "3.1.0",
        "3.1.1",
        "3.1.10",
        "3.1.2",
        "3.1.3",
        "3.1.4",
        "3.1.5",
        "3.1.6",
        "3.1.7",
        "3.1.8",
        "3.1.9"
      ],
      "database_specific": {
        "source": "https://github.com/github/advisory-database/blob/main/advisories/github-reviewed/2022/05/GHSA-242j-2gm6-5rwx/GHSA-242j-2gm6-5rwx.json"
      }
    },
    {
      "package": {
        "name": "Microsoft.AspNetCore.App.Runtime.win-x86",
        "ecosystem": "NuGet",
        "purl": "pkg:nuget/Microsoft.AspNetCore.App.Runtime.win-x86"
      },
      "ranges": [
        {
          "type": "ECOSYSTEM",
          "events": [
            {
              "introduced": "5.0.0"
            },
            {
              "fixed": "5.0.2"
            }
          ]
        }
      ],
      "versions": [
        "5.0.0",
        "5.0.1"
      ],
      "database_specific": {
        "source": "https://github.com/github/advisory-database/blob/main/advisories/github-reviewed/2022/05/GHSA-242j-2gm6-5rwx/GHSA-242j-2gm6-5rwx.json"
      }
    },
    {
      "package": {
        "name": "Microsoft.AspNetCore.App.Runtime.linux-musl-arm",
        "ecosystem": "NuGet",
        "purl": "pkg:nuget/Microsoft.AspNetCore.App.Runtime.linux-musl-arm"
      },
      "ranges": [
        {
          "type": "ECOSYSTEM",
          "events": [
            {
              "introduced": "5.0.1"
            },
            {
              "fixed": "5.0.2"
            }
          ]
        }
      ],
      "versions": [
        "5.0.1"
      ],
      "database_specific": {
        "source": "https://github.com/github/advisory-database/blob/main/advisories/github-reviewed/2022/05/GHSA-242j-2gm6-5rwx/GHSA-242j-2gm6-5rwx.json"
      }
    }
  ],
  "schema_version": "1.6.0",
  "severity": [
    {
      "type": "CVSS_V3",
      "score": "CVSS:3.1/AV:N/AC:L/PR:N/UI:N/S:U/C:N/I:N/A:H"
    }
  ]
}