{
  "id": "GHSA-4qf6-vpj8-p4r6",
  "summary": "Cross site scripting in SSCMS",
  "details": "siteserver SSCMS 6.15.51 is vulnerable to Cross Site Scripting (XSS).",
  "aliases": [
    "CVE-2022-30349"
  ],
  "modified": "2023-11-08T04:09:17.754716Z",
  "published": "2022-06-03T00:01:08Z",
  "database_specific": {
    "nvd_published_at": "2022-06-02T14:15:00Z",
    "github_reviewed_at": "2022-06-03T22:29:37Z",
    "severity": "MODERATE",
    "github_reviewed": true,
    "cwe_ids": [
      "CWE-79"
    ]
  },
  "references": [
    {
      "type": "ADVISORY",
      "url": "https://nvd.nist.gov/vuln/detail/CVE-2022-30349"
    },
    {
      "type": "WEB",
      "url": "https://github.com/siteserver/cms/issues/3238"
    },
    {
      "type": "PACKAGE",
      "url": "https://github.com/siteserver/cms"
    }
  ],
  "affected": [
    {
      "package": {
        "name": "SSCMS",
        "ecosystem": "NuGet",
        "purl": "pkg:nuget/SSCMS"
      },
      "versions": [
        "6.15.51"
      ],
      "database_specific": {
        "source": "https://github.com/github/advisory-database/blob/main/advisories/github-reviewed/2022/06/GHSA-4qf6-vpj8-p4r6/GHSA-4qf6-vpj8-p4r6.json"
      }
    }
  ],
  "schema_version": "1.6.0",
  "severity": [
    {
      "type": "CVSS_V3",
      "score": "CVSS:3.1/AV:N/AC:L/PR:N/UI:R/S:C/C:L/I:L/A:N"
    }
  ]
}