{
  "id": "GHSA-hpcf-8vf9-q4gj",
  "summary": "jQuery-UI vulnerable to Cross-site Scripting in dialog closeText",
  "details": "Affected versions of `jquery-ui` are vulnerable to a cross-site scripting vulnerability when arbitrary user input is supplied as the value of the `closeText` parameter in the `dialog` function. \n\njQuery-UI is a library for manipulating UI elements via jQuery.\n\nVersion 1.11.4 has a cross site scripting (XSS) vulnerability in the `closeText` parameter of the `dialog`  function.  If your application passes user input to this parameter, it may be vulnerable to XSS via this attack vector.\n\n\n## Recommendation\n\nUpgrade to jQuery-UI 1.12.0 or later.",
  "aliases": [
    "CVE-2016-7103"
  ],
  "modified": "2024-03-11T05:20:56.476279Z",
  "published": "2017-10-24T18:33:35Z",
  "database_specific": {
    "nvd_published_at": "2017-03-15T16:59:00Z",
    "cwe_ids": [
      "CWE-79"
    ],
    "severity": "MODERATE",
    "github_reviewed": true,
    "github_reviewed_at": "2020-06-16T21:40:44Z"
  },
  "references": [
    {
      "type": "ADVISORY",
      "url": "https://nvd.nist.gov/vuln/detail/CVE-2016-7103"
    },
    {
      "type": "WEB",
      "url": "https://github.com/jquery/api.jqueryui.com/issues/281"
    },
    {
      "type": "WEB",
      "url": "https://github.com/jquery/jquery-ui/pull/1622"
    },
    {
      "type": "WEB",
      "url": "https://github.com/jquery-ui-rails/jquery-ui-rails/commit/d504a40538fe5f7998439ad2f8fc5c4a1f843f1c"
    },
    {
      "type": "WEB",
      "url": "https://github.com/jquery/jquery-ui/commit/9644e7bae9116edaf8d37c5b38cb32b892f10ff6"
    },
    {
      "type": "WEB",
      "url": "https://lists.fedoraproject.org/archives/list/package-announce%40lists.fedoraproject.org/message/HVKIOWSXL2RF2ULNAP7PHESYCFSZIJE3"
    },
    {
      "type": "WEB",
      "url": "https://lists.fedoraproject.org/archives/list/package-announce%40lists.fedoraproject.org/message/SGSY236PYSFYIEBRGDERLA7OSY6D7XL4"
    },
    {
      "type": "WEB",
      "url": "https://lists.fedoraproject.org/archives/list/package-announce@lists.fedoraproject.org/message/E2I4UHPIW26FIALH7GGZ3IYUUA53VOOJ"
    },
    {
      "type": "WEB",
      "url": "https://lists.fedoraproject.org/archives/list/package-announce@lists.fedoraproject.org/message/HVKIOWSXL2RF2ULNAP7PHESYCFSZIJE3"
    },
    {
      "type": "WEB",
      "url": "https://lists.fedoraproject.org/archives/list/package-announce@lists.fedoraproject.org/message/SGSY236PYSFYIEBRGDERLA7OSY6D7XL4"
    },
    {
      "type": "WEB",
      "url": "https://security.netapp.com/advisory/ntap-20190416-0007"
    },
    {
      "type": "WEB",
      "url": "https://web.archive.org/web/20200227030100/http://www.securityfocus.com/bid/104823"
    },
    {
      "type": "WEB",
      "url": "https://www.drupal.org/sa-core-2022-002"
    },
    {
      "type": "WEB",
      "url": "https://www.oracle.com//security-alerts/cpujul2021.html"
    },
    {
      "type": "WEB",
      "url": "https://www.oracle.com/security-alerts/cpuApr2021.html"
    },
    {
      "type": "WEB",
      "url": "https://www.oracle.com/security-alerts/cpuapr2020.html"
    },
    {
      "type": "WEB",
      "url": "https://www.oracle.com/security-alerts/cpujan2022.html"
    },
    {
      "type": "WEB",
      "url": "https://www.oracle.com/technetwork/security-advisory/cpuapr2019-5072813.html"
    },
    {
      "type": "WEB",
      "url": "https://www.oracle.com/technetwork/security-advisory/cpujul2019-5072835.html"
    },
    {
      "type": "WEB",
      "url": "https://www.oracle.com/technetwork/security-advisory/cpuoct2019-5072832.html"
    },
    {
      "type": "WEB",
      "url": "https://lists.fedoraproject.org/archives/list/package-announce%40lists.fedoraproject.org/message/E2I4UHPIW26FIALH7GGZ3IYUUA53VOOJ"
    },
    {
      "type": "WEB",
      "url": "https://lists.debian.org/debian-lts-announce/2022/01/msg00014.html"
    },
    {
      "type": "WEB",
      "url": "https://lists.apache.org/thread.html/ff8dcfe29377088ab655fda9d585dccd5b1f07fabd94ae84fd60a7f8@%3Ccommits.pulsar.apache.org%3E"
    },
    {
      "type": "WEB",
      "url": "https://lists.apache.org/thread.html/ff8dcfe29377088ab655fda9d585dccd5b1f07fabd94ae84fd60a7f8%40%3Ccommits.pulsar.apache.org%3E"
    },
    {
      "type": "WEB",
      "url": "https://lists.apache.org/thread.html/f9bc3e55f4e28d1dcd1a69aae6d53e609a758e34d2869b4d798e13cc@%3Cissues.drill.apache.org%3E"
    },
    {
      "type": "WEB",
      "url": "https://lists.apache.org/thread.html/f9bc3e55f4e28d1dcd1a69aae6d53e609a758e34d2869b4d798e13cc%40%3Cissues.drill.apache.org%3E"
    },
    {
      "type": "WEB",
      "url": "https://lists.apache.org/thread.html/ba79cf1658741e9f146e4c59b50aee56656ea95d841d358d006c18b6@%3Ccommits.roller.apache.org%3E"
    },
    {
      "type": "WEB",
      "url": "https://lists.apache.org/thread.html/ba79cf1658741e9f146e4c59b50aee56656ea95d841d358d006c18b6%40%3Ccommits.roller.apache.org%3E"
    },
    {
      "type": "WEB",
      "url": "https://lists.apache.org/thread.html/b0656d359c7d40ec9f39c8cc61bca66802ef9a2a12ee199f5b0c1442@%3Cdev.drill.apache.org%3E"
    },
    {
      "type": "WEB",
      "url": "https://lists.apache.org/thread.html/b0656d359c7d40ec9f39c8cc61bca66802ef9a2a12ee199f5b0c1442%40%3Cdev.drill.apache.org%3E"
    },
    {
      "type": "WEB",
      "url": "https://lists.apache.org/thread.html/519eb0fd45642dcecd9ff74cb3e71c20a4753f7d82e2f07864b5108f@%3Cdev.drill.apache.org%3E"
    },
    {
      "type": "WEB",
      "url": "https://lists.apache.org/thread.html/519eb0fd45642dcecd9ff74cb3e71c20a4753f7d82e2f07864b5108f%40%3Cdev.drill.apache.org%3E"
    },
    {
      "type": "WEB",
      "url": "https://jqueryui.com/changelog/1.12.0"
    },
    {
      "type": "WEB",
      "url": "https://github.com/rubysec/ruby-advisory-db/blob/master/gems/jquery-ui-rails/CVE-2016-7103.yml"
    },
    {
      "type": "PACKAGE",
      "url": "https://github.com/jquery/jquery-ui"
    },
    {
      "type": "WEB",
      "url": "http://rhn.redhat.com/errata/RHSA-2016-2932.html"
    },
    {
      "type": "WEB",
      "url": "http://rhn.redhat.com/errata/RHSA-2016-2933.html"
    },
    {
      "type": "WEB",
      "url": "http://rhn.redhat.com/errata/RHSA-2017-0161.html"
    },
    {
      "type": "WEB",
      "url": "http://www.oracle.com/technetwork/security-advisory/cpujul2018-4258247.html"
    }
  ],
  "affected": [
    {
      "package": {
        "name": "jquery-ui",
        "ecosystem": "npm",
        "purl": "pkg:npm/jquery-ui"
      },
      "ranges": [
        {
          "type": "SEMVER",
          "events": [
            {
              "introduced": "0"
            },
            {
              "fixed": "1.12.0"
            }
          ]
        }
      ],
      "database_specific": {
        "source": "https://github.com/github/advisory-database/blob/main/advisories/github-reviewed/2017/10/GHSA-hpcf-8vf9-q4gj/GHSA-hpcf-8vf9-q4gj.json"
      }
    },
    {
      "package": {
        "name": "jquery-ui-rails",
        "ecosystem": "RubyGems",
        "purl": "pkg:gem/jquery-ui-rails"
      },
      "ranges": [
        {
          "type": "ECOSYSTEM",
          "events": [
            {
              "introduced": "0"
            },
            {
              "fixed": "6.0.0"
            }
          ]
        }
      ],
      "versions": [
        "0.0.1",
        "0.0.2",
        "0.1.0",
        "0.2.0",
        "0.2.1",
        "0.2.2",
        "0.3.0",
        "0.4.0",
        "0.4.1",
        "0.5.0",
        "1.0.0",
        "1.1.0",
        "1.1.1",
        "2.0.0",
        "2.0.1",
        "2.0.2",
        "3.0.0",
        "3.0.1",
        "4.0.0",
        "4.0.1",
        "4.0.2",
        "4.0.3",
        "4.0.4",
        "4.0.5",
        "4.1.0",
        "4.1.1",
        "4.1.2",
        "4.2.0",
        "4.2.1",
        "5.0.0",
        "5.0.1",
        "5.0.2",
        "5.0.3",
        "5.0.4",
        "5.0.5"
      ],
      "database_specific": {
        "source": "https://github.com/github/advisory-database/blob/main/advisories/github-reviewed/2017/10/GHSA-hpcf-8vf9-q4gj/GHSA-hpcf-8vf9-q4gj.json"
      }
    },
    {
      "package": {
        "name": "org.webjars.npm:jquery-ui",
        "ecosystem": "Maven",
        "purl": "pkg:maven/org.webjars.npm/jquery-ui"
      },
      "ranges": [
        {
          "type": "ECOSYSTEM",
          "events": [
            {
              "introduced": "0"
            },
            {
              "fixed": "1.12.0"
            }
          ]
        }
      ],
      "versions": [
        "1.10.4",
        "1.10.5",
        "1.12.0-rc.2"
      ],
      "database_specific": {
        "source": "https://github.com/github/advisory-database/blob/main/advisories/github-reviewed/2017/10/GHSA-hpcf-8vf9-q4gj/GHSA-hpcf-8vf9-q4gj.json"
      }
    },
    {
      "package": {
        "name": "jQuery.UI.Combined",
        "ecosystem": "NuGet",
        "purl": "pkg:nuget/jQuery.UI.Combined"
      },
      "ranges": [
        {
          "type": "ECOSYSTEM",
          "events": [
            {
              "introduced": "0"
            },
            {
              "fixed": "1.12.0"
            }
          ]
        }
      ],
      "versions": [
        "1.10.0",
        "1.10.1",
        "1.10.2",
        "1.10.3",
        "1.10.4",
        "1.11.0",
        "1.11.1",
        "1.11.2",
        "1.11.3",
        "1.11.4",
        "1.8.10",
        "1.8.11",
        "1.8.12",
        "1.8.13",
        "1.8.14",
        "1.8.15",
        "1.8.16",
        "1.8.17",
        "1.8.18",
        "1.8.19",
        "1.8.20",
        "1.8.20.1",
        "1.8.21",
        "1.8.22",
        "1.8.23",
        "1.8.24",
        "1.8.9",
        "1.9.0",
        "1.9.0-RC1",
        "1.9.1",
        "1.9.2"
      ],
      "database_specific": {
        "source": "https://github.com/github/advisory-database/blob/main/advisories/github-reviewed/2017/10/GHSA-hpcf-8vf9-q4gj/GHSA-hpcf-8vf9-q4gj.json"
      }
    }
  ],
  "schema_version": "1.6.0",
  "severity": [
    {
      "type": "CVSS_V3",
      "score": "CVSS:3.1/AV:N/AC:L/PR:N/UI:R/S:C/C:L/I:L/A:N"
    }
  ]
}