{
  "id": "GHSA-5ppx-g65v-4vfv",
  "summary": "ChakraCore RCE Vulnerability",
  "details": "The Chakra JavaScript engine in Microsoft Edge allows remote attackers to execute arbitrary code via a crafted web site, aka \"Scripting Engine Memory Corruption Vulnerability.\"",
  "aliases": [
    "CVE-2016-3296"
  ],
  "modified": "2024-02-16T08:07:47.388178Z",
  "published": "2022-05-14T02:23:44Z",
  "database_specific": {
    "nvd_published_at": "2016-08-09T21:59:00Z",
    "cwe_ids": [
      "CWE-119"
    ],
    "severity": "HIGH",
    "github_reviewed": true,
    "github_reviewed_at": "2023-07-31T19:10:08Z"
  },
  "references": [
    {
      "type": "ADVISORY",
      "url": "https://nvd.nist.gov/vuln/detail/CVE-2016-3296"
    },
    {
      "type": "WEB",
      "url": "https://docs.microsoft.com/en-us/security-updates/securitybulletins/2016/ms16-096"
    },
    {
      "type": "PACKAGE",
      "url": "https://github.com/chakra-core/ChakraCore"
    },
    {
      "type": "WEB",
      "url": "https://github.com/chakra-core/ChakraCore/wiki/Roadmap"
    },
    {
      "type": "WEB",
      "url": "https://web.archive.org/web/20210116095719/http://www.securitytracker.com/id/1036569"
    },
    {
      "type": "WEB",
      "url": "https://web.archive.org/web/20210123160236/http://www.securityfocus.com/bid/92283"
    }
  ],
  "affected": [
    {
      "package": {
        "name": "Microsoft.ChakraCore",
        "ecosystem": "NuGet",
        "purl": "pkg:nuget/Microsoft.ChakraCore"
      },
      "ranges": [
        {
          "type": "ECOSYSTEM",
          "events": [
            {
              "introduced": "0"
            },
            {
              "last_affected": "1.2.0"
            }
          ]
        }
      ],
      "versions": [
        "1.2.0"
      ],
      "database_specific": {
        "source": "https://github.com/github/advisory-database/blob/main/advisories/github-reviewed/2022/05/GHSA-5ppx-g65v-4vfv/GHSA-5ppx-g65v-4vfv.json"
      }
    }
  ],
  "schema_version": "1.6.0",
  "severity": [
    {
      "type": "CVSS_V3",
      "score": "CVSS:3.0/AV:N/AC:H/PR:N/UI:R/S:U/C:H/I:H/A:H"
    }
  ]
}