{
  "id": "GHSA-gvqv-779r-4jgp",
  "summary": "Use after free in CefSharp",
  "details": "CVE-2020-16017: Use after free in site isolation\n\n- https://chromereleases.googleblog.com/2020/11/stable-channel-update-for-desktop_11.html\n- https://cve.mitre.org/cgi-bin/cvename.cgi?name=CVE-2020-16017\n\nGoogle is aware of reports that exploits for CVE-2020-16013 and CVE-2020-16017 exist in the wild.\n\nThere is currently little to no public information on the issue other than it has been flagged as `High` severity.",
  "aliases": [
    "CVE-2020-16017"
  ],
  "modified": "2023-11-08T04:02:38.949579Z",
  "published": "2020-11-27T20:13:05Z",
  "database_specific": {
    "nvd_published_at": "2021-01-08T19:15:00Z",
    "github_reviewed_at": "2020-11-27T20:06:27Z",
    "severity": "HIGH",
    "github_reviewed": true,
    "cwe_ids": [
      "CWE-416"
    ]
  },
  "references": [
    {
      "type": "WEB",
      "url": "https://github.com/cefsharp/CefSharp/security/advisories/GHSA-gvqv-779r-4jgp"
    },
    {
      "type": "ADVISORY",
      "url": "https://nvd.nist.gov/vuln/detail/CVE-2020-16017"
    },
    {
      "type": "WEB",
      "url": "https://chromereleases.googleblog.com/2020/11/stable-channel-update-for-desktop_11.html"
    },
    {
      "type": "WEB",
      "url": "https://crbug.com/1146709"
    }
  ],
  "affected": [
    {
      "package": {
        "name": "CefSharp.Common",
        "ecosystem": "NuGet",
        "purl": "pkg:nuget/CefSharp.Common"
      },
      "ranges": [
        {
          "type": "ECOSYSTEM",
          "events": [
            {
              "introduced": "0"
            },
            {
              "fixed": "86.0.241"
            }
          ]
        }
      ],
      "versions": [
        "31.0.0-pre1",
        "33.0.0",
        "33.0.2",
        "33.1.0-pre01",
        "37.0.0",
        "37.0.0-pre01",
        "37.0.0-pre02",
        "37.0.1",
        "37.0.2",
        "37.0.3",
        "39.0.0",
        "39.0.0-pre01",
        "39.0.0-pre02",
        "39.0.0-pre03",
        "39.0.1",
        "39.0.2",
        "41.0.0",
        "41.0.0-pre01",
        "41.0.1",
        "43.0.0",
        "43.0.0-pre01",
        "43.0.0-pre02",
        "43.0.1",
        "45.0.0",
        "45.0.0-pre01",
        "47.0.0",
        "47.0.0-pre01",
        "47.0.1",
        "47.0.2",
        "47.0.3",
        "47.0.4",
        "49.0.0",
        "49.0.0-pre01",
        "49.0.0-pre02",
        "49.0.1",
        "51.0.0",
        "51.0.0-pre01",
        "51.0.0-pre02",
        "53.0.0",
        "53.0.0-pre01",
        "53.0.1",
        "55.0.0",
        "55.0.0-pre01",
        "57.0.0",
        "57.0.0-pre01",
        "62.0.0-pre01",
        "62.0.0-proprietary-codecs",
        "62.0.0-proprietary-codecs2",
        "63.0.0",
        "63.0.0-pre01",
        "63.0.0-pre02",
        "63.0.0-pre03",
        "63.0.1",
        "63.0.2",
        "63.0.3",
        "65.0.0",
        "65.0.0-pre01",
        "65.0.0-pre02",
        "65.0.1",
        "67.0.0",
        "67.0.0-pre01",
        "69.0.0",
        "69.0.0-pre01",
        "71.0.0",
        "71.0.0-pre01",
        "71.0.1",
        "71.0.2",
        "73.1.120-pre01",
        "73.1.130",
        "75.1.140-pre01",
        "75.1.141",
        "75.1.142",
        "75.1.143",
        "79.1.310-pre",
        "79.1.350",
        "79.1.360",
        "81.3.100",
        "81.3.20-pre",
        "83.3.120-pre",
        "83.4.20",
        "84.3.10-pre",
        "84.4.10",
        "85.3.120-pre",
        "85.3.121",
        "85.3.121-pre",
        "85.3.130",
        "86.0.240-pre"
      ],
      "database_specific": {
        "source": "https://github.com/github/advisory-database/blob/main/advisories/github-reviewed/2020/11/GHSA-gvqv-779r-4jgp/GHSA-gvqv-779r-4jgp.json"
      }
    },
    {
      "package": {
        "name": "CefSharp.Wpf",
        "ecosystem": "NuGet",
        "purl": "pkg:nuget/CefSharp.Wpf"
      },
      "ranges": [
        {
          "type": "ECOSYSTEM",
          "events": [
            {
              "introduced": "0"
            },
            {
              "fixed": "86.0.241"
            }
          ]
        }
      ],
      "versions": [
        "1.25.2-perlun0",
        "1.25.3",
        "1.25.4",
        "1.25.5",
        "1.25.6",
        "1.25.7",
        "1.25.8",
        "3.29.0-pre0",
        "31.0.0-pre1",
        "33.0.0",
        "33.0.2",
        "33.1.0-pre01",
        "37.0.0",
        "37.0.0-pre01",
        "37.0.0-pre02",
        "37.0.1",
        "37.0.3",
        "39.0.0",
        "39.0.0-pre01",
        "39.0.0-pre02",
        "39.0.0-pre03",
        "39.0.1",
        "39.0.2",
        "41.0.0",
        "41.0.0-pre01",
        "41.0.1",
        "43.0.0",
        "43.0.0-pre01",
        "43.0.0-pre02",
        "43.0.1",
        "45.0.0",
        "45.0.0-pre01",
        "47.0.0",
        "47.0.0-pre01",
        "47.0.1",
        "47.0.2",
        "47.0.3",
        "47.0.4",
        "49.0.0",
        "49.0.0-pre01",
        "49.0.0-pre02",
        "49.0.1",
        "51.0.0",
        "51.0.0-pre01",
        "51.0.0-pre02",
        "53.0.0",
        "53.0.0-pre01",
        "53.0.1",
        "55.0.0",
        "55.0.0-pre01",
        "57.0.0",
        "57.0.0-pre01",
        "62.0.0-pre01",
        "62.0.0-proprietary-codecs",
        "62.0.0-proprietary-codecs2",
        "63.0.0",
        "63.0.0-pre01",
        "63.0.0-pre02",
        "63.0.0-pre03",
        "63.0.1",
        "63.0.2",
        "63.0.3",
        "65.0.0",
        "65.0.0-pre01",
        "65.0.0-pre02",
        "65.0.1",
        "67.0.0",
        "67.0.0-pre01",
        "69.0.0",
        "69.0.0-pre01",
        "71.0.0",
        "71.0.0-pre01",
        "71.0.1",
        "71.0.2",
        "73.1.120-pre01",
        "73.1.130",
        "75.1.140-pre01",
        "75.1.141",
        "75.1.142",
        "75.1.143",
        "79.1.310-pre",
        "79.1.350",
        "79.1.360",
        "81.3.100",
        "81.3.20-pre",
        "83.3.120-pre",
        "83.4.20",
        "84.3.10-pre",
        "84.4.10",
        "85.3.120-pre",
        "85.3.121",
        "85.3.121-pre",
        "85.3.130",
        "86.0.240-pre"
      ],
      "database_specific": {
        "source": "https://github.com/github/advisory-database/blob/main/advisories/github-reviewed/2020/11/GHSA-gvqv-779r-4jgp/GHSA-gvqv-779r-4jgp.json"
      }
    },
    {
      "package": {
        "name": "CefSharp.WinForms",
        "ecosystem": "NuGet",
        "purl": "pkg:nuget/CefSharp.WinForms"
      },
      "ranges": [
        {
          "type": "ECOSYSTEM",
          "events": [
            {
              "introduced": "0"
            },
            {
              "fixed": "86.0.241"
            }
          ]
        }
      ],
      "versions": [
        "1.25.3",
        "33.0.0",
        "33.0.2",
        "33.1.0-pre01",
        "37.0.0",
        "37.0.0-pre01",
        "37.0.0-pre02",
        "37.0.1",
        "37.0.3",
        "39.0.0",
        "39.0.0-pre01",
        "39.0.0-pre02",
        "39.0.0-pre03",
        "39.0.1",
        "39.0.2",
        "41.0.0",
        "41.0.0-pre01",
        "41.0.1",
        "43.0.0",
        "43.0.0-pre01",
        "43.0.0-pre02",
        "43.0.1",
        "45.0.0",
        "45.0.0-pre01",
        "47.0.0",
        "47.0.0-pre01",
        "47.0.1",
        "47.0.2",
        "47.0.3",
        "47.0.4",
        "49.0.0",
        "49.0.0-pre01",
        "49.0.0-pre02",
        "49.0.1",
        "51.0.0",
        "51.0.0-pre01",
        "51.0.0-pre02",
        "53.0.0",
        "53.0.0-pre01",
        "53.0.1",
        "55.0.0",
        "55.0.0-pre01",
        "57.0.0",
        "57.0.0-pre01",
        "62.0.0-pre01",
        "62.0.0-proprietary-codecs",
        "62.0.0-proprietary-codecs2",
        "63.0.0",
        "63.0.0-pre01",
        "63.0.0-pre02",
        "63.0.0-pre03",
        "63.0.1",
        "63.0.2",
        "63.0.3",
        "65.0.0",
        "65.0.0-pre01",
        "65.0.0-pre02",
        "65.0.1",
        "67.0.0",
        "67.0.0-pre01",
        "69.0.0",
        "69.0.0-pre01",
        "71.0.0",
        "71.0.0-pre01",
        "71.0.1",
        "71.0.2",
        "73.1.120-pre01",
        "73.1.130",
        "75.1.140-pre01",
        "75.1.141",
        "75.1.142",
        "75.1.143",
        "79.1.310-pre",
        "79.1.350",
        "79.1.360",
        "81.3.100",
        "81.3.20-pre",
        "83.3.120-pre",
        "83.4.20",
        "84.3.10-pre",
        "84.4.10",
        "85.3.120-pre",
        "85.3.121",
        "85.3.121-pre",
        "85.3.130",
        "86.0.240-pre"
      ],
      "database_specific": {
        "source": "https://github.com/github/advisory-database/blob/main/advisories/github-reviewed/2020/11/GHSA-gvqv-779r-4jgp/GHSA-gvqv-779r-4jgp.json"
      }
    },
    {
      "package": {
        "name": "CefSharp.Wpf.HwndHost",
        "ecosystem": "NuGet",
        "purl": "pkg:nuget/CefSharp.Wpf.HwndHost"
      },
      "ranges": [
        {
          "type": "ECOSYSTEM",
          "events": [
            {
              "introduced": "0"
            },
            {
              "fixed": "86.0.241"
            }
          ]
        }
      ],
      "versions": [
        "83.4.20-pre",
        "84.4.10",
        "85.3.121",
        "85.3.130"
      ],
      "database_specific": {
        "source": "https://github.com/github/advisory-database/blob/main/advisories/github-reviewed/2020/11/GHSA-gvqv-779r-4jgp/GHSA-gvqv-779r-4jgp.json"
      }
    }
  ],
  "schema_version": "1.6.0"
}