{
  "id": "GHSA-5mfx-4wcx-rv27",
  "summary": "Azure Identity SDK Remote Code Execution Vulnerability",
  "details": "Azure Identity SDK is vulnerable to remote code execution.",
  "aliases": [
    "CVE-2023-36414"
  ],
  "modified": "2024-02-16T08:18:17.701740Z",
  "published": "2023-10-10T18:31:33Z",
  "database_specific": {
    "nvd_published_at": "2023-10-10T18:15:12Z",
    "cwe_ids": [],
    "severity": "HIGH",
    "github_reviewed": true,
    "github_reviewed_at": "2023-10-18T17:34:16Z"
  },
  "references": [
    {
      "type": "ADVISORY",
      "url": "https://nvd.nist.gov/vuln/detail/CVE-2023-36414"
    },
    {
      "type": "PACKAGE",
      "url": "https://github.com/Azure/azure-sdk-for-net"
    },
    {
      "type": "WEB",
      "url": "https://github.com/Azure/azure-sdk-for-net/blob/main/sdk/identity/Azure.Identity/CHANGELOG.md#1102-2023-10-10"
    },
    {
      "type": "WEB",
      "url": "https://msrc.microsoft.com/update-guide/vulnerability/CVE-2023-36414"
    }
  ],
  "affected": [
    {
      "package": {
        "name": "Azure.Identity",
        "ecosystem": "NuGet",
        "purl": "pkg:nuget/Azure.Identity"
      },
      "ranges": [
        {
          "type": "ECOSYSTEM",
          "events": [
            {
              "introduced": "0"
            },
            {
              "fixed": "1.10.2"
            }
          ]
        }
      ],
      "versions": [
        "1.0.0",
        "1.1.0",
        "1.1.1",
        "1.10.0",
        "1.10.1",
        "1.2.0",
        "1.2.1",
        "1.2.2",
        "1.2.3",
        "1.3.0",
        "1.4.0",
        "1.4.1",
        "1.5.0",
        "1.6.0",
        "1.6.1",
        "1.7.0",
        "1.8.0",
        "1.8.1",
        "1.8.2",
        "1.9.0"
      ],
      "database_specific": {
        "source": "https://github.com/github/advisory-database/blob/main/advisories/github-reviewed/2023/10/GHSA-5mfx-4wcx-rv27/GHSA-5mfx-4wcx-rv27.json"
      }
    }
  ],
  "schema_version": "1.6.0",
  "severity": [
    {
      "type": "CVSS_V3",
      "score": "CVSS:3.1/AV:N/AC:L/PR:L/UI:N/S:U/C:H/I:H/A:H"
    }
  ]
}