{
  "id": "GHSA-gfhp-jgp6-838j",
  "summary": "Orckestra C1 CMS's deserialization of untrusted data allows for arbitrary code execution.",
  "details": "### Impact\n\nThis vulnerability allows remote attackers to execute arbitrary code on affected installations of Orckestra C1 CMS. \nAuthentication is required to exploit this vulnerability.\nThe authenticated user may perform the actions unknowingly by visiting a specially crafted site.\n\n### Patches\nPatched in C1 CMS v6.13\n\n### Workarounds\nUpgrade to C1 CMS v6.13 or newer is required\n\n### Credit\nThis issue was discovered and reported by Markus Wulftange  / [Code White GmbH](https://code-white.com/en/).\n",
  "aliases": [
    "CVE-2022-39256"
  ],
  "modified": "2023-11-08T04:10:16.883378Z",
  "published": "2022-09-30T04:54:06Z",
  "database_specific": {
    "nvd_published_at": "2022-09-27T15:15:00Z",
    "github_reviewed_at": "2022-09-30T04:54:06Z",
    "severity": "CRITICAL",
    "github_reviewed": true,
    "cwe_ids": [
      "CWE-502"
    ]
  },
  "references": [
    {
      "type": "WEB",
      "url": "https://github.com/Orckestra/C1-CMS-Foundation/security/advisories/GHSA-gfhp-jgp6-838j"
    },
    {
      "type": "ADVISORY",
      "url": "https://nvd.nist.gov/vuln/detail/CVE-2022-39256"
    },
    {
      "type": "WEB",
      "url": "https://github.com/Orckestra/C1-CMS-Foundation/pull/814"
    },
    {
      "type": "WEB",
      "url": "https://github.com/Orckestra/C1-CMS-Foundation/commit/af856ab5a62d19acf6aea1b1f4c6c3c4985c9446"
    },
    {
      "type": "PACKAGE",
      "url": "https://github.com/Orckestra/C1-CMS-Foundation"
    },
    {
      "type": "WEB",
      "url": "https://github.com/Orckestra/C1-CMS-Foundation/releases/tag/v6.13"
    }
  ],
  "affected": [
    {
      "package": {
        "name": "CompositeC1.Core",
        "ecosystem": "NuGet",
        "purl": "pkg:nuget/CompositeC1.Core"
      },
      "ranges": [
        {
          "type": "ECOSYSTEM",
          "events": [
            {
              "introduced": "0"
            },
            {
              "fixed": "6.13"
            }
          ]
        }
      ],
      "versions": [
        "4.2.0",
        "4.2.1",
        "4.3.0",
        "4.3.0-beta1",
        "5.0.0",
        "5.1.0",
        "5.2.0",
        "5.3.0",
        "5.4.0",
        "5.5.0",
        "6.0.0",
        "6.1.0",
        "6.10.0",
        "6.11.0",
        "6.12.0",
        "6.2.0",
        "6.3.0",
        "6.4.0",
        "6.5.0",
        "6.6.0",
        "6.7.0",
        "6.8.0",
        "6.9.0"
      ],
      "database_specific": {
        "source": "https://github.com/github/advisory-database/blob/main/advisories/github-reviewed/2022/09/GHSA-gfhp-jgp6-838j/GHSA-gfhp-jgp6-838j.json"
      }
    }
  ],
  "schema_version": "1.6.0",
  "severity": [
    {
      "type": "CVSS_V3",
      "score": "CVSS:3.1/AV:N/AC:L/PR:L/UI:R/S:C/C:H/I:H/A:H"
    }
  ]
}