{
  "id": "GHSA-rvrj-j7cc-236p",
  "summary": "DotNetNuke (DNN) Cross-site scripting (XSS) vulnerability via the __dnnVariable parameter",
  "details": "Cross-site scripting (XSS) vulnerability in DotNetNuke (DNN) before 6.2.9 and 7.x before 7.1.1 allows remote attackers to inject arbitrary web script or HTML via the __dnnVariable parameter to the default URI.",
  "aliases": [
    "CVE-2013-4649"
  ],
  "modified": "2024-02-16T08:20:55.802654Z",
  "published": "2022-05-17T01:33:02Z",
  "database_specific": {
    "nvd_published_at": "2014-03-12T14:55:00Z",
    "cwe_ids": [
      "CWE-79"
    ],
    "severity": "MODERATE",
    "github_reviewed": true,
    "github_reviewed_at": "2023-08-28T23:44:04Z"
  },
  "references": [
    {
      "type": "ADVISORY",
      "url": "https://nvd.nist.gov/vuln/detail/CVE-2013-4649"
    },
    {
      "type": "WEB",
      "url": "https://exchange.xforce.ibmcloud.com/vulnerabilities/86432"
    },
    {
      "type": "PACKAGE",
      "url": "https://github.com/dnnsoftware/Dnn.Platform"
    },
    {
      "type": "WEB",
      "url": "http://packetstormsecurity.com/files/122792/DotNetNuke-DNN-7.1.0-6.2.8-Cross-Site-Scripting.html"
    },
    {
      "type": "WEB",
      "url": "http://secunia.com/advisories/53493"
    },
    {
      "type": "WEB",
      "url": "http://www.dnnsoftware.com/platform/manage/security-center"
    }
  ],
  "affected": [
    {
      "package": {
        "name": "DotNetNuke.Core",
        "ecosystem": "NuGet",
        "purl": "pkg:nuget/DotNetNuke.Core"
      },
      "ranges": [
        {
          "type": "ECOSYSTEM",
          "events": [
            {
              "introduced": "0"
            },
            {
              "fixed": "6.2.9"
            }
          ]
        }
      ],
      "versions": [
        "6.0.0"
      ],
      "database_specific": {
        "source": "https://github.com/github/advisory-database/blob/main/advisories/github-reviewed/2022/05/GHSA-rvrj-j7cc-236p/GHSA-rvrj-j7cc-236p.json"
      }
    },
    {
      "package": {
        "name": "DotNetNuke.Core",
        "ecosystem": "NuGet",
        "purl": "pkg:nuget/DotNetNuke.Core"
      },
      "ranges": [
        {
          "type": "ECOSYSTEM",
          "events": [
            {
              "introduced": "7.0"
            },
            {
              "fixed": "7.1.1"
            }
          ]
        }
      ],
      "versions": [
        "7.0.0",
        "7.0.6.121",
        "7.1.0"
      ],
      "database_specific": {
        "source": "https://github.com/github/advisory-database/blob/main/advisories/github-reviewed/2022/05/GHSA-rvrj-j7cc-236p/GHSA-rvrj-j7cc-236p.json"
      }
    }
  ],
  "schema_version": "1.6.0"
}