{
  "id": "GHSA-mw9h-hcp7-fgc6",
  "summary": "Exposure of Sensitive Information in OPCFoundation.NetStandard.Opc.Ua.Server",
  "details": "OPC UA .NET Standard Reference Server 1.04.368 allows a remote attacker to cause the application to access sensitive information.",
  "aliases": [
    "CVE-2022-33916"
  ],
  "modified": "2023-11-08T04:09:40.944298Z",
  "published": "2022-08-24T00:00:32Z",
  "database_specific": {
    "nvd_published_at": "2022-08-23T01:15:00Z",
    "github_reviewed_at": "2022-08-29T18:41:29Z",
    "severity": "MODERATE",
    "github_reviewed": true,
    "cwe_ids": [
      "CWE-200"
    ]
  },
  "references": [
    {
      "type": "ADVISORY",
      "url": "https://nvd.nist.gov/vuln/detail/CVE-2022-33916"
    },
    {
      "type": "WEB",
      "url": "https://github.com/OPCFoundation/UA-.NETStandard/commit/313aa2a2499d8690cf719a67176e131517bb8b78"
    },
    {
      "type": "WEB",
      "url": "https://files.opcfoundation.org/SecurityBulletins/OPC%20Foundation%20Security%20Bulletin%20CVE-2022-33916.pdf"
    },
    {
      "type": "PACKAGE",
      "url": "https://github.com/OPCFoundation/UA-.NETStandard"
    }
  ],
  "affected": [
    {
      "package": {
        "name": "OPCFoundation.NetStandard.Opc.Ua.Server",
        "ecosystem": "NuGet",
        "purl": "pkg:nuget/OPCFoundation.NetStandard.Opc.Ua.Server"
      },
      "ranges": [
        {
          "type": "ECOSYSTEM",
          "events": [
            {
              "introduced": "0"
            },
            {
              "fixed": "1.4.370.9"
            }
          ]
        }
      ],
      "versions": [
        "1.4.363.104-preview",
        "1.4.363.107",
        "1.4.364.40",
        "1.4.365-gfc341ee8c5",
        "1.4.365.1-preview",
        "1.4.365.10",
        "1.4.365.2",
        "1.4.365.23",
        "1.4.365.48",
        "1.4.366.31-preview",
        "1.4.366.38",
        "1.4.367.100",
        "1.4.367.39",
        "1.4.367.41",
        "1.4.367.42",
        "1.4.367.64-preview",
        "1.4.367.75",
        "1.4.367.95",
        "1.4.368.27-preview",
        "1.4.368.33",
        "1.4.368.52-preview",
        "1.4.368.53",
        "1.4.368.58",
        "1.4.369.30",
        "1.4.370.1"
      ],
      "database_specific": {
        "source": "https://github.com/github/advisory-database/blob/main/advisories/github-reviewed/2022/08/GHSA-mw9h-hcp7-fgc6/GHSA-mw9h-hcp7-fgc6.json"
      }
    }
  ],
  "schema_version": "1.6.0",
  "severity": [
    {
      "type": "CVSS_V3",
      "score": "CVSS:3.1/AV:N/AC:L/PR:N/UI:N/S:U/C:L/I:N/A:N"
    }
  ]
}