{
  "id": "GHSA-538h-6rv2-wmj3",
  "summary": "ChakraCore RCE Vulnerability",
  "details": "The Chakra JavaScript engine in Microsoft Edge allows remote attackers to execute arbitrary code or cause a denial of service (memory corruption) via a crafted web site, aka \"Scripting Engine Memory Corruption Vulnerability,\" a different vulnerability than CVE-2016-3199.",
  "aliases": [
    "CVE-2016-3214"
  ],
  "modified": "2024-02-16T08:15:09.177970Z",
  "published": "2022-05-14T02:24:33Z",
  "database_specific": {
    "nvd_published_at": "2016-06-16T01:59:00Z",
    "cwe_ids": [
      "CWE-119"
    ],
    "severity": "HIGH",
    "github_reviewed": true,
    "github_reviewed_at": "2023-07-31T20:28:04Z"
  },
  "references": [
    {
      "type": "ADVISORY",
      "url": "https://nvd.nist.gov/vuln/detail/CVE-2016-3214"
    },
    {
      "type": "WEB",
      "url": "https://github.com/chakra-core/ChakraCore/commit/0b9f3cdd57cb09388fcf898edc537169c45a7345"
    },
    {
      "type": "WEB",
      "url": "https://docs.microsoft.com/en-us/security-updates/securitybulletins/2016/ms16-068"
    },
    {
      "type": "PACKAGE",
      "url": "https://github.com/chakra-core/ChakraCore"
    },
    {
      "type": "WEB",
      "url": "https://web.archive.org/web/20211129115034/http://www.securitytracker.com/id/1036099"
    }
  ],
  "affected": [
    {
      "package": {
        "name": "Microsoft.ChakraCore",
        "ecosystem": "NuGet",
        "purl": "pkg:nuget/Microsoft.ChakraCore"
      },
      "ranges": [
        {
          "type": "ECOSYSTEM",
          "events": [
            {
              "introduced": "0"
            },
            {
              "fixed": "1.3.0"
            }
          ]
        }
      ],
      "versions": [
        "1.2.0",
        "1.2.1",
        "1.2.2",
        "1.2.3",
        "1.2.6.62716-preview"
      ],
      "database_specific": {
        "source": "https://github.com/github/advisory-database/blob/main/advisories/github-reviewed/2022/05/GHSA-538h-6rv2-wmj3/GHSA-538h-6rv2-wmj3.json"
      }
    }
  ],
  "schema_version": "1.6.0",
  "severity": [
    {
      "type": "CVSS_V3",
      "score": "CVSS:3.0/AV:N/AC:L/PR:N/UI:R/S:U/C:H/I:H/A:H"
    }
  ]
}