{
  "id": "GHSA-8336-mxp6-v5h9",
  "summary": "Moderate severity vulnerability that affects OPCFoundation.NetStandard.Opc.Ua",
  "details": "Failure to validate certificates in OPC Foundation UA Client Applications communicating without security allows attackers with control over a piece of network infrastructure to decrypt passwords.",
  "aliases": [
    "CVE-2018-12087"
  ],
  "modified": "2023-11-08T03:59:49.175653Z",
  "published": "2018-10-16T19:51:18Z",
  "database_specific": {
    "nvd_published_at": null,
    "github_reviewed_at": "2020-06-16T21:24:04Z",
    "severity": "MODERATE",
    "github_reviewed": true,
    "cwe_ids": [
      "CWE-295"
    ]
  },
  "references": [
    {
      "type": "ADVISORY",
      "url": "https://nvd.nist.gov/vuln/detail/CVE-2018-12087"
    },
    {
      "type": "ADVISORY",
      "url": "https://github.com/advisories/GHSA-8336-mxp6-v5h9"
    },
    {
      "type": "WEB",
      "url": "https://opcfoundation-onlineapplications.org/faq/SecurityBulletins/OPC_Foundation_Security_Bulletin_CVE-2018-12087.pdf"
    }
  ],
  "affected": [
    {
      "package": {
        "name": "OPCFoundation.NetStandard.Opc.Ua",
        "ecosystem": "NuGet",
        "purl": "pkg:nuget/OPCFoundation.NetStandard.Opc.Ua"
      },
      "ranges": [
        {
          "type": "ECOSYSTEM",
          "events": [
            {
              "introduced": "0"
            },
            {
              "fixed": "1.4.353.15"
            }
          ]
        }
      ],
      "versions": [
        "0.4.0",
        "0.4.1",
        "0.4.3",
        "0.4.4",
        "0.4.5",
        "1.3.348",
        "1.3.349",
        "1.3.350",
        "1.3.350.1",
        "1.3.350.3",
        "1.3.350.4",
        "1.3.350.5",
        "1.3.350.6",
        "1.3.351.7",
        "1.3.352.10",
        "1.3.352.11",
        "1.3.352.12",
        "1.3.352.9",
        "1.4.353.13",
        "1.4.353.14"
      ],
      "database_specific": {
        "last_known_affected_version_range": "<= 1.4.352.12",
        "source": "https://github.com/github/advisory-database/blob/main/advisories/github-reviewed/2018/10/GHSA-8336-mxp6-v5h9/GHSA-8336-mxp6-v5h9.json"
      }
    }
  ],
  "schema_version": "1.6.0",
  "severity": [
    {
      "type": "CVSS_V3",
      "score": "CVSS:3.0/AV:P/AC:L/PR:N/UI:N/S:C/C:H/I:N/A:N"
    }
  ]
}