{
  "id": "GHSA-fr44-546p-7xcp",
  "summary": "MsQuic Remote Denial of Service Vulnerability",
  "details": "### Impact\nThe MsQuic server will continue to leak memory until no more is available, resulting in a denial of service.\n\n### Patches\nThe following patch was made:\n\n- Fix Memory Leak from Multiple Decodes of TP - https://github.com/microsoft/msquic/commit/d364feeda0dd8b729eca6fef149c1ef98630f0cb\n\n### Workarounds\nBeyond upgrading to the patched versions, there is no other workaround.\n",
  "aliases": [
    "BIT-dotnet-2023-36435",
    "BIT-dotnet-sdk-2023-36435",
    "CVE-2023-36435"
  ],
  "modified": "2024-02-16T08:18:15.166119Z",
  "published": "2023-10-10T22:23:28Z",
  "database_specific": {
    "nvd_published_at": "2023-10-10T18:15:12Z",
    "cwe_ids": [
      "CWE-401"
    ],
    "severity": "HIGH",
    "github_reviewed": true,
    "github_reviewed_at": "2023-10-10T22:23:28Z"
  },
  "references": [
    {
      "type": "WEB",
      "url": "https://github.com/microsoft/msquic/security/advisories/GHSA-fr44-546p-7xcp"
    },
    {
      "type": "ADVISORY",
      "url": "https://nvd.nist.gov/vuln/detail/CVE-2023-36435"
    },
    {
      "type": "WEB",
      "url": "https://github.com/microsoft/msquic/commit/d364feeda0dd8b729eca6fef149c1ef98630f0cb"
    },
    {
      "type": "PACKAGE",
      "url": "https://github.com/microsoft/msquic"
    },
    {
      "type": "WEB",
      "url": "https://msrc.microsoft.com/update-guide/vulnerability/CVE-2023-36435"
    }
  ],
  "affected": [
    {
      "package": {
        "name": "Microsoft.Native.Quic.MsQuic.OpenSSL",
        "ecosystem": "NuGet",
        "purl": "pkg:nuget/Microsoft.Native.Quic.MsQuic.OpenSSL"
      },
      "ranges": [
        {
          "type": "ECOSYSTEM",
          "events": [
            {
              "introduced": "0"
            },
            {
              "fixed": "2.2.3"
            }
          ]
        }
      ],
      "versions": [
        "1.8.0"
      ],
      "database_specific": {
        "source": "https://github.com/github/advisory-database/blob/main/advisories/github-reviewed/2023/10/GHSA-fr44-546p-7xcp/GHSA-fr44-546p-7xcp.json"
      }
    },
    {
      "package": {
        "name": "Microsoft.Native.Quic.MsQuic.Schannel",
        "ecosystem": "NuGet",
        "purl": "pkg:nuget/Microsoft.Native.Quic.MsQuic.Schannel"
      },
      "ranges": [
        {
          "type": "ECOSYSTEM",
          "events": [
            {
              "introduced": "0"
            },
            {
              "fixed": "2.2.3"
            }
          ]
        }
      ],
      "versions": [
        "1.8.0"
      ],
      "database_specific": {
        "source": "https://github.com/github/advisory-database/blob/main/advisories/github-reviewed/2023/10/GHSA-fr44-546p-7xcp/GHSA-fr44-546p-7xcp.json"
      }
    }
  ],
  "schema_version": "1.6.0",
  "severity": [
    {
      "type": "CVSS_V3",
      "score": "CVSS:3.1/AV:N/AC:L/PR:N/UI:N/S:U/C:N/I:N/A:H"
    }
  ]
}