{
  "id": "GHSA-jcmq-5rrv-j2g4",
  "summary": "PowerShell is subject to remote code execution vulnerability",
  "details": "# Microsoft Security Advisory CVE-2020-0605: .NET Framework Remote Code Execution Vulnerability\n\n## Executive Summary\n\nA remote code execution vulnerability exists in .NET software when the software fails to check the source markup of a file.\n\nAn attacker who successfully exploited the vulnerability could run arbitrary code in the context of the current user. If the current user is logged on with administrative user rights, an attacker could take control of the affected system. An attacker could then install programs; view, change, or delete data; or create new accounts with full user rights. Users whose accounts are configured to have fewer user rights on the system could be less impacted than users who operate with administrative user rights.\n\nExploitation of the vulnerability requires that a user open a specially crafted file with an affected version of .NET Framework. In an email attack scenario, an attacker could exploit the vulnerability by sending the specially crafted file to the user and convincing the user to open the file.\n\nThe security update addresses the vulnerability by correcting how .NET Framework checks the source markup of a file.\n\n## Discussion\n\nPlease [open a support question](https://github.com/PowerShell/PowerShell/issues/new?assignees=&labels=Issue-Question&template=Support_Question.md&title=Support+Question) to discuss the PowerShell aspects of this advisory.\nPlease use https://github.com/dotnet/wpf/issues/2424 for discussion of the .NET WPF aspects of this advisory.\n\n## <a name=\"affected-software\">Affected Software</a>\n\nThe vulnerability affects PowerShell prior to the following versions:\n\n| PowerShell Core Version | Fixed in          |\n|-------------------------|-------------------|\n| 6.2                     | Not Affected              |\n| 7.0                     | 7.0.0              |\n## Advisory FAQ\n\n### How do I know if I am affected?\n\nIf all of the following are true:\n\n1. Run `pwsh -v`, then, check the version in the table in [Affected Software](#user-content-affected-software) to see if your version of PowerShell is affected.\n1. If you are running a version of PowerShell where the executable is not `pwsh` or `pwsh.exe`, then you are affected.  This only existed for preview version of `7.0`.\n\n### How do I update to an unaffected version?\n\nFollow the instructions at [Installing PowerShell](https://docs.microsoft.com/en-us/powershell/scripting/setup/installing-powershell?view=powershell-7) to install the latest version of PowerShell.\n\n## Other Information\n\n### Reporting Security Issues\n\nIf you have found a potential security issue in PowerShell,\nplease email details to secure@microsoft.com.\n\n### Support\n\nYou can ask questions about this issue on GitHub in the PowerShell organization.\nThis is located at https://github.com/PowerShell/.\nThe Announcements repo (https://github.com/PowerShell/Announcements)\nwill contain this bulletin as an issue and will include a link to a discussion issue where you can ask questions.\n\n### What if the update breaks my script or module?\n\nYou can uninstall the newer version of PowerShell and install the previous version of PowerShell.\nThis should be treated as a temporary measure.\nTherefore, the script or module should be updated to work with the patched version of PowerShell.\n\n### Acknowledgments\n\nSoroush Dalili ([@irsdl](https://twitter.com/irsdl))\n\n### External Links\n\n[CVE-2020-0605](https://portal.msrc.microsoft.com/en-US/security-guidance/advisory/CVE-2020-0605)\n\n### Revisions\n\n<!-- TBD: update date -->\nV1.0 (March 10, 2020): Advisory published.\n\n*Version 1.0*\n*Last Updated 2020-03-10*",
  "modified": "2024-02-16T08:15:41.839064Z",
  "published": "2024-02-02T21:04:47Z",
  "database_specific": {
    "nvd_published_at": null,
    "cwe_ids": [],
    "severity": "HIGH",
    "github_reviewed": true,
    "github_reviewed_at": "2024-02-02T21:04:47Z"
  },
  "references": [
    {
      "type": "WEB",
      "url": "https://github.com/PowerShell/PowerShell/security/advisories/GHSA-jcmq-5rrv-j2g4"
    }
  ],
  "affected": [
    {
      "package": {
        "name": "PowerShell",
        "ecosystem": "NuGet",
        "purl": "pkg:nuget/PowerShell"
      },
      "ranges": [
        {
          "type": "ECOSYSTEM",
          "events": [
            {
              "introduced": "0"
            },
            {
              "fixed": "7.0.0"
            }
          ]
        }
      ],
      "versions": [
        "1.0.0",
        "6.2.2",
        "6.2.3",
        "6.2.4",
        "6.2.5",
        "6.2.6",
        "6.2.7"
      ],
      "database_specific": {
        "source": "https://github.com/github/advisory-database/blob/main/advisories/github-reviewed/2024/02/GHSA-jcmq-5rrv-j2g4/GHSA-jcmq-5rrv-j2g4.json"
      }
    }
  ],
  "schema_version": "1.6.0",
  "severity": [
    {
      "type": "CVSS_V3",
      "score": "CVSS:3.1/AV:N/AC:L/PR:N/UI:R/S:U/C:H/I:H/A:H"
    }
  ]
}