{
  "id": "GHSA-9q94-v7ch-mxqw",
  "summary": "Insufficient Session Expiration and TOCTOU Race Condition in OPC FOundation UA .Net Standard",
  "details": "This vulnerability allows remote attackers to create a denial-of-service condition on affected installations of OPC Foundation UA .NET Standard 1.04.358.30. Authentication is not required to exploit this vulnerability. The specific flaw exists within the handling of sessions. The issue results from the lack of proper locking when performing operations on an object. An attacker can leverage this vulnerability to create a denial-of-service condition against the application. Was ZDI-CAN-10295.",
  "aliases": [
    "CVE-2020-8867"
  ],
  "modified": "2024-02-17T05:36:56.218778Z",
  "published": "2021-08-02T17:35:42Z",
  "database_specific": {
    "nvd_published_at": "2020-04-22T21:15:00Z",
    "cwe_ids": [
      "CWE-367",
      "CWE-613"
    ],
    "severity": "MODERATE",
    "github_reviewed": true,
    "github_reviewed_at": "2021-05-25T20:12:12Z"
  },
  "references": [
    {
      "type": "ADVISORY",
      "url": "https://nvd.nist.gov/vuln/detail/CVE-2020-8867"
    },
    {
      "type": "WEB",
      "url": "https://github.com/OPCFoundation/UA-.NETStandard/releases/tag/1.4.359.31"
    },
    {
      "type": "WEB",
      "url": "https://opcfoundation.org/SecurityBulletins/OPC%20Foundation%20Security%20Bulletin%20CVE-2020-8867.pdf"
    },
    {
      "type": "WEB",
      "url": "https://www.zerodayinitiative.com/advisories/ZDI-20-536"
    }
  ],
  "affected": [
    {
      "package": {
        "name": "OPCFoundation.NetStandard.Opc.Ua",
        "ecosystem": "NuGet",
        "purl": "pkg:nuget/OPCFoundation.NetStandard.Opc.Ua"
      },
      "ranges": [
        {
          "type": "ECOSYSTEM",
          "events": [
            {
              "introduced": "0"
            },
            {
              "fixed": "1.4.359.31"
            }
          ]
        }
      ],
      "versions": [
        "0.4.0",
        "0.4.1",
        "0.4.3",
        "0.4.4",
        "0.4.5",
        "1.3.348",
        "1.3.349",
        "1.3.350",
        "1.3.350.1",
        "1.3.350.3",
        "1.3.350.4",
        "1.3.350.5",
        "1.3.350.6",
        "1.3.351.7",
        "1.3.352.10",
        "1.3.352.11",
        "1.3.352.12",
        "1.3.352.9",
        "1.4.353.13",
        "1.4.353.14",
        "1.4.353.15",
        "1.4.354.16-preview",
        "1.4.354.18-preview",
        "1.4.354.19-preview",
        "1.4.354.20-preview",
        "1.4.354.21",
        "1.4.354.23",
        "1.4.355.24-preview",
        "1.4.355.25",
        "1.4.355.26",
        "1.4.356.27",
        "1.4.357.28",
        "1.4.358.29-preview",
        "1.4.358.30"
      ],
      "database_specific": {
        "last_known_affected_version_range": "<= 1.4.358.30",
        "source": "https://github.com/github/advisory-database/blob/main/advisories/github-reviewed/2021/08/GHSA-9q94-v7ch-mxqw/GHSA-9q94-v7ch-mxqw.json"
      }
    }
  ],
  "schema_version": "1.6.0",
  "severity": [
    {
      "type": "CVSS_V3",
      "score": "CVSS:3.1/AV:N/AC:L/PR:N/UI:N/S:U/C:N/I:N/A:H"
    }
  ]
}