{
  "id": "GHSA-3cf7-7wq6-8842",
  "summary": "ASP.NET Core Denial of Service Vulnerability",
  "details": "A denial of service vulnerability exists when ASP.NET Core improperly handles web requests, aka 'ASP.NET Core Denial of Service Vulnerability'.",
  "aliases": [
    "BIT-aspnet-core-2020-1161",
    "CVE-2020-1161"
  ],
  "modified": "2023-12-06T01:00:02.275150Z",
  "published": "2022-05-24T17:18:32Z",
  "database_specific": {
    "nvd_published_at": "2020-05-21T23:15:00Z",
    "github_reviewed_at": "2022-10-21T21:04:37Z",
    "severity": "HIGH",
    "github_reviewed": true,
    "cwe_ids": [
      "CWE-20"
    ]
  },
  "references": [
    {
      "type": "ADVISORY",
      "url": "https://nvd.nist.gov/vuln/detail/CVE-2020-1161"
    },
    {
      "type": "WEB",
      "url": "https://github.com/aspnet/Announcements/issues/416"
    },
    {
      "type": "WEB",
      "url": "https://portal.msrc.microsoft.com/en-US/security-guidance/advisory/CVE-2020-1161"
    }
  ],
  "affected": [
    {
      "package": {
        "name": "Microsoft.AspNetCore.App.Runtime.linux-arm",
        "ecosystem": "NuGet",
        "purl": "pkg:nuget/Microsoft.AspNetCore.App.Runtime.linux-arm"
      },
      "ranges": [
        {
          "type": "ECOSYSTEM",
          "events": [
            {
              "introduced": "3.1.0"
            },
            {
              "fixed": "3.1.4"
            }
          ]
        }
      ],
      "versions": [
        "3.1.0",
        "3.1.1",
        "3.1.2",
        "3.1.3"
      ],
      "database_specific": {
        "source": "https://github.com/github/advisory-database/blob/main/advisories/github-reviewed/2022/05/GHSA-3cf7-7wq6-8842/GHSA-3cf7-7wq6-8842.json"
      }
    },
    {
      "package": {
        "name": "Microsoft.AspNetCore.App.Runtime.linux-arm64",
        "ecosystem": "NuGet",
        "purl": "pkg:nuget/Microsoft.AspNetCore.App.Runtime.linux-arm64"
      },
      "ranges": [
        {
          "type": "ECOSYSTEM",
          "events": [
            {
              "introduced": "3.1.0"
            },
            {
              "fixed": "3.1.4"
            }
          ]
        }
      ],
      "versions": [
        "3.1.0",
        "3.1.1",
        "3.1.2",
        "3.1.3"
      ],
      "database_specific": {
        "source": "https://github.com/github/advisory-database/blob/main/advisories/github-reviewed/2022/05/GHSA-3cf7-7wq6-8842/GHSA-3cf7-7wq6-8842.json"
      }
    },
    {
      "package": {
        "name": "Microsoft.AspNetCore.App.Runtime.linux-musl-arm64",
        "ecosystem": "NuGet",
        "purl": "pkg:nuget/Microsoft.AspNetCore.App.Runtime.linux-musl-arm64"
      },
      "ranges": [
        {
          "type": "ECOSYSTEM",
          "events": [
            {
              "introduced": "3.1.0"
            },
            {
              "fixed": "3.1.4"
            }
          ]
        }
      ],
      "versions": [
        "3.1.0",
        "3.1.1",
        "3.1.2",
        "3.1.3"
      ],
      "database_specific": {
        "source": "https://github.com/github/advisory-database/blob/main/advisories/github-reviewed/2022/05/GHSA-3cf7-7wq6-8842/GHSA-3cf7-7wq6-8842.json"
      }
    },
    {
      "package": {
        "name": "Microsoft.AspNetCore.App.Runtime.linux-musl-x64",
        "ecosystem": "NuGet",
        "purl": "pkg:nuget/Microsoft.AspNetCore.App.Runtime.linux-musl-x64"
      },
      "ranges": [
        {
          "type": "ECOSYSTEM",
          "events": [
            {
              "introduced": "3.1.0"
            },
            {
              "fixed": "3.1.4"
            }
          ]
        }
      ],
      "versions": [
        "3.1.0",
        "3.1.1",
        "3.1.2",
        "3.1.3"
      ],
      "database_specific": {
        "source": "https://github.com/github/advisory-database/blob/main/advisories/github-reviewed/2022/05/GHSA-3cf7-7wq6-8842/GHSA-3cf7-7wq6-8842.json"
      }
    },
    {
      "package": {
        "name": "Microsoft.AspNetCore.App.Runtime.linux-x64",
        "ecosystem": "NuGet",
        "purl": "pkg:nuget/Microsoft.AspNetCore.App.Runtime.linux-x64"
      },
      "ranges": [
        {
          "type": "ECOSYSTEM",
          "events": [
            {
              "introduced": "3.1.0"
            },
            {
              "fixed": "3.1.4"
            }
          ]
        }
      ],
      "versions": [
        "3.1.0",
        "3.1.1",
        "3.1.2",
        "3.1.3"
      ],
      "database_specific": {
        "source": "https://github.com/github/advisory-database/blob/main/advisories/github-reviewed/2022/05/GHSA-3cf7-7wq6-8842/GHSA-3cf7-7wq6-8842.json"
      }
    },
    {
      "package": {
        "name": "Microsoft.AspNetCore.App.Runtime.osx-x64",
        "ecosystem": "NuGet",
        "purl": "pkg:nuget/Microsoft.AspNetCore.App.Runtime.osx-x64"
      },
      "ranges": [
        {
          "type": "ECOSYSTEM",
          "events": [
            {
              "introduced": "3.1.0"
            },
            {
              "fixed": "3.1.4"
            }
          ]
        }
      ],
      "versions": [
        "3.1.0",
        "3.1.1",
        "3.1.2",
        "3.1.3"
      ],
      "database_specific": {
        "source": "https://github.com/github/advisory-database/blob/main/advisories/github-reviewed/2022/05/GHSA-3cf7-7wq6-8842/GHSA-3cf7-7wq6-8842.json"
      }
    },
    {
      "package": {
        "name": "Microsoft.AspNetCore.App.Runtime.win-arm",
        "ecosystem": "NuGet",
        "purl": "pkg:nuget/Microsoft.AspNetCore.App.Runtime.win-arm"
      },
      "ranges": [
        {
          "type": "ECOSYSTEM",
          "events": [
            {
              "introduced": "3.1.0"
            },
            {
              "fixed": "3.1.4"
            }
          ]
        }
      ],
      "versions": [
        "3.1.0",
        "3.1.1",
        "3.1.2",
        "3.1.3"
      ],
      "database_specific": {
        "source": "https://github.com/github/advisory-database/blob/main/advisories/github-reviewed/2022/05/GHSA-3cf7-7wq6-8842/GHSA-3cf7-7wq6-8842.json"
      }
    },
    {
      "package": {
        "name": "Microsoft.AspNetCore.App.Runtime.win-x64",
        "ecosystem": "NuGet",
        "purl": "pkg:nuget/Microsoft.AspNetCore.App.Runtime.win-x64"
      },
      "ranges": [
        {
          "type": "ECOSYSTEM",
          "events": [
            {
              "introduced": "3.1.0"
            },
            {
              "fixed": "3.1.4"
            }
          ]
        }
      ],
      "versions": [
        "3.1.0",
        "3.1.1",
        "3.1.2",
        "3.1.3"
      ],
      "database_specific": {
        "source": "https://github.com/github/advisory-database/blob/main/advisories/github-reviewed/2022/05/GHSA-3cf7-7wq6-8842/GHSA-3cf7-7wq6-8842.json"
      }
    },
    {
      "package": {
        "name": "Microsoft.AspNetCore.App.Runtime.win-x86",
        "ecosystem": "NuGet",
        "purl": "pkg:nuget/Microsoft.AspNetCore.App.Runtime.win-x86"
      },
      "ranges": [
        {
          "type": "ECOSYSTEM",
          "events": [
            {
              "introduced": "3.1.0"
            },
            {
              "fixed": "3.1.4"
            }
          ]
        }
      ],
      "versions": [
        "3.1.0",
        "3.1.1",
        "3.1.2",
        "3.1.3"
      ],
      "database_specific": {
        "source": "https://github.com/github/advisory-database/blob/main/advisories/github-reviewed/2022/05/GHSA-3cf7-7wq6-8842/GHSA-3cf7-7wq6-8842.json"
      }
    }
  ],
  "schema_version": "1.6.0",
  "severity": [
    {
      "type": "CVSS_V3",
      "score": "CVSS:3.1/AV:N/AC:L/PR:N/UI:N/S:U/C:N/I:N/A:H"
    }
  ]
}