{
  "id": "GHSA-32q7-gv7f-4cg5",
  "summary": "Duplicate Advisory: Microsoft Security Advisory CVE-2024-21386: .NET Denial of Service Vulnerability",
  "details": "## Duplicate Advisory\nThis advisory has been withdrawn because it is a duplicate of GHSA-g74q-5xw3-j7q9. This link is maintained to preserve external references.\n\n## Original Description\n.NET Denial of Service Vulnerability",
  "modified": "2024-04-15T19:48:37.185880Z",
  "published": "2024-02-13T18:38:24Z",
  "withdrawn": "2024-02-13T19:49:31Z",
  "database_specific": {
    "nvd_published_at": "2024-02-13T18:15:56Z",
    "cwe_ids": [
      "CWE-400"
    ],
    "severity": "HIGH",
    "github_reviewed": true,
    "github_reviewed_at": "2024-02-13T19:49:31Z"
  },
  "references": [
    {
      "type": "ADVISORY",
      "url": "https://nvd.nist.gov/vuln/detail/CVE-2024-21386"
    },
    {
      "type": "WEB",
      "url": "https://msrc.microsoft.com/update-guide/vulnerability/CVE-2024-21386"
    }
  ],
  "affected": [
    {
      "package": {
        "name": "Microsoft.AspNetCore.App.Runtime.linux-arm",
        "ecosystem": "NuGet",
        "purl": "pkg:nuget/Microsoft.AspNetCore.App.Runtime.linux-arm"
      },
      "ranges": [
        {
          "type": "ECOSYSTEM",
          "events": [
            {
              "introduced": "0"
            },
            {
              "fixed": "6.0.27"
            }
          ]
        }
      ],
      "versions": [
        "3.0.0",
        "3.0.0-preview5-19227-01",
        "3.0.1",
        "3.0.2",
        "3.0.3",
        "3.1.0",
        "3.1.1",
        "3.1.10",
        "3.1.11",
        "3.1.12",
        "3.1.13",
        "3.1.14",
        "3.1.15",
        "3.1.16",
        "3.1.17",
        "3.1.18",
        "3.1.19",
        "3.1.2",
        "3.1.20",
        "3.1.21",
        "3.1.22",
        "3.1.23",
        "3.1.24",
        "3.1.25",
        "3.1.26",
        "3.1.27",
        "3.1.28",
        "3.1.29",
        "3.1.3",
        "3.1.30",
        "3.1.31",
        "3.1.32",
        "3.1.4",
        "3.1.5",
        "3.1.6",
        "3.1.7",
        "3.1.8",
        "3.1.9",
        "5.0.0",
        "5.0.1",
        "5.0.10",
        "5.0.11",
        "5.0.12",
        "5.0.13",
        "5.0.14",
        "5.0.15",
        "5.0.16",
        "5.0.17",
        "5.0.2",
        "5.0.3",
        "5.0.4",
        "5.0.5",
        "5.0.6",
        "5.0.7",
        "5.0.8",
        "5.0.9",
        "6.0.0",
        "6.0.1",
        "6.0.10",
        "6.0.11",
        "6.0.12",
        "6.0.13",
        "6.0.14",
        "6.0.15",
        "6.0.16",
        "6.0.18",
        "6.0.19",
        "6.0.2",
        "6.0.20",
        "6.0.21",
        "6.0.22",
        "6.0.23",
        "6.0.24",
        "6.0.25",
        "6.0.26",
        "6.0.3",
        "6.0.4",
        "6.0.5",
        "6.0.6",
        "6.0.7",
        "6.0.8",
        "6.0.9"
      ],
      "database_specific": {
        "last_known_affected_version_range": "<= 6.0.26",
        "source": "https://github.com/github/advisory-database/blob/main/advisories/github-reviewed/2024/02/GHSA-32q7-gv7f-4cg5/GHSA-32q7-gv7f-4cg5.json"
      }
    }
  ],
  "schema_version": "1.6.0",
  "severity": [
    {
      "type": "CVSS_V3",
      "score": "CVSS:3.1/AV:N/AC:L/PR:N/UI:N/S:U/C:N/I:N/A:H"
    }
  ]
}