{
  "id": "GHSA-mj48-f959-pqph",
  "summary": "DotNetNuke (DNN) Open redirect vulnerability ",
  "details": "Open redirect vulnerability in DotNetNuke (DNN) before 6.2.9 and 7.x before 7.1.1 allows remote attackers to redirect users to arbitrary web sites and conduct phishing attacks via unspecified vectors.",
  "aliases": [
    "CVE-2013-7335"
  ],
  "modified": "2024-02-16T08:14:27.942200Z",
  "published": "2022-05-17T04:49:44Z",
  "database_specific": {
    "nvd_published_at": "2014-03-12T14:55:00Z",
    "cwe_ids": [
      "CWE-20",
      "CWE-601"
    ],
    "severity": "MODERATE",
    "github_reviewed": true,
    "github_reviewed_at": "2023-08-29T18:14:44Z"
  },
  "references": [
    {
      "type": "ADVISORY",
      "url": "https://nvd.nist.gov/vuln/detail/CVE-2013-7335"
    },
    {
      "type": "PACKAGE",
      "url": "https://github.com/dnnsoftware/Dnn.Platform"
    },
    {
      "type": "WEB",
      "url": "http://www.dnnsoftware.com/platform/manage/security-center"
    },
    {
      "type": "WEB",
      "url": "http://www.securityfocus.com/bid/61809"
    }
  ],
  "affected": [
    {
      "package": {
        "name": "DotNetNuke.Core",
        "ecosystem": "NuGet",
        "purl": "pkg:nuget/DotNetNuke.Core"
      },
      "ranges": [
        {
          "type": "ECOSYSTEM",
          "events": [
            {
              "introduced": "0"
            },
            {
              "fixed": "6.2.9"
            }
          ]
        }
      ],
      "versions": [
        "6.0.0"
      ],
      "database_specific": {
        "source": "https://github.com/github/advisory-database/blob/main/advisories/github-reviewed/2022/05/GHSA-mj48-f959-pqph/GHSA-mj48-f959-pqph.json"
      }
    },
    {
      "package": {
        "name": "DotNetNuke.Core",
        "ecosystem": "NuGet",
        "purl": "pkg:nuget/DotNetNuke.Core"
      },
      "ranges": [
        {
          "type": "ECOSYSTEM",
          "events": [
            {
              "introduced": "7.0"
            },
            {
              "fixed": "7.1.1"
            }
          ]
        }
      ],
      "versions": [
        "7.0.0",
        "7.0.6.121",
        "7.1.0"
      ],
      "database_specific": {
        "source": "https://github.com/github/advisory-database/blob/main/advisories/github-reviewed/2022/05/GHSA-mj48-f959-pqph/GHSA-mj48-f959-pqph.json"
      }
    }
  ],
  "schema_version": "1.6.0",
  "severity": [
    {
      "type": "CVSS_V3",
      "score": "CVSS:3.1/AV:N/AC:H/PR:N/UI:N/S:C/C:N/I:L/A:N"
    }
  ]
}