{
  "id": "GHSA-jxwx-85vp-gvwm",
  "summary": "Regular Expression Denial of Service in jquery-validation",
  "details": "The GitHub Security Lab team has identified potential security vulnerabilities in jquery.validation.\n\nThe project contains one or more regular expressions that are vulnerable to ReDoS (Regular Expression Denial of Service)\n\nThis issue was discovered and reported by GitHub team member @erik-krogh (Erik Krogh Kristensen).",
  "aliases": [
    "CVE-2021-21252"
  ],
  "modified": "2024-02-21T05:42:14.225886Z",
  "published": "2021-01-13T18:21:54Z",
  "database_specific": {
    "nvd_published_at": "2021-01-13T19:15:00Z",
    "cwe_ids": [
      "CWE-400"
    ],
    "severity": "HIGH",
    "github_reviewed": true,
    "github_reviewed_at": "2021-01-13T18:21:42Z"
  },
  "references": [
    {
      "type": "WEB",
      "url": "https://github.com/jquery-validation/jquery-validation/security/advisories/GHSA-jxwx-85vp-gvwm"
    },
    {
      "type": "ADVISORY",
      "url": "https://nvd.nist.gov/vuln/detail/CVE-2021-21252"
    },
    {
      "type": "WEB",
      "url": "https://github.com/jquery-validation/jquery-validation/pull/2371"
    },
    {
      "type": "WEB",
      "url": "https://github.com/jquery-validation/jquery-validation/commit/5d8f29eef363d043a8fec4eb86d42cadb5fa5f7d"
    },
    {
      "type": "PACKAGE",
      "url": "https://github.com/jquery-validation/jquery-validation"
    },
    {
      "type": "WEB",
      "url": "https://jqueryvalidation.org/#installation-via-package-managers"
    },
    {
      "type": "WEB",
      "url": "https://lists.debian.org/debian-lts-announce/2023/08/msg00040.html"
    },
    {
      "type": "WEB",
      "url": "https://security.netapp.com/advisory/ntap-20210219-0005"
    },
    {
      "type": "ADVISORY",
      "url": "https://securitylab.github.com/advisories/GHSL-2020-294-redos-jquery-validation"
    },
    {
      "type": "WEB",
      "url": "https://www.npmjs.com/package/jquery-validation"
    },
    {
      "type": "WEB",
      "url": "https://www.nuget.org/packages/jquery.validation"
    }
  ],
  "affected": [
    {
      "package": {
        "name": "jquery-validation",
        "ecosystem": "npm",
        "purl": "pkg:npm/jquery-validation"
      },
      "ranges": [
        {
          "type": "SEMVER",
          "events": [
            {
              "introduced": "0"
            },
            {
              "fixed": "1.19.3"
            }
          ]
        }
      ],
      "database_specific": {
        "source": "https://github.com/github/advisory-database/blob/main/advisories/github-reviewed/2021/01/GHSA-jxwx-85vp-gvwm/GHSA-jxwx-85vp-gvwm.json"
      }
    },
    {
      "package": {
        "name": "jQuery.Validation",
        "ecosystem": "NuGet",
        "purl": "pkg:nuget/jQuery.Validation"
      },
      "ranges": [
        {
          "type": "ECOSYSTEM",
          "events": [
            {
              "introduced": "0"
            },
            {
              "fixed": "1.19.3"
            }
          ]
        }
      ],
      "versions": [
        "1.10.0",
        "1.11.0",
        "1.11.1",
        "1.12.0",
        "1.13.0",
        "1.13.1",
        "1.14.0",
        "1.15.0",
        "1.15.1",
        "1.16.0",
        "1.17.0",
        "1.19.1",
        "1.19.2",
        "1.6.0",
        "1.7.0",
        "1.8.0",
        "1.8.0.1",
        "1.8.1",
        "1.9.0",
        "1.9.0.1"
      ],
      "database_specific": {
        "source": "https://github.com/github/advisory-database/blob/main/advisories/github-reviewed/2021/01/GHSA-jxwx-85vp-gvwm/GHSA-jxwx-85vp-gvwm.json"
      }
    }
  ],
  "schema_version": "1.6.0",
  "severity": [
    {
      "type": "CVSS_V3",
      "score": "CVSS:3.1/AV:N/AC:L/PR:N/UI:N/S:U/C:N/I:N/A:H"
    }
  ]
}