{
  "id": "GHSA-552f-97wf-pmpq",
  "summary": "Umbraco possible user enumeration ",
  "details": "### Impact\nA user enumeration attack is possible.\n\n### Affected versions\nUmbraco 10 with access to the native login screen\n\n### Patches\nThis is fixed in 10.8.5\n\n\n### Workarounds\nDisabling the native login screen, by exclusively use external logins.\n\n\n",
  "aliases": [
    "CVE-2024-28868"
  ],
  "modified": "2024-03-20T21:37:59Z",
  "published": "2024-03-20T17:54:35Z",
  "database_specific": {
    "nvd_published_at": "2024-03-20T20:15:09Z",
    "cwe_ids": [
      "CWE-204"
    ],
    "severity": "LOW",
    "github_reviewed": true,
    "github_reviewed_at": "2024-03-20T17:54:35Z"
  },
  "references": [
    {
      "type": "WEB",
      "url": "https://github.com/umbraco/Umbraco-CMS/security/advisories/GHSA-552f-97wf-pmpq"
    },
    {
      "type": "ADVISORY",
      "url": "https://nvd.nist.gov/vuln/detail/CVE-2024-28868"
    },
    {
      "type": "WEB",
      "url": "https://github.com/umbraco/Umbraco-CMS/commit/7e1d1a1968000226cd882fff078b122b8d46c44d"
    },
    {
      "type": "PACKAGE",
      "url": "https://github.com/umbraco/Umbraco-CMS"
    }
  ],
  "affected": [
    {
      "package": {
        "name": "UmbracoCMS",
        "ecosystem": "NuGet",
        "purl": "pkg:nuget/UmbracoCMS"
      },
      "ranges": [
        {
          "type": "ECOSYSTEM",
          "events": [
            {
              "introduced": "10.0.0"
            },
            {
              "fixed": "10.8.5"
            }
          ]
        }
      ],
      "database_specific": {
        "source": "https://github.com/github/advisory-database/blob/main/advisories/github-reviewed/2024/03/GHSA-552f-97wf-pmpq/GHSA-552f-97wf-pmpq.json"
      },
      "versions": []
    }
  ],
  "schema_version": "1.6.0",
  "severity": [
    {
      "type": "CVSS_V3",
      "score": "CVSS:3.1/AV:N/AC:H/PR:N/UI:N/S:U/C:L/I:N/A:N"
    }
  ]
}