{
  "id": "GHSA-3w5p-jhp5-c29q",
  "summary": ".NET Core & .NET Framework Denial of Service Vulnerability",
  "details": "A denial of service vulnerability exists when .NET Core or .NET Framework improperly handles web requests, aka '.NET Core & .NET Framework Denial of Service Vulnerability'.",
  "aliases": [
    "BIT-dotnet-2020-1108",
    "BIT-dotnet-sdk-2020-1108",
    "CVE-2020-1108"
  ],
  "modified": "2023-12-06T01:00:01.593721Z",
  "published": "2022-05-24T17:18:28Z",
  "database_specific": {
    "nvd_published_at": "2020-05-21T23:15:00Z",
    "github_reviewed_at": "2022-10-21T21:05:54Z",
    "severity": "HIGH",
    "github_reviewed": true,
    "cwe_ids": []
  },
  "references": [
    {
      "type": "ADVISORY",
      "url": "https://nvd.nist.gov/vuln/detail/CVE-2020-1108"
    },
    {
      "type": "WEB",
      "url": "https://github.com/dotnet/announcements/issues/157"
    },
    {
      "type": "WEB",
      "url": "https://portal.msrc.microsoft.com/en-US/security-guidance/advisory/CVE-2020-1108"
    }
  ],
  "affected": [
    {
      "package": {
        "name": "Microsoft.NETCore.App",
        "ecosystem": "NuGet",
        "purl": "pkg:nuget/Microsoft.NETCore.App"
      },
      "ranges": [
        {
          "type": "ECOSYSTEM",
          "events": [
            {
              "introduced": "2.1.0"
            },
            {
              "fixed": "2.1.18"
            }
          ]
        }
      ],
      "versions": [
        "2.1.0",
        "2.1.1",
        "2.1.10",
        "2.1.11",
        "2.1.12",
        "2.1.13",
        "2.1.14",
        "2.1.15",
        "2.1.16",
        "2.1.17",
        "2.1.2",
        "2.1.3",
        "2.1.4",
        "2.1.5",
        "2.1.6",
        "2.1.7",
        "2.1.8",
        "2.1.9"
      ],
      "database_specific": {
        "source": "https://github.com/github/advisory-database/blob/main/advisories/github-reviewed/2022/05/GHSA-3w5p-jhp5-c29q/GHSA-3w5p-jhp5-c29q.json"
      }
    },
    {
      "package": {
        "name": "Microsoft.NETCore.App.Runtime.linux-arm",
        "ecosystem": "NuGet",
        "purl": "pkg:nuget/Microsoft.NETCore.App.Runtime.linux-arm"
      },
      "ranges": [
        {
          "type": "ECOSYSTEM",
          "events": [
            {
              "introduced": "3.1.0"
            },
            {
              "fixed": "3.1.4"
            }
          ]
        }
      ],
      "versions": [
        "3.1.0",
        "3.1.1",
        "3.1.2",
        "3.1.3"
      ],
      "database_specific": {
        "source": "https://github.com/github/advisory-database/blob/main/advisories/github-reviewed/2022/05/GHSA-3w5p-jhp5-c29q/GHSA-3w5p-jhp5-c29q.json"
      }
    },
    {
      "package": {
        "name": "Microsoft.NETCore.App.Runtime.linux-arm64",
        "ecosystem": "NuGet",
        "purl": "pkg:nuget/Microsoft.NETCore.App.Runtime.linux-arm64"
      },
      "ranges": [
        {
          "type": "ECOSYSTEM",
          "events": [
            {
              "introduced": "3.1.0"
            },
            {
              "fixed": "3.1.4"
            }
          ]
        }
      ],
      "versions": [
        "3.1.0",
        "3.1.1",
        "3.1.2",
        "3.1.3"
      ],
      "database_specific": {
        "source": "https://github.com/github/advisory-database/blob/main/advisories/github-reviewed/2022/05/GHSA-3w5p-jhp5-c29q/GHSA-3w5p-jhp5-c29q.json"
      }
    },
    {
      "package": {
        "name": "Microsoft.NETCore.App.Runtime.linux-musl-arm64",
        "ecosystem": "NuGet",
        "purl": "pkg:nuget/Microsoft.NETCore.App.Runtime.linux-musl-arm64"
      },
      "ranges": [
        {
          "type": "ECOSYSTEM",
          "events": [
            {
              "introduced": "3.1.0"
            },
            {
              "fixed": "3.1.4"
            }
          ]
        }
      ],
      "versions": [
        "3.1.0",
        "3.1.1",
        "3.1.2",
        "3.1.3"
      ],
      "database_specific": {
        "source": "https://github.com/github/advisory-database/blob/main/advisories/github-reviewed/2022/05/GHSA-3w5p-jhp5-c29q/GHSA-3w5p-jhp5-c29q.json"
      }
    },
    {
      "package": {
        "name": "Microsoft.NETCore.App.Runtime.linux-musl-x64",
        "ecosystem": "NuGet",
        "purl": "pkg:nuget/Microsoft.NETCore.App.Runtime.linux-musl-x64"
      },
      "ranges": [
        {
          "type": "ECOSYSTEM",
          "events": [
            {
              "introduced": "3.1.0"
            },
            {
              "fixed": "3.1.4"
            }
          ]
        }
      ],
      "versions": [
        "3.1.0",
        "3.1.1",
        "3.1.2",
        "3.1.3"
      ],
      "database_specific": {
        "source": "https://github.com/github/advisory-database/blob/main/advisories/github-reviewed/2022/05/GHSA-3w5p-jhp5-c29q/GHSA-3w5p-jhp5-c29q.json"
      }
    },
    {
      "package": {
        "name": "Microsoft.NETCore.App.Runtime.linux-x64",
        "ecosystem": "NuGet",
        "purl": "pkg:nuget/Microsoft.NETCore.App.Runtime.linux-x64"
      },
      "ranges": [
        {
          "type": "ECOSYSTEM",
          "events": [
            {
              "introduced": "3.1.0"
            },
            {
              "fixed": "3.1.4"
            }
          ]
        }
      ],
      "versions": [
        "3.1.0",
        "3.1.1",
        "3.1.2",
        "3.1.3"
      ],
      "database_specific": {
        "source": "https://github.com/github/advisory-database/blob/main/advisories/github-reviewed/2022/05/GHSA-3w5p-jhp5-c29q/GHSA-3w5p-jhp5-c29q.json"
      }
    },
    {
      "package": {
        "name": "Microsoft.NETCore.App.Runtime.osx-x64",
        "ecosystem": "NuGet",
        "purl": "pkg:nuget/Microsoft.NETCore.App.Runtime.osx-x64"
      },
      "ranges": [
        {
          "type": "ECOSYSTEM",
          "events": [
            {
              "introduced": "3.1.0"
            },
            {
              "fixed": "3.1.4"
            }
          ]
        }
      ],
      "versions": [
        "3.1.0",
        "3.1.1",
        "3.1.2",
        "3.1.3"
      ],
      "database_specific": {
        "source": "https://github.com/github/advisory-database/blob/main/advisories/github-reviewed/2022/05/GHSA-3w5p-jhp5-c29q/GHSA-3w5p-jhp5-c29q.json"
      }
    },
    {
      "package": {
        "name": "Microsoft.NETCore.App.Runtime.rhel.6-x64",
        "ecosystem": "NuGet",
        "purl": "pkg:nuget/Microsoft.NETCore.App.Runtime.rhel.6-x64"
      },
      "ranges": [
        {
          "type": "ECOSYSTEM",
          "events": [
            {
              "introduced": "3.1.0"
            },
            {
              "fixed": "3.1.4"
            }
          ]
        }
      ],
      "versions": [
        "3.1.0",
        "3.1.1",
        "3.1.2",
        "3.1.3"
      ],
      "database_specific": {
        "source": "https://github.com/github/advisory-database/blob/main/advisories/github-reviewed/2022/05/GHSA-3w5p-jhp5-c29q/GHSA-3w5p-jhp5-c29q.json"
      }
    },
    {
      "package": {
        "name": "Microsoft.NETCore.App.Runtime.win-arm",
        "ecosystem": "NuGet",
        "purl": "pkg:nuget/Microsoft.NETCore.App.Runtime.win-arm"
      },
      "ranges": [
        {
          "type": "ECOSYSTEM",
          "events": [
            {
              "introduced": "3.1.0"
            },
            {
              "fixed": "3.1.4"
            }
          ]
        }
      ],
      "versions": [
        "3.1.0",
        "3.1.1",
        "3.1.2",
        "3.1.3"
      ],
      "database_specific": {
        "source": "https://github.com/github/advisory-database/blob/main/advisories/github-reviewed/2022/05/GHSA-3w5p-jhp5-c29q/GHSA-3w5p-jhp5-c29q.json"
      }
    },
    {
      "package": {
        "name": "Microsoft.NETCore.App.Runtime.win-arm64",
        "ecosystem": "NuGet",
        "purl": "pkg:nuget/Microsoft.NETCore.App.Runtime.win-arm64"
      },
      "ranges": [
        {
          "type": "ECOSYSTEM",
          "events": [
            {
              "introduced": "3.1.0"
            },
            {
              "fixed": "3.1.4"
            }
          ]
        }
      ],
      "versions": [
        "3.1.0",
        "3.1.1",
        "3.1.2",
        "3.1.3"
      ],
      "database_specific": {
        "source": "https://github.com/github/advisory-database/blob/main/advisories/github-reviewed/2022/05/GHSA-3w5p-jhp5-c29q/GHSA-3w5p-jhp5-c29q.json"
      }
    },
    {
      "package": {
        "name": "Microsoft.NETCore.App.Runtime.win-x64",
        "ecosystem": "NuGet",
        "purl": "pkg:nuget/Microsoft.NETCore.App.Runtime.win-x64"
      },
      "ranges": [
        {
          "type": "ECOSYSTEM",
          "events": [
            {
              "introduced": "3.1.0"
            },
            {
              "fixed": "3.1.4"
            }
          ]
        }
      ],
      "versions": [
        "3.1.0",
        "3.1.1",
        "3.1.2",
        "3.1.3"
      ],
      "database_specific": {
        "source": "https://github.com/github/advisory-database/blob/main/advisories/github-reviewed/2022/05/GHSA-3w5p-jhp5-c29q/GHSA-3w5p-jhp5-c29q.json"
      }
    },
    {
      "package": {
        "name": "Microsoft.NETCore.App.Runtime.win-x86",
        "ecosystem": "NuGet",
        "purl": "pkg:nuget/Microsoft.NETCore.App.Runtime.win-x86"
      },
      "ranges": [
        {
          "type": "ECOSYSTEM",
          "events": [
            {
              "introduced": "3.1.0"
            },
            {
              "fixed": "3.1.4"
            }
          ]
        }
      ],
      "versions": [
        "3.1.0",
        "3.1.1",
        "3.1.2",
        "3.1.3"
      ],
      "database_specific": {
        "source": "https://github.com/github/advisory-database/blob/main/advisories/github-reviewed/2022/05/GHSA-3w5p-jhp5-c29q/GHSA-3w5p-jhp5-c29q.json"
      }
    }
  ],
  "schema_version": "1.6.0",
  "severity": [
    {
      "type": "CVSS_V3",
      "score": "CVSS:3.1/AV:N/AC:L/PR:N/UI:N/S:U/C:N/I:N/A:H"
    }
  ]
}