{
  "id": "GHSA-35hc-x2cw-2j4v",
  "summary": "Denial of service vulnerability exists when .NET and .NET Core improperly process XML documents",
  "details": "A denial of service vulnerability exists when .NET and .NET Core improperly process XML documents, aka \".NET and .NET Core Denial of Service Vulnerability.\" This affects Microsoft .NET Framework 2.0, Microsoft .NET Framework 3.0, Microsoft .NET Framework 4.7.1, Microsoft .NET Framework 4.6/4.6.1/4.6.2/4.7/4.7.1, Microsoft .NET Framework 4.5.2, Microsoft .NET Framework 4.7/4.7.1, Microsoft .NET Framework 4.6, Microsoft .NET Framework 3.5, Microsoft .NET Framework 3.5.1, Microsoft .NET Framework 4.6/4.6.1/4.6.2, Microsoft .NET Framework 4.6.2/4.7/4.7.1, .NET Core 2.0, Microsoft .NET Framework 4.7.2.",
  "aliases": [
    "CVE-2018-0765"
  ],
  "modified": "2023-11-08T03:59:30.969126Z",
  "published": "2018-10-16T19:54:06Z",
  "database_specific": {
    "nvd_published_at": null,
    "github_reviewed_at": "2020-06-16T20:54:06Z",
    "severity": "HIGH",
    "github_reviewed": true,
    "cwe_ids": [
      "CWE-611"
    ]
  },
  "references": [
    {
      "type": "ADVISORY",
      "url": "https://nvd.nist.gov/vuln/detail/CVE-2018-0765"
    },
    {
      "type": "ADVISORY",
      "url": "https://github.com/advisories/GHSA-35hc-x2cw-2j4v"
    },
    {
      "type": "WEB",
      "url": "https://portal.msrc.microsoft.com/en-US/security-guidance/advisory/CVE-2018-0765"
    },
    {
      "type": "WEB",
      "url": "http://www.securityfocus.com/bid/104060"
    },
    {
      "type": "WEB",
      "url": "http://www.securitytracker.com/id/1040851"
    }
  ],
  "affected": [
    {
      "package": {
        "name": "System.Security.Cryptography.Xml",
        "ecosystem": "NuGet",
        "purl": "pkg:nuget/System.Security.Cryptography.Xml"
      },
      "ranges": [
        {
          "type": "ECOSYSTEM",
          "events": [
            {
              "introduced": "0"
            },
            {
              "fixed": "4.4.2"
            }
          ]
        }
      ],
      "versions": [
        "4.4.0",
        "4.4.0-preview1-25305-02",
        "4.4.0-preview2-25405-01",
        "4.4.1"
      ],
      "database_specific": {
        "source": "https://github.com/github/advisory-database/blob/main/advisories/github-reviewed/2018/10/GHSA-35hc-x2cw-2j4v/GHSA-35hc-x2cw-2j4v.json"
      }
    }
  ],
  "schema_version": "1.6.0",
  "severity": [
    {
      "type": "CVSS_V3",
      "score": "CVSS:3.0/AV:N/AC:L/PR:N/UI:N/S:U/C:N/I:N/A:H"
    }
  ]
}