{
  "id": "GHSA-9w72-2f23-57gm",
  "summary": "DNN vulnerable to Relative Path Traversal",
  "details": "DNN (GitHub repository dnnsoftware/dnn.platform) prior to 9.11.0 is vulnerable to Relative Path Traversal. Version 9.11.0 contains a patch for this issue.",
  "aliases": [
    "CVE-2022-2922"
  ],
  "modified": "2023-11-08T04:09:11.122967Z",
  "published": "2022-10-01T00:00:25Z",
  "database_specific": {
    "nvd_published_at": "2022-09-30T07:15:00Z",
    "github_reviewed_at": "2022-10-03T22:21:19Z",
    "severity": "MODERATE",
    "github_reviewed": true,
    "cwe_ids": [
      "CWE-22",
      "CWE-23"
    ]
  },
  "references": [
    {
      "type": "ADVISORY",
      "url": "https://nvd.nist.gov/vuln/detail/CVE-2022-2922"
    },
    {
      "type": "WEB",
      "url": "https://github.com/dnnsoftware/Dnn.Platform/commit/3697c5344cef8d49214230f0cc2efcd9e93a00a8"
    },
    {
      "type": "WEB",
      "url": "https://github.com/dnnsoftware/dnn.platform/commit/9b17351592fbde376506ba6705dbcc7a74a2a195"
    },
    {
      "type": "PACKAGE",
      "url": "https://github.com/dnnsoftware/dnn.platform"
    },
    {
      "type": "WEB",
      "url": "https://huntr.dev/bounties/74918f40-dc11-4218-abef-064eb71a0703"
    }
  ],
  "affected": [
    {
      "package": {
        "name": "DotNetNuke.Core",
        "ecosystem": "NuGet",
        "purl": "pkg:nuget/DotNetNuke.Core"
      },
      "ranges": [
        {
          "type": "ECOSYSTEM",
          "events": [
            {
              "introduced": "0"
            },
            {
              "fixed": "9.11.0"
            }
          ]
        }
      ],
      "versions": [
        "6.0.0",
        "7.0.0",
        "7.0.6.121",
        "7.1.0",
        "7.1.2",
        "7.2.0.613",
        "7.3.0.499",
        "7.3.1.20",
        "7.4.0.353",
        "7.4.1.280",
        "7.4.2.216",
        "8.0.0.809",
        "8.0.1.239",
        "8.0.2.4",
        "8.0.3.5",
        "8.0.4.226",
        "9.0.0.1002",
        "9.0.1.142",
        "9.1.0.367",
        "9.1.1.129",
        "9.10.0",
        "9.10.1",
        "9.10.2",
        "9.2.0.366",
        "9.2.1.533",
        "9.3.0",
        "9.3.1",
        "9.3.2",
        "9.4.0",
        "9.4.1",
        "9.4.2",
        "9.4.3",
        "9.4.4",
        "9.5.0",
        "9.6.1",
        "9.6.2",
        "9.7.0",
        "9.7.1",
        "9.7.2",
        "9.8.0",
        "9.9.0",
        "9.9.1"
      ],
      "database_specific": {
        "source": "https://github.com/github/advisory-database/blob/main/advisories/github-reviewed/2022/10/GHSA-9w72-2f23-57gm/GHSA-9w72-2f23-57gm.json"
      }
    },
    {
      "package": {
        "name": "DotNetNuke.Web",
        "ecosystem": "NuGet",
        "purl": "pkg:nuget/DotNetNuke.Web"
      },
      "ranges": [
        {
          "type": "ECOSYSTEM",
          "events": [
            {
              "introduced": "0"
            },
            {
              "fixed": "9.11.0"
            }
          ]
        }
      ],
      "versions": [
        "6.0.0",
        "7.0.0",
        "7.0.6.121",
        "7.1.0",
        "7.1.2",
        "7.2.0.613",
        "7.3.0.499",
        "7.3.1.20",
        "7.4.0.353",
        "7.4.1.280",
        "7.4.2.216",
        "8.0.0.809",
        "8.0.1.239",
        "8.0.2.4",
        "8.0.3.5",
        "8.0.4.226",
        "9.0.0.1002",
        "9.0.1.142",
        "9.1.0.367",
        "9.1.1.129",
        "9.10.0",
        "9.10.1",
        "9.10.2",
        "9.2.0.366",
        "9.2.1.533",
        "9.3.0",
        "9.3.1",
        "9.3.2",
        "9.4.0",
        "9.4.1",
        "9.4.2",
        "9.4.3",
        "9.4.4",
        "9.5.0",
        "9.6.1",
        "9.6.2",
        "9.7.0",
        "9.7.1",
        "9.7.2",
        "9.8.0",
        "9.9.0",
        "9.9.1"
      ],
      "database_specific": {
        "source": "https://github.com/github/advisory-database/blob/main/advisories/github-reviewed/2022/10/GHSA-9w72-2f23-57gm/GHSA-9w72-2f23-57gm.json"
      }
    }
  ],
  "schema_version": "1.6.0",
  "severity": [
    {
      "type": "CVSS_V3",
      "score": "CVSS:3.1/AV:N/AC:L/PR:H/UI:N/S:U/C:H/I:N/A:N"
    }
  ]
}