{
  "id": "GHSA-8h7p-qjv8-9mp4",
  "summary": "Improper Access Control in Telerik Extensions",
  "details": "Telerik Extensions for ASP.NET MVC (all versions) does not whitelist requests, which can allow a remote attacker to access files inside the server's web directory.  NOTE: this product has been obsolete since June 2013.",
  "aliases": [
    "CVE-2018-17060"
  ],
  "modified": "2023-11-08T04:00:02.730418Z",
  "published": "2022-05-13T01:19:22Z",
  "database_specific": {
    "nvd_published_at": "2018-10-08T16:29:00Z",
    "github_reviewed_at": "2022-06-29T19:10:03Z",
    "severity": "MODERATE",
    "github_reviewed": true,
    "cwe_ids": [
      "CWE-284"
    ]
  },
  "references": [
    {
      "type": "ADVISORY",
      "url": "https://nvd.nist.gov/vuln/detail/CVE-2018-17060"
    },
    {
      "type": "WEB",
      "url": "https://www.telerik.com/support/code-library/security-alert-for-the-obsolete-telerik-extensions-for-asp-net-mvc"
    }
  ],
  "affected": [
    {
      "package": {
        "name": "TelerikMvcExtensions",
        "ecosystem": "NuGet",
        "purl": "pkg:nuget/TelerikMvcExtensions"
      },
      "ranges": [
        {
          "type": "ECOSYSTEM",
          "events": [
            {
              "introduced": "0"
            },
            {
              "last_affected": "2013.1.219"
            }
          ]
        }
      ],
      "database_specific": {
        "source": "https://github.com/github/advisory-database/blob/main/advisories/github-reviewed/2022/05/GHSA-8h7p-qjv8-9mp4/GHSA-8h7p-qjv8-9mp4.json"
      },
      "versions": []
    }
  ],
  "schema_version": "1.6.0",
  "severity": [
    {
      "type": "CVSS_V3",
      "score": "CVSS:3.1/AV:N/AC:L/PR:N/UI:N/S:U/C:L/I:N/A:N"
    }
  ]
}