{
  "id": "GHSA-p349-q795-qj4q",
  "summary": "ChakraCore RCE Vulnerability",
  "details": "A remote code execution vulnerability exists in the way the scripting engine handles objects in memory in Microsoft browsers, aka \"Scripting Engine Memory Corruption Vulnerability.\" This affects ChakraCore, Internet Explorer 11, Microsoft Edge. This CVE ID is unique from CVE-2018-8353, CVE-2018-8355, CVE-2018-8359, CVE-2018-8371, CVE-2018-8373, CVE-2018-8385, CVE-2018-8389, CVE-2018-8390.",
  "aliases": [
    "CVE-2018-8372"
  ],
  "modified": "2024-02-16T08:15:26.674941Z",
  "published": "2022-05-13T01:20:49Z",
  "database_specific": {
    "nvd_published_at": "2018-08-15T17:29:00Z",
    "cwe_ids": [
      "CWE-787"
    ],
    "severity": "HIGH",
    "github_reviewed": true,
    "github_reviewed_at": "2023-07-21T22:09:10Z"
  },
  "references": [
    {
      "type": "ADVISORY",
      "url": "https://nvd.nist.gov/vuln/detail/CVE-2018-8372"
    },
    {
      "type": "WEB",
      "url": "https://github.com/chakra-core/ChakraCore/pull/5596"
    },
    {
      "type": "WEB",
      "url": "https://github.com/chakra-core/ChakraCore/commit/91bb6d68bfe0455cde08aaa5fbc3f2e4f6cc9d04"
    },
    {
      "type": "PACKAGE",
      "url": "https://github.com/chakra-core/ChakraCore"
    },
    {
      "type": "WEB",
      "url": "https://portal.msrc.microsoft.com/en-US/security-guidance/advisory/CVE-2018-8372"
    },
    {
      "type": "WEB",
      "url": "https://web.archive.org/web/20210124195605/http://www.securityfocus.com/bid/105038"
    },
    {
      "type": "WEB",
      "url": "https://web.archive.org/web/20211203061111/http://www.securitytracker.com/id/1041457"
    }
  ],
  "affected": [
    {
      "package": {
        "name": "Microsoft.ChakraCore",
        "ecosystem": "NuGet",
        "purl": "pkg:nuget/Microsoft.ChakraCore"
      },
      "ranges": [
        {
          "type": "ECOSYSTEM",
          "events": [
            {
              "introduced": "0"
            },
            {
              "fixed": "1.10.2"
            }
          ]
        }
      ],
      "versions": [
        "1.10.0",
        "1.10.1",
        "1.2.0",
        "1.2.1",
        "1.2.2",
        "1.2.3",
        "1.2.6.62716-preview",
        "1.3.0",
        "1.3.1",
        "1.3.2",
        "1.4.0",
        "1.4.1",
        "1.4.2",
        "1.4.3",
        "1.4.4",
        "1.4.5",
        "1.5.0",
        "1.5.1",
        "1.5.2",
        "1.5.3",
        "1.6.0",
        "1.6.2",
        "1.7.0",
        "1.7.1",
        "1.7.2",
        "1.7.3",
        "1.7.4",
        "1.7.5",
        "1.7.6",
        "1.8.0",
        "1.8.1",
        "1.8.2",
        "1.8.3",
        "1.8.4",
        "1.8.5"
      ],
      "database_specific": {
        "source": "https://github.com/github/advisory-database/blob/main/advisories/github-reviewed/2022/05/GHSA-p349-q795-qj4q/GHSA-p349-q795-qj4q.json"
      }
    }
  ],
  "schema_version": "1.6.0",
  "severity": [
    {
      "type": "CVSS_V3",
      "score": "CVSS:3.0/AV:N/AC:H/PR:N/UI:R/S:U/C:H/I:H/A:H"
    }
  ]
}