{
  "id": "GHSA-h5hw-qrrw-vfxg",
  "summary": "ChakraCore RCE Vulnerability",
  "details": "A remote code execution vulnerability exists in the way the scripting engine handles objects in memory in Microsoft browsers, aka \"Scripting Engine Memory Corruption Vulnerability.\" This affects Internet Explorer 9, ChakraCore, Internet Explorer 11, Microsoft Edge, Internet Explorer 10. This CVE ID is unique from CVE-2018-0945, CVE-2018-0946, CVE-2018-0951, CVE-2018-0953, CVE-2018-0955, CVE-2018-1022, CVE-2018-8114, CVE-2018-8122, CVE-2018-8128, CVE-2018-8137, CVE-2018-8139.",
  "aliases": [
    "CVE-2018-0954"
  ],
  "modified": "2024-02-16T08:16:01.266223Z",
  "published": "2022-05-13T01:18:39Z",
  "database_specific": {
    "nvd_published_at": "2018-05-09T19:29:00Z",
    "cwe_ids": [
      "CWE-787"
    ],
    "severity": "HIGH",
    "github_reviewed": true,
    "github_reviewed_at": "2023-07-21T18:03:32Z"
  },
  "references": [
    {
      "type": "ADVISORY",
      "url": "https://nvd.nist.gov/vuln/detail/CVE-2018-0954"
    },
    {
      "type": "WEB",
      "url": "https://github.com/chakra-core/ChakraCore/commit/51c46371c917e87bbde77d66abba088309d96a3f"
    },
    {
      "type": "PACKAGE",
      "url": "https://github.com/chakra-core/ChakraCore"
    },
    {
      "type": "WEB",
      "url": "https://portal.msrc.microsoft.com/en-US/security-guidance/advisory/CVE-2018-0954"
    },
    {
      "type": "WEB",
      "url": "https://web.archive.org/web/20210124164423/http://www.securityfocus.com/bid/103991"
    },
    {
      "type": "WEB",
      "url": "https://web.archive.org/web/20211204185256/http://www.securitytracker.com/id/1040844"
    }
  ],
  "affected": [
    {
      "package": {
        "name": "Microsoft.ChakraCore",
        "ecosystem": "NuGet",
        "purl": "pkg:nuget/Microsoft.ChakraCore"
      },
      "ranges": [
        {
          "type": "ECOSYSTEM",
          "events": [
            {
              "introduced": "0"
            },
            {
              "fixed": "1.8.4"
            }
          ]
        }
      ],
      "versions": [
        "1.2.0",
        "1.2.1",
        "1.2.2",
        "1.2.3",
        "1.2.6.62716-preview",
        "1.3.0",
        "1.3.1",
        "1.3.2",
        "1.4.0",
        "1.4.1",
        "1.4.2",
        "1.4.3",
        "1.4.4",
        "1.4.5",
        "1.5.0",
        "1.5.1",
        "1.5.2",
        "1.5.3",
        "1.6.0",
        "1.6.2",
        "1.7.0",
        "1.7.1",
        "1.7.2",
        "1.7.3",
        "1.7.4",
        "1.7.5",
        "1.7.6",
        "1.8.0",
        "1.8.1",
        "1.8.2",
        "1.8.3"
      ],
      "database_specific": {
        "source": "https://github.com/github/advisory-database/blob/main/advisories/github-reviewed/2022/05/GHSA-h5hw-qrrw-vfxg/GHSA-h5hw-qrrw-vfxg.json"
      }
    }
  ],
  "schema_version": "1.6.0",
  "severity": [
    {
      "type": "CVSS_V3",
      "score": "CVSS:3.0/AV:N/AC:H/PR:N/UI:R/S:U/C:H/I:H/A:H"
    }
  ]
}