{
  "id": "GHSA-j8f4-2w4p-mhjc",
  "summary": "Moderate severity vulnerability that affects Microsoft.AspNetCore.Mvc",
  "details": "A spoofing vulnerability exists when the ASP.NET Core fails to properly sanitize web requests.",
  "aliases": [
    "CVE-2017-0256"
  ],
  "modified": "2023-11-08T03:58:40.306690Z",
  "published": "2018-10-16T19:57:48Z",
  "database_specific": {
    "nvd_published_at": "2017-05-12T14:29:00Z",
    "github_reviewed_at": "2020-06-16T21:42:43Z",
    "severity": "MODERATE",
    "github_reviewed": true,
    "cwe_ids": [
      "CWE-20"
    ]
  },
  "references": [
    {
      "type": "ADVISORY",
      "url": "https://nvd.nist.gov/vuln/detail/CVE-2017-0256"
    },
    {
      "type": "WEB",
      "url": "https://github.com/aspnet/Announcements/issues/239"
    },
    {
      "type": "ADVISORY",
      "url": "https://github.com/advisories/GHSA-j8f4-2w4p-mhjc"
    }
  ],
  "affected": [
    {
      "package": {
        "name": "Microsoft.AspNetCore.Mvc",
        "ecosystem": "NuGet",
        "purl": "pkg:nuget/Microsoft.AspNetCore.Mvc"
      },
      "ranges": [
        {
          "type": "ECOSYSTEM",
          "events": [
            {
              "introduced": "1.0.0"
            },
            {
              "fixed": "1.0.4"
            }
          ]
        }
      ],
      "versions": [
        "1.0.0",
        "1.0.1",
        "1.0.2",
        "1.0.3"
      ],
      "database_specific": {
        "source": "https://github.com/github/advisory-database/blob/main/advisories/github-reviewed/2018/10/GHSA-j8f4-2w4p-mhjc/GHSA-j8f4-2w4p-mhjc.json"
      }
    },
    {
      "package": {
        "name": "Microsoft.AspNetCore.Mvc",
        "ecosystem": "NuGet",
        "purl": "pkg:nuget/Microsoft.AspNetCore.Mvc"
      },
      "ranges": [
        {
          "type": "ECOSYSTEM",
          "events": [
            {
              "introduced": "1.1.0"
            },
            {
              "fixed": "1.1.3"
            }
          ]
        }
      ],
      "versions": [
        "1.1.0",
        "1.1.1",
        "1.1.2"
      ],
      "database_specific": {
        "source": "https://github.com/github/advisory-database/blob/main/advisories/github-reviewed/2018/10/GHSA-j8f4-2w4p-mhjc/GHSA-j8f4-2w4p-mhjc.json"
      }
    },
    {
      "package": {
        "name": "Microsoft.AspNetCore.Mvc.Core",
        "ecosystem": "NuGet",
        "purl": "pkg:nuget/Microsoft.AspNetCore.Mvc.Core"
      },
      "ranges": [
        {
          "type": "ECOSYSTEM",
          "events": [
            {
              "introduced": "1.0.0"
            },
            {
              "fixed": "1.0.4"
            }
          ]
        }
      ],
      "versions": [
        "1.0.0",
        "1.0.1",
        "1.0.2",
        "1.0.3"
      ],
      "database_specific": {
        "source": "https://github.com/github/advisory-database/blob/main/advisories/github-reviewed/2018/10/GHSA-j8f4-2w4p-mhjc/GHSA-j8f4-2w4p-mhjc.json"
      }
    },
    {
      "package": {
        "name": "Microsoft.AspNetCore.Mvc.Core",
        "ecosystem": "NuGet",
        "purl": "pkg:nuget/Microsoft.AspNetCore.Mvc.Core"
      },
      "ranges": [
        {
          "type": "ECOSYSTEM",
          "events": [
            {
              "introduced": "1.1.0"
            },
            {
              "fixed": "1.1.3"
            }
          ]
        }
      ],
      "versions": [
        "1.1.0",
        "1.1.1",
        "1.1.2"
      ],
      "database_specific": {
        "source": "https://github.com/github/advisory-database/blob/main/advisories/github-reviewed/2018/10/GHSA-j8f4-2w4p-mhjc/GHSA-j8f4-2w4p-mhjc.json"
      }
    },
    {
      "package": {
        "name": "System.Net.Http",
        "ecosystem": "NuGet",
        "purl": "pkg:nuget/System.Net.Http"
      },
      "ranges": [
        {
          "type": "ECOSYSTEM",
          "events": [
            {
              "introduced": "4.1.1"
            },
            {
              "fixed": "4.1.2"
            }
          ]
        }
      ],
      "versions": [
        "4.1.1"
      ],
      "database_specific": {
        "source": "https://github.com/github/advisory-database/blob/main/advisories/github-reviewed/2018/10/GHSA-j8f4-2w4p-mhjc/GHSA-j8f4-2w4p-mhjc.json"
      }
    },
    {
      "package": {
        "name": "System.Net.Http",
        "ecosystem": "NuGet",
        "purl": "pkg:nuget/System.Net.Http"
      },
      "ranges": [
        {
          "type": "ECOSYSTEM",
          "events": [
            {
              "introduced": "4.3.1"
            },
            {
              "fixed": "4.3.2"
            }
          ]
        }
      ],
      "versions": [
        "4.3.1"
      ],
      "database_specific": {
        "source": "https://github.com/github/advisory-database/blob/main/advisories/github-reviewed/2018/10/GHSA-j8f4-2w4p-mhjc/GHSA-j8f4-2w4p-mhjc.json"
      }
    },
    {
      "package": {
        "name": "System.Text.Encodings.Web",
        "ecosystem": "NuGet",
        "purl": "pkg:nuget/System.Text.Encodings.Web"
      },
      "ranges": [
        {
          "type": "ECOSYSTEM",
          "events": [
            {
              "introduced": "4.0.0"
            },
            {
              "fixed": "4.0.1"
            }
          ]
        }
      ],
      "versions": [
        "4.0.0"
      ],
      "database_specific": {
        "source": "https://github.com/github/advisory-database/blob/main/advisories/github-reviewed/2018/10/GHSA-j8f4-2w4p-mhjc/GHSA-j8f4-2w4p-mhjc.json"
      }
    },
    {
      "package": {
        "name": "System.Text.Encodings.Web",
        "ecosystem": "NuGet",
        "purl": "pkg:nuget/System.Text.Encodings.Web"
      },
      "ranges": [
        {
          "type": "ECOSYSTEM",
          "events": [
            {
              "introduced": "4.3.0"
            },
            {
              "fixed": "4.3.1"
            }
          ]
        }
      ],
      "versions": [
        "4.3.0"
      ],
      "database_specific": {
        "source": "https://github.com/github/advisory-database/blob/main/advisories/github-reviewed/2018/10/GHSA-j8f4-2w4p-mhjc/GHSA-j8f4-2w4p-mhjc.json"
      }
    },
    {
      "package": {
        "name": "System.Net.Http.WinHttpHandler",
        "ecosystem": "NuGet",
        "purl": "pkg:nuget/System.Net.Http.WinHttpHandler"
      },
      "ranges": [
        {
          "type": "ECOSYSTEM",
          "events": [
            {
              "introduced": "4.0.0"
            },
            {
              "fixed": "4.0.1"
            }
          ]
        }
      ],
      "versions": [
        "4.0.0"
      ],
      "database_specific": {
        "source": "https://github.com/github/advisory-database/blob/main/advisories/github-reviewed/2018/10/GHSA-j8f4-2w4p-mhjc/GHSA-j8f4-2w4p-mhjc.json"
      }
    },
    {
      "package": {
        "name": "System.Net.Http.WinHttpHandler",
        "ecosystem": "NuGet",
        "purl": "pkg:nuget/System.Net.Http.WinHttpHandler"
      },
      "ranges": [
        {
          "type": "ECOSYSTEM",
          "events": [
            {
              "introduced": "4.3.0"
            },
            {
              "fixed": "4.3.1"
            }
          ]
        }
      ],
      "versions": [
        "4.3.0"
      ],
      "database_specific": {
        "source": "https://github.com/github/advisory-database/blob/main/advisories/github-reviewed/2018/10/GHSA-j8f4-2w4p-mhjc/GHSA-j8f4-2w4p-mhjc.json"
      }
    },
    {
      "package": {
        "name": "System.Net.Security",
        "ecosystem": "NuGet",
        "purl": "pkg:nuget/System.Net.Security"
      },
      "ranges": [
        {
          "type": "ECOSYSTEM",
          "events": [
            {
              "introduced": "4.0.0"
            },
            {
              "fixed": "4.0.1"
            }
          ]
        }
      ],
      "versions": [
        "4.0.0"
      ],
      "database_specific": {
        "source": "https://github.com/github/advisory-database/blob/main/advisories/github-reviewed/2018/10/GHSA-j8f4-2w4p-mhjc/GHSA-j8f4-2w4p-mhjc.json"
      }
    },
    {
      "package": {
        "name": "System.Net.Security",
        "ecosystem": "NuGet",
        "purl": "pkg:nuget/System.Net.Security"
      },
      "ranges": [
        {
          "type": "ECOSYSTEM",
          "events": [
            {
              "introduced": "4.3.0"
            },
            {
              "fixed": "4.3.1"
            }
          ]
        }
      ],
      "versions": [
        "4.3.0"
      ],
      "database_specific": {
        "source": "https://github.com/github/advisory-database/blob/main/advisories/github-reviewed/2018/10/GHSA-j8f4-2w4p-mhjc/GHSA-j8f4-2w4p-mhjc.json"
      }
    },
    {
      "package": {
        "name": "System.Net.WebSockets.Client",
        "ecosystem": "NuGet",
        "purl": "pkg:nuget/System.Net.WebSockets.Client"
      },
      "ranges": [
        {
          "type": "ECOSYSTEM",
          "events": [
            {
              "introduced": "4.0.0"
            },
            {
              "fixed": "4.0.1"
            }
          ]
        }
      ],
      "versions": [
        "4.0.0"
      ],
      "database_specific": {
        "source": "https://github.com/github/advisory-database/blob/main/advisories/github-reviewed/2018/10/GHSA-j8f4-2w4p-mhjc/GHSA-j8f4-2w4p-mhjc.json"
      }
    },
    {
      "package": {
        "name": "System.Net.WebSockets.Client",
        "ecosystem": "NuGet",
        "purl": "pkg:nuget/System.Net.WebSockets.Client"
      },
      "ranges": [
        {
          "type": "ECOSYSTEM",
          "events": [
            {
              "introduced": "4.3.0"
            },
            {
              "fixed": "4.3.1"
            }
          ]
        }
      ],
      "versions": [
        "4.3.0"
      ],
      "database_specific": {
        "source": "https://github.com/github/advisory-database/blob/main/advisories/github-reviewed/2018/10/GHSA-j8f4-2w4p-mhjc/GHSA-j8f4-2w4p-mhjc.json"
      }
    },
    {
      "package": {
        "name": "Microsoft.AspNetCore.Mvc.Abstractions",
        "ecosystem": "NuGet",
        "purl": "pkg:nuget/Microsoft.AspNetCore.Mvc.Abstractions"
      },
      "ranges": [
        {
          "type": "ECOSYSTEM",
          "events": [
            {
              "introduced": "1.0.0"
            },
            {
              "fixed": "1.0.4"
            }
          ]
        }
      ],
      "versions": [
        "1.0.0",
        "1.0.1",
        "1.0.2",
        "1.0.3"
      ],
      "database_specific": {
        "source": "https://github.com/github/advisory-database/blob/main/advisories/github-reviewed/2018/10/GHSA-j8f4-2w4p-mhjc/GHSA-j8f4-2w4p-mhjc.json"
      }
    },
    {
      "package": {
        "name": "Microsoft.AspNetCore.Mvc.Abstractions",
        "ecosystem": "NuGet",
        "purl": "pkg:nuget/Microsoft.AspNetCore.Mvc.Abstractions"
      },
      "ranges": [
        {
          "type": "ECOSYSTEM",
          "events": [
            {
              "introduced": "1.1.0"
            },
            {
              "fixed": "1.1.3"
            }
          ]
        }
      ],
      "versions": [
        "1.1.0",
        "1.1.1",
        "1.1.2"
      ],
      "database_specific": {
        "source": "https://github.com/github/advisory-database/blob/main/advisories/github-reviewed/2018/10/GHSA-j8f4-2w4p-mhjc/GHSA-j8f4-2w4p-mhjc.json"
      }
    },
    {
      "package": {
        "name": "Microsoft.AspNetCore.Mvc.ApiExplorer",
        "ecosystem": "NuGet",
        "purl": "pkg:nuget/Microsoft.AspNetCore.Mvc.ApiExplorer"
      },
      "ranges": [
        {
          "type": "ECOSYSTEM",
          "events": [
            {
              "introduced": "1.0.0"
            },
            {
              "fixed": "1.0.4"
            }
          ]
        }
      ],
      "versions": [
        "1.0.0",
        "1.0.1",
        "1.0.2",
        "1.0.3"
      ],
      "database_specific": {
        "source": "https://github.com/github/advisory-database/blob/main/advisories/github-reviewed/2018/10/GHSA-j8f4-2w4p-mhjc/GHSA-j8f4-2w4p-mhjc.json"
      }
    },
    {
      "package": {
        "name": "Microsoft.AspNetCore.Mvc.ApiExplorer",
        "ecosystem": "NuGet",
        "purl": "pkg:nuget/Microsoft.AspNetCore.Mvc.ApiExplorer"
      },
      "ranges": [
        {
          "type": "ECOSYSTEM",
          "events": [
            {
              "introduced": "1.1.0"
            },
            {
              "fixed": "1.1.3"
            }
          ]
        }
      ],
      "versions": [
        "1.1.0",
        "1.1.1",
        "1.1.2"
      ],
      "database_specific": {
        "source": "https://github.com/github/advisory-database/blob/main/advisories/github-reviewed/2018/10/GHSA-j8f4-2w4p-mhjc/GHSA-j8f4-2w4p-mhjc.json"
      }
    },
    {
      "package": {
        "name": "Microsoft.AspNetCore.Mvc.Cors",
        "ecosystem": "NuGet",
        "purl": "pkg:nuget/Microsoft.AspNetCore.Mvc.Cors"
      },
      "ranges": [
        {
          "type": "ECOSYSTEM",
          "events": [
            {
              "introduced": "1.0.0"
            },
            {
              "fixed": "1.0.4"
            }
          ]
        }
      ],
      "versions": [
        "1.0.0",
        "1.0.1",
        "1.0.2",
        "1.0.3"
      ],
      "database_specific": {
        "source": "https://github.com/github/advisory-database/blob/main/advisories/github-reviewed/2018/10/GHSA-j8f4-2w4p-mhjc/GHSA-j8f4-2w4p-mhjc.json"
      }
    },
    {
      "package": {
        "name": "Microsoft.AspNetCore.Mvc.Cors",
        "ecosystem": "NuGet",
        "purl": "pkg:nuget/Microsoft.AspNetCore.Mvc.Cors"
      },
      "ranges": [
        {
          "type": "ECOSYSTEM",
          "events": [
            {
              "introduced": "1.1.0"
            },
            {
              "fixed": "1.1.3"
            }
          ]
        }
      ],
      "versions": [
        "1.1.0",
        "1.1.1",
        "1.1.2"
      ],
      "database_specific": {
        "source": "https://github.com/github/advisory-database/blob/main/advisories/github-reviewed/2018/10/GHSA-j8f4-2w4p-mhjc/GHSA-j8f4-2w4p-mhjc.json"
      }
    },
    {
      "package": {
        "name": "Microsoft.AspNetCore.Mvc.DataAnnotations",
        "ecosystem": "NuGet",
        "purl": "pkg:nuget/Microsoft.AspNetCore.Mvc.DataAnnotations"
      },
      "ranges": [
        {
          "type": "ECOSYSTEM",
          "events": [
            {
              "introduced": "1.0.0"
            },
            {
              "fixed": "1.0.4"
            }
          ]
        }
      ],
      "versions": [
        "1.0.0",
        "1.0.1",
        "1.0.2",
        "1.0.3"
      ],
      "database_specific": {
        "source": "https://github.com/github/advisory-database/blob/main/advisories/github-reviewed/2018/10/GHSA-j8f4-2w4p-mhjc/GHSA-j8f4-2w4p-mhjc.json"
      }
    },
    {
      "package": {
        "name": "Microsoft.AspNetCore.Mvc.DataAnnotations",
        "ecosystem": "NuGet",
        "purl": "pkg:nuget/Microsoft.AspNetCore.Mvc.DataAnnotations"
      },
      "ranges": [
        {
          "type": "ECOSYSTEM",
          "events": [
            {
              "introduced": "1.1.0"
            },
            {
              "fixed": "1.1.3"
            }
          ]
        }
      ],
      "versions": [
        "1.1.0",
        "1.1.1",
        "1.1.2"
      ],
      "database_specific": {
        "source": "https://github.com/github/advisory-database/blob/main/advisories/github-reviewed/2018/10/GHSA-j8f4-2w4p-mhjc/GHSA-j8f4-2w4p-mhjc.json"
      }
    },
    {
      "package": {
        "name": "Microsoft.AspNetCore.Mvc.Formatters.Json",
        "ecosystem": "NuGet",
        "purl": "pkg:nuget/Microsoft.AspNetCore.Mvc.Formatters.Json"
      },
      "ranges": [
        {
          "type": "ECOSYSTEM",
          "events": [
            {
              "introduced": "1.0.0"
            },
            {
              "fixed": "1.0.4"
            }
          ]
        }
      ],
      "versions": [
        "1.0.0",
        "1.0.1",
        "1.0.2",
        "1.0.3"
      ],
      "database_specific": {
        "source": "https://github.com/github/advisory-database/blob/main/advisories/github-reviewed/2018/10/GHSA-j8f4-2w4p-mhjc/GHSA-j8f4-2w4p-mhjc.json"
      }
    },
    {
      "package": {
        "name": "Microsoft.AspNetCore.Mvc.Formatters.Json",
        "ecosystem": "NuGet",
        "purl": "pkg:nuget/Microsoft.AspNetCore.Mvc.Formatters.Json"
      },
      "ranges": [
        {
          "type": "ECOSYSTEM",
          "events": [
            {
              "introduced": "1.1.0"
            },
            {
              "fixed": "1.1.3"
            }
          ]
        }
      ],
      "versions": [
        "1.1.0",
        "1.1.1",
        "1.1.2"
      ],
      "database_specific": {
        "source": "https://github.com/github/advisory-database/blob/main/advisories/github-reviewed/2018/10/GHSA-j8f4-2w4p-mhjc/GHSA-j8f4-2w4p-mhjc.json"
      }
    },
    {
      "package": {
        "name": "Microsoft.AspNetCore.Mvc.Formatters.Xml",
        "ecosystem": "NuGet",
        "purl": "pkg:nuget/Microsoft.AspNetCore.Mvc.Formatters.Xml"
      },
      "ranges": [
        {
          "type": "ECOSYSTEM",
          "events": [
            {
              "introduced": "1.0.0"
            },
            {
              "fixed": "1.0.4"
            }
          ]
        }
      ],
      "versions": [
        "1.0.0",
        "1.0.1",
        "1.0.2",
        "1.0.3"
      ],
      "database_specific": {
        "source": "https://github.com/github/advisory-database/blob/main/advisories/github-reviewed/2018/10/GHSA-j8f4-2w4p-mhjc/GHSA-j8f4-2w4p-mhjc.json"
      }
    },
    {
      "package": {
        "name": "Microsoft.AspNetCore.Mvc.Formatters.Xml",
        "ecosystem": "NuGet",
        "purl": "pkg:nuget/Microsoft.AspNetCore.Mvc.Formatters.Xml"
      },
      "ranges": [
        {
          "type": "ECOSYSTEM",
          "events": [
            {
              "introduced": "1.1.0"
            },
            {
              "fixed": "1.1.3"
            }
          ]
        }
      ],
      "versions": [
        "1.1.0",
        "1.1.1",
        "1.1.2"
      ],
      "database_specific": {
        "source": "https://github.com/github/advisory-database/blob/main/advisories/github-reviewed/2018/10/GHSA-j8f4-2w4p-mhjc/GHSA-j8f4-2w4p-mhjc.json"
      }
    },
    {
      "package": {
        "name": "Microsoft.AspNetCore.Mvc.Localization",
        "ecosystem": "NuGet",
        "purl": "pkg:nuget/Microsoft.AspNetCore.Mvc.Localization"
      },
      "ranges": [
        {
          "type": "ECOSYSTEM",
          "events": [
            {
              "introduced": "1.0.0"
            },
            {
              "fixed": "1.0.4"
            }
          ]
        }
      ],
      "versions": [
        "1.0.0",
        "1.0.1",
        "1.0.2",
        "1.0.3"
      ],
      "database_specific": {
        "source": "https://github.com/github/advisory-database/blob/main/advisories/github-reviewed/2018/10/GHSA-j8f4-2w4p-mhjc/GHSA-j8f4-2w4p-mhjc.json"
      }
    },
    {
      "package": {
        "name": "Microsoft.AspNetCore.Mvc.Localization",
        "ecosystem": "NuGet",
        "purl": "pkg:nuget/Microsoft.AspNetCore.Mvc.Localization"
      },
      "ranges": [
        {
          "type": "ECOSYSTEM",
          "events": [
            {
              "introduced": "1.1.0"
            },
            {
              "fixed": "1.1.3"
            }
          ]
        }
      ],
      "versions": [
        "1.1.0",
        "1.1.1",
        "1.1.2"
      ],
      "database_specific": {
        "source": "https://github.com/github/advisory-database/blob/main/advisories/github-reviewed/2018/10/GHSA-j8f4-2w4p-mhjc/GHSA-j8f4-2w4p-mhjc.json"
      }
    },
    {
      "package": {
        "name": "Microsoft.AspNetCore.Mvc.Razor.Host",
        "ecosystem": "NuGet",
        "purl": "pkg:nuget/Microsoft.AspNetCore.Mvc.Razor.Host"
      },
      "ranges": [
        {
          "type": "ECOSYSTEM",
          "events": [
            {
              "introduced": "1.0.0"
            },
            {
              "fixed": "1.0.4"
            }
          ]
        }
      ],
      "versions": [
        "1.0.0",
        "1.0.1",
        "1.0.2",
        "1.0.3"
      ],
      "database_specific": {
        "source": "https://github.com/github/advisory-database/blob/main/advisories/github-reviewed/2018/10/GHSA-j8f4-2w4p-mhjc/GHSA-j8f4-2w4p-mhjc.json"
      }
    },
    {
      "package": {
        "name": "Microsoft.AspNetCore.Mvc.Razor.Host",
        "ecosystem": "NuGet",
        "purl": "pkg:nuget/Microsoft.AspNetCore.Mvc.Razor.Host"
      },
      "ranges": [
        {
          "type": "ECOSYSTEM",
          "events": [
            {
              "introduced": "1.1.0"
            },
            {
              "fixed": "1.1.3"
            }
          ]
        }
      ],
      "versions": [
        "1.1.0",
        "1.1.1",
        "1.1.2"
      ],
      "database_specific": {
        "source": "https://github.com/github/advisory-database/blob/main/advisories/github-reviewed/2018/10/GHSA-j8f4-2w4p-mhjc/GHSA-j8f4-2w4p-mhjc.json"
      }
    },
    {
      "package": {
        "name": "Microsoft.AspNetCore.Mvc.Razor",
        "ecosystem": "NuGet",
        "purl": "pkg:nuget/Microsoft.AspNetCore.Mvc.Razor"
      },
      "ranges": [
        {
          "type": "ECOSYSTEM",
          "events": [
            {
              "introduced": "1.0.0"
            },
            {
              "fixed": "1.0.4"
            }
          ]
        }
      ],
      "versions": [
        "1.0.0",
        "1.0.1",
        "1.0.2",
        "1.0.3"
      ],
      "database_specific": {
        "source": "https://github.com/github/advisory-database/blob/main/advisories/github-reviewed/2018/10/GHSA-j8f4-2w4p-mhjc/GHSA-j8f4-2w4p-mhjc.json"
      }
    },
    {
      "package": {
        "name": "Microsoft.AspNetCore.Mvc.Razor",
        "ecosystem": "NuGet",
        "purl": "pkg:nuget/Microsoft.AspNetCore.Mvc.Razor"
      },
      "ranges": [
        {
          "type": "ECOSYSTEM",
          "events": [
            {
              "introduced": "1.1.0"
            },
            {
              "fixed": "1.1.3"
            }
          ]
        }
      ],
      "versions": [
        "1.1.0",
        "1.1.1",
        "1.1.2"
      ],
      "database_specific": {
        "source": "https://github.com/github/advisory-database/blob/main/advisories/github-reviewed/2018/10/GHSA-j8f4-2w4p-mhjc/GHSA-j8f4-2w4p-mhjc.json"
      }
    },
    {
      "package": {
        "name": "Microsoft.AspNetCore.Mvc.TagHelpers",
        "ecosystem": "NuGet",
        "purl": "pkg:nuget/Microsoft.AspNetCore.Mvc.TagHelpers"
      },
      "ranges": [
        {
          "type": "ECOSYSTEM",
          "events": [
            {
              "introduced": "1.0.0"
            },
            {
              "fixed": "1.0.4"
            }
          ]
        }
      ],
      "versions": [
        "1.0.0",
        "1.0.1",
        "1.0.2",
        "1.0.3"
      ],
      "database_specific": {
        "source": "https://github.com/github/advisory-database/blob/main/advisories/github-reviewed/2018/10/GHSA-j8f4-2w4p-mhjc/GHSA-j8f4-2w4p-mhjc.json"
      }
    },
    {
      "package": {
        "name": "Microsoft.AspNetCore.Mvc.TagHelpers",
        "ecosystem": "NuGet",
        "purl": "pkg:nuget/Microsoft.AspNetCore.Mvc.TagHelpers"
      },
      "ranges": [
        {
          "type": "ECOSYSTEM",
          "events": [
            {
              "introduced": "1.1.0"
            },
            {
              "fixed": "1.1.3"
            }
          ]
        }
      ],
      "versions": [
        "1.1.0",
        "1.1.1",
        "1.1.2"
      ],
      "database_specific": {
        "source": "https://github.com/github/advisory-database/blob/main/advisories/github-reviewed/2018/10/GHSA-j8f4-2w4p-mhjc/GHSA-j8f4-2w4p-mhjc.json"
      }
    },
    {
      "package": {
        "name": "Microsoft.AspNetCore.Mvc.ViewFeatures",
        "ecosystem": "NuGet",
        "purl": "pkg:nuget/Microsoft.AspNetCore.Mvc.ViewFeatures"
      },
      "ranges": [
        {
          "type": "ECOSYSTEM",
          "events": [
            {
              "introduced": "1.0.0"
            },
            {
              "fixed": "1.0.4"
            }
          ]
        }
      ],
      "versions": [
        "1.0.0",
        "1.0.1",
        "1.0.2",
        "1.0.3"
      ],
      "database_specific": {
        "source": "https://github.com/github/advisory-database/blob/main/advisories/github-reviewed/2018/10/GHSA-j8f4-2w4p-mhjc/GHSA-j8f4-2w4p-mhjc.json"
      }
    },
    {
      "package": {
        "name": "Microsoft.AspNetCore.Mvc.ViewFeatures",
        "ecosystem": "NuGet",
        "purl": "pkg:nuget/Microsoft.AspNetCore.Mvc.ViewFeatures"
      },
      "ranges": [
        {
          "type": "ECOSYSTEM",
          "events": [
            {
              "introduced": "1.1.0"
            },
            {
              "fixed": "1.1.3"
            }
          ]
        }
      ],
      "versions": [
        "1.1.0",
        "1.1.1",
        "1.1.2"
      ],
      "database_specific": {
        "source": "https://github.com/github/advisory-database/blob/main/advisories/github-reviewed/2018/10/GHSA-j8f4-2w4p-mhjc/GHSA-j8f4-2w4p-mhjc.json"
      }
    },
    {
      "package": {
        "name": "Microsoft.AspNetCore.Mvc.WebApiCompatShim",
        "ecosystem": "NuGet",
        "purl": "pkg:nuget/Microsoft.AspNetCore.Mvc.WebApiCompatShim"
      },
      "ranges": [
        {
          "type": "ECOSYSTEM",
          "events": [
            {
              "introduced": "1.0.0"
            },
            {
              "fixed": "1.0.4"
            }
          ]
        }
      ],
      "versions": [
        "1.0.0",
        "1.0.1",
        "1.0.2",
        "1.0.3"
      ],
      "database_specific": {
        "source": "https://github.com/github/advisory-database/blob/main/advisories/github-reviewed/2018/10/GHSA-j8f4-2w4p-mhjc/GHSA-j8f4-2w4p-mhjc.json"
      }
    },
    {
      "package": {
        "name": "Microsoft.AspNetCore.Mvc.WebApiCompatShim",
        "ecosystem": "NuGet",
        "purl": "pkg:nuget/Microsoft.AspNetCore.Mvc.WebApiCompatShim"
      },
      "ranges": [
        {
          "type": "ECOSYSTEM",
          "events": [
            {
              "introduced": "1.1.0"
            },
            {
              "fixed": "1.1.3"
            }
          ]
        }
      ],
      "versions": [
        "1.1.0",
        "1.1.1",
        "1.1.2"
      ],
      "database_specific": {
        "source": "https://github.com/github/advisory-database/blob/main/advisories/github-reviewed/2018/10/GHSA-j8f4-2w4p-mhjc/GHSA-j8f4-2w4p-mhjc.json"
      }
    }
  ],
  "schema_version": "1.6.0",
  "severity": [
    {
      "type": "CVSS_V3",
      "score": "CVSS:3.0/AV:N/AC:L/PR:N/UI:N/S:U/C:N/I:L/A:N"
    }
  ]
}