{
  "id": "GHSA-rrwx-8wm4-qhh4",
  "summary": "GleamTech FileUltimate Cross-site Scripting",
  "details": "The FileExplorer component in GleamTech FileUltimate 6.1.5 allows XSS via an SVG document.",
  "aliases": [
    "CVE-2020-15015"
  ],
  "modified": "2023-11-08T04:02:28.318415Z",
  "published": "2022-05-24T17:21:37Z",
  "database_specific": {
    "nvd_published_at": "2020-06-24T15:15:00Z",
    "cwe_ids": [
      "CWE-79"
    ],
    "severity": "MODERATE",
    "github_reviewed": true,
    "github_reviewed_at": "2023-07-18T13:47:56Z"
  },
  "references": [
    {
      "type": "ADVISORY",
      "url": "https://nvd.nist.gov/vuln/detail/CVE-2020-15015"
    },
    {
      "type": "WEB",
      "url": "https://gist.github.com/chppppp/9b003d8416e6d3a89d2873a58af2a95f"
    },
    {
      "type": "PACKAGE",
      "url": "https://github.com/GleamTech/FileUltimate"
    }
  ],
  "affected": [
    {
      "package": {
        "name": "GleamTech.FileUltimate",
        "ecosystem": "NuGet",
        "purl": "pkg:nuget/GleamTech.FileUltimate"
      },
      "versions": [
        "6.1.5"
      ],
      "database_specific": {
        "source": "https://github.com/github/advisory-database/blob/main/advisories/github-reviewed/2022/05/GHSA-rrwx-8wm4-qhh4/GHSA-rrwx-8wm4-qhh4.json"
      }
    }
  ],
  "schema_version": "1.6.0",
  "severity": [
    {
      "type": "CVSS_V3",
      "score": "CVSS:3.1/AV:N/AC:L/PR:N/UI:R/S:C/C:L/I:L/A:N"
    }
  ]
}