{
  "id": "GHSA-f2pg-gcxp-gr2c",
  "summary": "ChakraCore RCE Vulnerability",
  "details": "The Chakra JavaScript engine in Microsoft Edge allows remote attackers to execute arbitrary code or cause a denial of service (memory corruption) via a crafted web site, aka \"Scripting Engine Memory Corruption Vulnerability,\" a different vulnerability than CVE-2016-3269.",
  "aliases": [
    "CVE-2016-3265"
  ],
  "modified": "2023-11-08T03:58:26.474585Z",
  "published": "2022-05-14T02:24:13Z",
  "database_specific": {
    "nvd_published_at": "2016-07-13T01:59:00Z",
    "cwe_ids": [
      "CWE-119"
    ],
    "severity": "HIGH",
    "github_reviewed": true,
    "github_reviewed_at": "2023-07-31T20:16:36Z"
  },
  "references": [
    {
      "type": "ADVISORY",
      "url": "https://nvd.nist.gov/vuln/detail/CVE-2016-3265"
    },
    {
      "type": "WEB",
      "url": "https://github.com/chakra-core/ChakraCore/pull/1291"
    },
    {
      "type": "WEB",
      "url": "https://github.com/chakra-core/ChakraCore/commit/17f3d4a4852dcc9e48de7091685b1862afb9f307"
    },
    {
      "type": "WEB",
      "url": "https://docs.microsoft.com/en-us/security-updates/securitybulletins/2016/ms16-085"
    },
    {
      "type": "PACKAGE",
      "url": "https://github.com/chakra-core/ChakraCore"
    },
    {
      "type": "WEB",
      "url": "https://web.archive.org/web/20210121005807/http://www.securitytracker.com/id/1036286"
    },
    {
      "type": "WEB",
      "url": "https://web.archive.org/web/20210125172651/http://www.securityfocus.com/bid/91573"
    }
  ],
  "affected": [
    {
      "package": {
        "name": "Microsoft.ChakraCore",
        "ecosystem": "NuGet",
        "purl": "pkg:nuget/Microsoft.ChakraCore"
      },
      "ranges": [
        {
          "type": "ECOSYSTEM",
          "events": [
            {
              "introduced": "0"
            },
            {
              "fixed": "1.2.0.0"
            }
          ]
        }
      ],
      "database_specific": {
        "source": "https://github.com/github/advisory-database/blob/main/advisories/github-reviewed/2022/05/GHSA-f2pg-gcxp-gr2c/GHSA-f2pg-gcxp-gr2c.json"
      },
      "versions": []
    }
  ],
  "schema_version": "1.6.0",
  "severity": [
    {
      "type": "CVSS_V3",
      "score": "CVSS:3.0/AV:N/AC:L/PR:N/UI:R/S:U/C:H/I:H/A:H"
    }
  ]
}