{
  "id": "GHSA-9qpf-v72j-j9qh",
  "summary": "ChakraCore vulnerable to remote code execution",
  "details": "ChakraCore and Windows 10 1511, 1607, 1703, 1709, and Windows Server 2016 allows an attacker to execute arbitrary code in the context of the current user, due to how the scripting engine handles objects in memory, aka \"Scripting Engine Memory Corruption Vulnerability\". `BackwardPass::RemoveEmptyLoopAfterMemOp` doesn't insert branches or make break control flow, potentially leading to remote code execution.\n\nThis CVE ID is unique from CVE-2017-11886, CVE-2017-11889, CVE-2017-11890, CVE-2017-11893, CVE-2017-11894, CVE-2017-11895, CVE-2017-11901, CVE-2017-11903, CVE-2017-11905, CVE-2017-11905, CVE-2017-11907, CVE-2017-11908, CVE-2017-11910, CVE-2017-11911, CVE-2017-11912, CVE-2017-11913, CVE-2017-11914, CVE-2017-11916, CVE-2017-11918, and CVE-2017-11930.",
  "aliases": [
    "CVE-2017-11909"
  ],
  "modified": "2024-02-19T05:23:26.265514Z",
  "published": "2022-05-14T01:06:51Z",
  "database_specific": {
    "nvd_published_at": "2017-12-12T21:29:00Z",
    "cwe_ids": [
      "CWE-119"
    ],
    "severity": "HIGH",
    "github_reviewed": true,
    "github_reviewed_at": "2023-07-26T21:31:36Z"
  },
  "references": [
    {
      "type": "ADVISORY",
      "url": "https://nvd.nist.gov/vuln/detail/CVE-2017-11909"
    },
    {
      "type": "WEB",
      "url": "https://github.com/chakra-core/ChakraCore/pull/4411"
    },
    {
      "type": "WEB",
      "url": "https://github.com/chakra-core/ChakraCore/commit/0e4566a4c394cb69834719704a05aa17101ae3f5"
    },
    {
      "type": "PACKAGE",
      "url": "https://github.com/chakra-core/ChakraCore"
    },
    {
      "type": "WEB",
      "url": "https://portal.msrc.microsoft.com/en-US/security-guidance/advisory/CVE-2017-11909"
    },
    {
      "type": "WEB",
      "url": "https://web.archive.org/web/20210124122714/http://www.securityfocus.com/bid/102085"
    },
    {
      "type": "WEB",
      "url": "https://web.archive.org/web/20210829201729/http://www.securitytracker.com/id/1039990"
    },
    {
      "type": "WEB",
      "url": "https://www.exploit-db.com/exploits/43467"
    }
  ],
  "affected": [
    {
      "package": {
        "name": "Microsoft.ChakraCore",
        "ecosystem": "NuGet",
        "purl": "pkg:nuget/Microsoft.ChakraCore"
      },
      "ranges": [
        {
          "type": "ECOSYSTEM",
          "events": [
            {
              "introduced": "0"
            },
            {
              "fixed": "1.7.5"
            }
          ]
        }
      ],
      "versions": [
        "1.2.0",
        "1.2.1",
        "1.2.2",
        "1.2.3",
        "1.2.6.62716-preview",
        "1.3.0",
        "1.3.1",
        "1.3.2",
        "1.4.0",
        "1.4.1",
        "1.4.2",
        "1.4.3",
        "1.4.4",
        "1.4.5",
        "1.5.0",
        "1.5.1",
        "1.5.2",
        "1.5.3",
        "1.6.0",
        "1.6.2",
        "1.7.0",
        "1.7.1",
        "1.7.2",
        "1.7.3",
        "1.7.4"
      ],
      "database_specific": {
        "source": "https://github.com/github/advisory-database/blob/main/advisories/github-reviewed/2022/05/GHSA-9qpf-v72j-j9qh/GHSA-9qpf-v72j-j9qh.json"
      }
    }
  ],
  "schema_version": "1.6.0",
  "severity": [
    {
      "type": "CVSS_V3",
      "score": "CVSS:3.0/AV:N/AC:H/PR:N/UI:R/S:U/C:H/I:H/A:H"
    }
  ]
}