{
  "id": "GHSA-257q-pv89-v3xv",
  "summary": "jQuery Cross Site Scripting vulnerability",
  "details": "Cross Site Scripting vulnerability in jQuery v.2.2.0 until v.3.5.0 allows a remote attacker to execute arbitrary code via the `<options>` element.",
  "aliases": [
    "CVE-2020-23064",
    "SNYK-JS-JQUERY-565129"
  ],
  "modified": "2024-04-01T18:46:17.903226Z",
  "published": "2023-06-26T21:30:58Z",
  "database_specific": {
    "nvd_published_at": "2023-06-26T19:15:09Z",
    "cwe_ids": [
      "CWE-79"
    ],
    "severity": "MODERATE",
    "github_reviewed": true,
    "github_reviewed_at": "2023-07-07T15:07:56Z"
  },
  "references": [
    {
      "type": "ADVISORY",
      "url": "https://nvd.nist.gov/vuln/detail/CVE-2020-23064"
    },
    {
      "type": "WEB",
      "url": "https://github.com/jquery/jquery/commit/1d61fd9407e6fbe82fe55cb0b938307aa0791f77"
    },
    {
      "type": "WEB",
      "url": "https://blog.jquery.com/2020/04/10/jquery-3-5-0-released"
    },
    {
      "type": "PACKAGE",
      "url": "https://github.com/jquery/jquery"
    },
    {
      "type": "WEB",
      "url": "https://github.com/rails/jquery-rails/blob/master/CHANGELOG.md#410"
    },
    {
      "type": "WEB",
      "url": "https://github.com/rails/jquery-rails/blob/master/CHANGELOG.md#440"
    },
    {
      "type": "WEB",
      "url": "https://github.com/rails/jquery-rails/blob/v4.3.5/vendor/assets/javascripts/jquery3.js#L5979"
    },
    {
      "type": "WEB",
      "url": "https://github.com/rails/jquery-rails/blob/v4.4.0/vendor/assets/javascripts/jquery3.js#L6162"
    },
    {
      "type": "WEB",
      "url": "https://github.com/rubysec/ruby-advisory-db/blob/master/gems/jquery-rails/CVE-2020-23064.yml"
    },
    {
      "type": "WEB",
      "url": "https://security.netapp.com/advisory/ntap-20230725-0003"
    },
    {
      "type": "WEB",
      "url": "https://snyk.io/vuln/SNYK-JS-JQUERY-565129"
    }
  ],
  "affected": [
    {
      "package": {
        "name": "jquery",
        "ecosystem": "npm",
        "purl": "pkg:npm/jquery"
      },
      "ranges": [
        {
          "type": "SEMVER",
          "events": [
            {
              "introduced": "1.0.3"
            },
            {
              "fixed": "3.5.0"
            }
          ]
        }
      ],
      "ecosystem_specific": {
        "affected_functions": [
          "(jquery).htmlPrefilter"
        ]
      },
      "database_specific": {
        "source": "https://github.com/github/advisory-database/blob/main/advisories/github-reviewed/2023/06/GHSA-257q-pv89-v3xv/GHSA-257q-pv89-v3xv.json"
      }
    },
    {
      "package": {
        "name": "jQuery",
        "ecosystem": "NuGet",
        "purl": "pkg:nuget/jQuery"
      },
      "ranges": [
        {
          "type": "ECOSYSTEM",
          "events": [
            {
              "introduced": "1.0.3"
            },
            {
              "fixed": "3.5.0"
            }
          ]
        }
      ],
      "versions": [
        "1.10.0",
        "1.10.0.1",
        "1.10.1",
        "1.10.2",
        "1.11.0",
        "1.11.1",
        "1.11.2",
        "1.11.3",
        "1.12.0",
        "1.12.1",
        "1.12.2",
        "1.12.3",
        "1.12.4",
        "1.4.1",
        "1.4.2",
        "1.4.3",
        "1.4.4",
        "1.5.0",
        "1.5.1",
        "1.5.2",
        "1.6.0",
        "1.6.1",
        "1.6.2",
        "1.6.3",
        "1.6.4",
        "1.7.0",
        "1.7.1",
        "1.7.1.1",
        "1.7.2",
        "1.8.0",
        "1.8.1",
        "1.8.2",
        "1.8.3",
        "1.9.0",
        "1.9.1",
        "2.0.0",
        "2.0.1",
        "2.0.1.1",
        "2.0.2",
        "2.0.3",
        "2.1.0",
        "2.1.1",
        "2.1.2",
        "2.1.3",
        "2.1.4",
        "2.2.0",
        "2.2.1",
        "2.2.2",
        "2.2.3",
        "2.2.4",
        "3.0.0",
        "3.0.0.1",
        "3.1.0",
        "3.1.1",
        "3.2.1",
        "3.3.1",
        "3.4.0",
        "3.4.1"
      ],
      "database_specific": {
        "source": "https://github.com/github/advisory-database/blob/main/advisories/github-reviewed/2023/06/GHSA-257q-pv89-v3xv/GHSA-257q-pv89-v3xv.json"
      }
    },
    {
      "package": {
        "name": "jquery-rails",
        "ecosystem": "RubyGems",
        "purl": "pkg:gem/jquery-rails"
      },
      "ranges": [
        {
          "type": "ECOSYSTEM",
          "events": [
            {
              "introduced": "0"
            },
            {
              "fixed": "4.4.0"
            }
          ]
        }
      ],
      "versions": [
        "0.1.1",
        "0.1.2",
        "0.1.3",
        "0.2",
        "0.2.1",
        "0.2.2",
        "0.2.3",
        "0.2.4",
        "0.2.5",
        "0.2.6",
        "0.2.7",
        "1.0",
        "1.0.1",
        "1.0.10",
        "1.0.11",
        "1.0.12",
        "1.0.13",
        "1.0.14",
        "1.0.15",
        "1.0.16",
        "1.0.17",
        "1.0.18",
        "1.0.19",
        "1.0.2",
        "1.0.3",
        "1.0.4",
        "1.0.5",
        "1.0.6",
        "1.0.7",
        "1.0.8",
        "1.0.9",
        "1.0.rc",
        "2.0.1",
        "2.0.2",
        "2.0.3",
        "2.1.0",
        "2.1.1",
        "2.1.2",
        "2.1.3",
        "2.1.4",
        "2.2.0",
        "2.2.1",
        "2.2.2",
        "2.3.0",
        "3.0.0",
        "3.0.1",
        "3.0.2",
        "3.0.3",
        "3.0.4",
        "3.1.0",
        "3.1.1",
        "3.1.2",
        "3.1.3",
        "3.1.4",
        "3.1.5",
        "4.0.0",
        "4.0.0.beta1",
        "4.0.0.beta2",
        "4.0.1",
        "4.0.2",
        "4.0.3",
        "4.0.4",
        "4.0.5",
        "4.1.0",
        "4.1.1",
        "4.2.0",
        "4.2.1",
        "4.2.2",
        "4.3.0",
        "4.3.1",
        "4.3.2",
        "4.3.3",
        "4.3.4",
        "4.3.5"
      ],
      "database_specific": {
        "source": "https://github.com/github/advisory-database/blob/main/advisories/github-reviewed/2023/06/GHSA-257q-pv89-v3xv/GHSA-257q-pv89-v3xv.json"
      }
    },
    {
      "package": {
        "name": "org.webjars.npm:jquery",
        "ecosystem": "Maven",
        "purl": "pkg:maven/org.webjars.npm/jquery"
      },
      "ranges": [
        {
          "type": "ECOSYSTEM",
          "events": [
            {
              "introduced": "1.0.3"
            },
            {
              "fixed": "3.5.0"
            }
          ]
        }
      ],
      "versions": [
        "1.11.0",
        "1.11.1",
        "1.11.3",
        "1.12.1",
        "1.12.2",
        "1.12.3",
        "1.12.4",
        "1.7.2",
        "1.7.3",
        "1.8.2",
        "1.8.3",
        "1.9.1",
        "2.1.0",
        "2.1.1",
        "2.1.1-rc1",
        "2.1.1-rc2",
        "2.1.3",
        "2.1.4",
        "2.2.0",
        "2.2.1",
        "2.2.2",
        "2.2.3",
        "2.2.4",
        "3.0.0",
        "3.0.0-alpha1",
        "3.0.0-beta1",
        "3.0.0-rc1",
        "3.1.0",
        "3.1.1",
        "3.2.0",
        "3.2.1",
        "3.3.0",
        "3.3.1",
        "3.4.0",
        "3.4.1"
      ],
      "database_specific": {
        "source": "https://github.com/github/advisory-database/blob/main/advisories/github-reviewed/2023/06/GHSA-257q-pv89-v3xv/GHSA-257q-pv89-v3xv.json"
      }
    }
  ],
  "schema_version": "1.6.0",
  "severity": [
    {
      "type": "CVSS_V3",
      "score": "CVSS:3.1/AV:N/AC:L/PR:N/UI:R/S:C/C:L/I:L/A:N"
    }
  ]
}