{
  "id": "GHSA-2m65-m22p-9wjw",
  "summary": "Duplicate Advisory: .NET Information Disclosure Vulnerability",
  "details": "# Duplicate Advisory\nThis advisory has been withdrawn because it is a duplicate of GHSA-vh55-786g-wjwj. This link is maintained to preserve external references.\n\n# Original Description\nMicrosoft is releasing this security advisory to provide information about a vulnerability in .NET Core 3.1 and .NET 6.0.  An information disclosure vulnerability exists in .NET Core 3.1 and .NET 6.0 that could lead to unauthorized access of privileged information.\n\n## Affected software\n\n* Any .NET 6.0 application running on .NET 6.0.7 or earlier.\n* Any .NET Core 3.1 applicaiton running on .NET Core 3.1.27 or earlier.\n\n## Patches\n\n* If you're using .NET 6.0, you should download and install Runtime 6.0.8 or SDK 6.0.108 (for Visual Studio 2022 v17.1) from https://dotnet.microsoft.com/download/dotnet-core/6.0.\n* If you're using .NET Core 3.1, you should download and install Runtime 3.1.28 (for Visual Studio 2019 v16.9) from https://dotnet.microsoft.com/download/dotnet-core/3.1.",
  "modified": "2024-04-02T19:16:23.468654Z",
  "published": "2022-08-10T00:00:18Z",
  "withdrawn": "2024-04-02T19:01:11Z",
  "database_specific": {
    "nvd_published_at": "2022-08-09T20:15:00Z",
    "cwe_ids": [],
    "severity": "MODERATE",
    "github_reviewed": true,
    "github_reviewed_at": "2022-08-11T21:17:41Z"
  },
  "references": [
    {
      "type": "WEB",
      "url": "https://github.com/dotnet/aspnetcore/security/advisories/GHSA-vh55-786g-wjwj"
    },
    {
      "type": "ADVISORY",
      "url": "https://nvd.nist.gov/vuln/detail/CVE-2022-34716"
    },
    {
      "type": "WEB",
      "url": "https://github.com/dotnet/announcements/issues/232"
    },
    {
      "type": "WEB",
      "url": "https://github.com/dotnet/aspnetcore/issues/43166"
    },
    {
      "type": "WEB",
      "url": "https://msrc.microsoft.com/update-guide/vulnerability/CVE-2022-34716"
    },
    {
      "type": "WEB",
      "url": "https://portal.msrc.microsoft.com/en-US/security-guidance/advisory/CVE-2022-34716"
    }
  ],
  "affected": [
    {
      "package": {
        "name": "System.Security.Cryptography.Xml",
        "ecosystem": "NuGet",
        "purl": "pkg:nuget/System.Security.Cryptography.Xml"
      },
      "ranges": [
        {
          "type": "ECOSYSTEM",
          "events": [
            {
              "introduced": "0"
            },
            {
              "fixed": "4.7.1"
            }
          ]
        }
      ],
      "versions": [
        "4.4.0",
        "4.4.0-preview1-25305-02",
        "4.4.0-preview2-25405-01",
        "4.4.1",
        "4.4.2",
        "4.5.0",
        "4.5.0-preview1-25914-04",
        "4.5.0-preview1-26216-02",
        "4.5.0-preview2-26406-04",
        "4.5.0-rc1",
        "4.6.0",
        "4.7.0"
      ],
      "database_specific": {
        "source": "https://github.com/github/advisory-database/blob/main/advisories/github-reviewed/2022/08/GHSA-2m65-m22p-9wjw/GHSA-2m65-m22p-9wjw.json"
      }
    },
    {
      "package": {
        "name": "System.Security.Cryptography.Xml",
        "ecosystem": "NuGet",
        "purl": "pkg:nuget/System.Security.Cryptography.Xml"
      },
      "ranges": [
        {
          "type": "ECOSYSTEM",
          "events": [
            {
              "introduced": "5.0.0"
            },
            {
              "fixed": "6.0.1"
            }
          ]
        }
      ],
      "versions": [
        "5.0.0",
        "6.0.0"
      ],
      "database_specific": {
        "source": "https://github.com/github/advisory-database/blob/main/advisories/github-reviewed/2022/08/GHSA-2m65-m22p-9wjw/GHSA-2m65-m22p-9wjw.json"
      }
    },
    {
      "package": {
        "name": "Microsoft.AspNetCore.App.Runtime.win-x64",
        "ecosystem": "NuGet",
        "purl": "pkg:nuget/Microsoft.AspNetCore.App.Runtime.win-x64"
      },
      "ranges": [
        {
          "type": "ECOSYSTEM",
          "events": [
            {
              "introduced": "3.1.0"
            },
            {
              "fixed": "3.1.28"
            }
          ]
        }
      ],
      "versions": [
        "3.1.0",
        "3.1.1",
        "3.1.10",
        "3.1.11",
        "3.1.12",
        "3.1.13",
        "3.1.14",
        "3.1.15",
        "3.1.16",
        "3.1.17",
        "3.1.18",
        "3.1.19",
        "3.1.2",
        "3.1.20",
        "3.1.21",
        "3.1.22",
        "3.1.23",
        "3.1.24",
        "3.1.25",
        "3.1.26",
        "3.1.27",
        "3.1.3",
        "3.1.4",
        "3.1.5",
        "3.1.6",
        "3.1.7",
        "3.1.8",
        "3.1.9"
      ],
      "database_specific": {
        "source": "https://github.com/github/advisory-database/blob/main/advisories/github-reviewed/2022/08/GHSA-2m65-m22p-9wjw/GHSA-2m65-m22p-9wjw.json"
      }
    },
    {
      "package": {
        "name": "Microsoft.AspNetCore.App.Runtime.win-x64",
        "ecosystem": "NuGet",
        "purl": "pkg:nuget/Microsoft.AspNetCore.App.Runtime.win-x64"
      },
      "ranges": [
        {
          "type": "ECOSYSTEM",
          "events": [
            {
              "introduced": "6.0.0"
            },
            {
              "fixed": "6.0.8"
            }
          ]
        }
      ],
      "versions": [
        "6.0.0",
        "6.0.1",
        "6.0.2",
        "6.0.3",
        "6.0.4",
        "6.0.5",
        "6.0.6",
        "6.0.7"
      ],
      "database_specific": {
        "source": "https://github.com/github/advisory-database/blob/main/advisories/github-reviewed/2022/08/GHSA-2m65-m22p-9wjw/GHSA-2m65-m22p-9wjw.json"
      }
    },
    {
      "package": {
        "name": "Microsoft.AspNetCore.App.Runtime.linux-x64",
        "ecosystem": "NuGet",
        "purl": "pkg:nuget/Microsoft.AspNetCore.App.Runtime.linux-x64"
      },
      "ranges": [
        {
          "type": "ECOSYSTEM",
          "events": [
            {
              "introduced": "3.1.0"
            },
            {
              "fixed": "3.1.28"
            }
          ]
        }
      ],
      "versions": [
        "3.1.0",
        "3.1.1",
        "3.1.10",
        "3.1.11",
        "3.1.12",
        "3.1.13",
        "3.1.14",
        "3.1.15",
        "3.1.16",
        "3.1.17",
        "3.1.18",
        "3.1.19",
        "3.1.2",
        "3.1.20",
        "3.1.21",
        "3.1.22",
        "3.1.23",
        "3.1.24",
        "3.1.25",
        "3.1.26",
        "3.1.27",
        "3.1.3",
        "3.1.4",
        "3.1.5",
        "3.1.6",
        "3.1.7",
        "3.1.8",
        "3.1.9"
      ],
      "database_specific": {
        "source": "https://github.com/github/advisory-database/blob/main/advisories/github-reviewed/2022/08/GHSA-2m65-m22p-9wjw/GHSA-2m65-m22p-9wjw.json"
      }
    },
    {
      "package": {
        "name": "Microsoft.AspNetCore.App.Runtime.linux-x64",
        "ecosystem": "NuGet",
        "purl": "pkg:nuget/Microsoft.AspNetCore.App.Runtime.linux-x64"
      },
      "ranges": [
        {
          "type": "ECOSYSTEM",
          "events": [
            {
              "introduced": "6.0.0"
            },
            {
              "fixed": "6.0.8"
            }
          ]
        }
      ],
      "versions": [
        "6.0.0",
        "6.0.1",
        "6.0.2",
        "6.0.3",
        "6.0.4",
        "6.0.5",
        "6.0.6",
        "6.0.7"
      ],
      "database_specific": {
        "source": "https://github.com/github/advisory-database/blob/main/advisories/github-reviewed/2022/08/GHSA-2m65-m22p-9wjw/GHSA-2m65-m22p-9wjw.json"
      }
    },
    {
      "package": {
        "name": "Microsoft.AspNetCore.App.Runtime.win-x86",
        "ecosystem": "NuGet",
        "purl": "pkg:nuget/Microsoft.AspNetCore.App.Runtime.win-x86"
      },
      "ranges": [
        {
          "type": "ECOSYSTEM",
          "events": [
            {
              "introduced": "3.1.0"
            },
            {
              "fixed": "3.1.28"
            }
          ]
        }
      ],
      "versions": [
        "3.1.0",
        "3.1.1",
        "3.1.10",
        "3.1.11",
        "3.1.12",
        "3.1.13",
        "3.1.14",
        "3.1.15",
        "3.1.16",
        "3.1.17",
        "3.1.18",
        "3.1.19",
        "3.1.2",
        "3.1.20",
        "3.1.21",
        "3.1.22",
        "3.1.23",
        "3.1.24",
        "3.1.25",
        "3.1.26",
        "3.1.27",
        "3.1.3",
        "3.1.4",
        "3.1.5",
        "3.1.6",
        "3.1.7",
        "3.1.8",
        "3.1.9"
      ],
      "database_specific": {
        "source": "https://github.com/github/advisory-database/blob/main/advisories/github-reviewed/2022/08/GHSA-2m65-m22p-9wjw/GHSA-2m65-m22p-9wjw.json"
      }
    },
    {
      "package": {
        "name": "Microsoft.AspNetCore.App.Runtime.win-x86",
        "ecosystem": "NuGet",
        "purl": "pkg:nuget/Microsoft.AspNetCore.App.Runtime.win-x86"
      },
      "ranges": [
        {
          "type": "ECOSYSTEM",
          "events": [
            {
              "introduced": "6.0.0"
            },
            {
              "fixed": "6.0.8"
            }
          ]
        }
      ],
      "versions": [
        "6.0.0",
        "6.0.1",
        "6.0.2",
        "6.0.3",
        "6.0.4",
        "6.0.5",
        "6.0.6",
        "6.0.7"
      ],
      "database_specific": {
        "source": "https://github.com/github/advisory-database/blob/main/advisories/github-reviewed/2022/08/GHSA-2m65-m22p-9wjw/GHSA-2m65-m22p-9wjw.json"
      }
    },
    {
      "package": {
        "name": "Microsoft.AspNetCore.App.Runtime.osx-x64",
        "ecosystem": "NuGet",
        "purl": "pkg:nuget/Microsoft.AspNetCore.App.Runtime.osx-x64"
      },
      "ranges": [
        {
          "type": "ECOSYSTEM",
          "events": [
            {
              "introduced": "3.1.0"
            },
            {
              "fixed": "3.1.28"
            }
          ]
        }
      ],
      "versions": [
        "3.1.0",
        "3.1.1",
        "3.1.10",
        "3.1.11",
        "3.1.12",
        "3.1.13",
        "3.1.14",
        "3.1.15",
        "3.1.16",
        "3.1.17",
        "3.1.18",
        "3.1.19",
        "3.1.2",
        "3.1.20",
        "3.1.21",
        "3.1.22",
        "3.1.23",
        "3.1.24",
        "3.1.25",
        "3.1.26",
        "3.1.27",
        "3.1.3",
        "3.1.4",
        "3.1.5",
        "3.1.6",
        "3.1.7",
        "3.1.8",
        "3.1.9"
      ],
      "database_specific": {
        "source": "https://github.com/github/advisory-database/blob/main/advisories/github-reviewed/2022/08/GHSA-2m65-m22p-9wjw/GHSA-2m65-m22p-9wjw.json"
      }
    },
    {
      "package": {
        "name": "Microsoft.AspNetCore.App.Runtime.osx-x64",
        "ecosystem": "NuGet",
        "purl": "pkg:nuget/Microsoft.AspNetCore.App.Runtime.osx-x64"
      },
      "ranges": [
        {
          "type": "ECOSYSTEM",
          "events": [
            {
              "introduced": "6.0.0"
            },
            {
              "fixed": "6.0.8"
            }
          ]
        }
      ],
      "versions": [
        "6.0.0",
        "6.0.1",
        "6.0.2",
        "6.0.3",
        "6.0.4",
        "6.0.5",
        "6.0.6",
        "6.0.7"
      ],
      "database_specific": {
        "source": "https://github.com/github/advisory-database/blob/main/advisories/github-reviewed/2022/08/GHSA-2m65-m22p-9wjw/GHSA-2m65-m22p-9wjw.json"
      }
    },
    {
      "package": {
        "name": "Microsoft.AspNetCore.App.Runtime.linux-musl-x64",
        "ecosystem": "NuGet",
        "purl": "pkg:nuget/Microsoft.AspNetCore.App.Runtime.linux-musl-x64"
      },
      "ranges": [
        {
          "type": "ECOSYSTEM",
          "events": [
            {
              "introduced": "3.1.0"
            },
            {
              "fixed": "3.1.28"
            }
          ]
        }
      ],
      "versions": [
        "3.1.0",
        "3.1.1",
        "3.1.10",
        "3.1.11",
        "3.1.12",
        "3.1.13",
        "3.1.14",
        "3.1.15",
        "3.1.16",
        "3.1.17",
        "3.1.18",
        "3.1.19",
        "3.1.2",
        "3.1.20",
        "3.1.21",
        "3.1.22",
        "3.1.23",
        "3.1.24",
        "3.1.25",
        "3.1.26",
        "3.1.27",
        "3.1.3",
        "3.1.4",
        "3.1.5",
        "3.1.6",
        "3.1.7",
        "3.1.8",
        "3.1.9"
      ],
      "database_specific": {
        "source": "https://github.com/github/advisory-database/blob/main/advisories/github-reviewed/2022/08/GHSA-2m65-m22p-9wjw/GHSA-2m65-m22p-9wjw.json"
      }
    },
    {
      "package": {
        "name": "Microsoft.AspNetCore.App.Runtime.linux-musl-x64",
        "ecosystem": "NuGet",
        "purl": "pkg:nuget/Microsoft.AspNetCore.App.Runtime.linux-musl-x64"
      },
      "ranges": [
        {
          "type": "ECOSYSTEM",
          "events": [
            {
              "introduced": "6.0.0"
            },
            {
              "fixed": "6.0.8"
            }
          ]
        }
      ],
      "versions": [
        "6.0.0",
        "6.0.1",
        "6.0.2",
        "6.0.3",
        "6.0.4",
        "6.0.5",
        "6.0.6",
        "6.0.7"
      ],
      "database_specific": {
        "source": "https://github.com/github/advisory-database/blob/main/advisories/github-reviewed/2022/08/GHSA-2m65-m22p-9wjw/GHSA-2m65-m22p-9wjw.json"
      }
    },
    {
      "package": {
        "name": "Microsoft.AspNetCore.App.Runtime.linux-arm64",
        "ecosystem": "NuGet",
        "purl": "pkg:nuget/Microsoft.AspNetCore.App.Runtime.linux-arm64"
      },
      "ranges": [
        {
          "type": "ECOSYSTEM",
          "events": [
            {
              "introduced": "3.1.0"
            },
            {
              "fixed": "3.1.28"
            }
          ]
        }
      ],
      "versions": [
        "3.1.0",
        "3.1.1",
        "3.1.10",
        "3.1.11",
        "3.1.12",
        "3.1.13",
        "3.1.14",
        "3.1.15",
        "3.1.16",
        "3.1.17",
        "3.1.18",
        "3.1.19",
        "3.1.2",
        "3.1.20",
        "3.1.21",
        "3.1.22",
        "3.1.23",
        "3.1.24",
        "3.1.25",
        "3.1.26",
        "3.1.27",
        "3.1.3",
        "3.1.4",
        "3.1.5",
        "3.1.6",
        "3.1.7",
        "3.1.8",
        "3.1.9"
      ],
      "database_specific": {
        "source": "https://github.com/github/advisory-database/blob/main/advisories/github-reviewed/2022/08/GHSA-2m65-m22p-9wjw/GHSA-2m65-m22p-9wjw.json"
      }
    },
    {
      "package": {
        "name": "Microsoft.AspNetCore.App.Runtime.linux-arm64",
        "ecosystem": "NuGet",
        "purl": "pkg:nuget/Microsoft.AspNetCore.App.Runtime.linux-arm64"
      },
      "ranges": [
        {
          "type": "ECOSYSTEM",
          "events": [
            {
              "introduced": "6.0.0"
            },
            {
              "fixed": "6.0.8"
            }
          ]
        }
      ],
      "versions": [
        "6.0.0",
        "6.0.1",
        "6.0.2",
        "6.0.3",
        "6.0.4",
        "6.0.5",
        "6.0.6",
        "6.0.7"
      ],
      "database_specific": {
        "source": "https://github.com/github/advisory-database/blob/main/advisories/github-reviewed/2022/08/GHSA-2m65-m22p-9wjw/GHSA-2m65-m22p-9wjw.json"
      }
    },
    {
      "package": {
        "name": "Microsoft.AspNetCore.App.Runtime.linux-arm",
        "ecosystem": "NuGet",
        "purl": "pkg:nuget/Microsoft.AspNetCore.App.Runtime.linux-arm"
      },
      "ranges": [
        {
          "type": "ECOSYSTEM",
          "events": [
            {
              "introduced": "3.1.0"
            },
            {
              "fixed": "3.1.28"
            }
          ]
        }
      ],
      "versions": [
        "3.1.0",
        "3.1.1",
        "3.1.10",
        "3.1.11",
        "3.1.12",
        "3.1.13",
        "3.1.14",
        "3.1.15",
        "3.1.16",
        "3.1.17",
        "3.1.18",
        "3.1.19",
        "3.1.2",
        "3.1.20",
        "3.1.21",
        "3.1.22",
        "3.1.23",
        "3.1.24",
        "3.1.25",
        "3.1.26",
        "3.1.27",
        "3.1.3",
        "3.1.4",
        "3.1.5",
        "3.1.6",
        "3.1.7",
        "3.1.8",
        "3.1.9"
      ],
      "database_specific": {
        "source": "https://github.com/github/advisory-database/blob/main/advisories/github-reviewed/2022/08/GHSA-2m65-m22p-9wjw/GHSA-2m65-m22p-9wjw.json"
      }
    },
    {
      "package": {
        "name": "Microsoft.AspNetCore.App.Runtime.linux-arm",
        "ecosystem": "NuGet",
        "purl": "pkg:nuget/Microsoft.AspNetCore.App.Runtime.linux-arm"
      },
      "ranges": [
        {
          "type": "ECOSYSTEM",
          "events": [
            {
              "introduced": "6.0.0"
            },
            {
              "fixed": "6.0.8"
            }
          ]
        }
      ],
      "versions": [
        "6.0.0",
        "6.0.1",
        "6.0.2",
        "6.0.3",
        "6.0.4",
        "6.0.5",
        "6.0.6",
        "6.0.7"
      ],
      "database_specific": {
        "source": "https://github.com/github/advisory-database/blob/main/advisories/github-reviewed/2022/08/GHSA-2m65-m22p-9wjw/GHSA-2m65-m22p-9wjw.json"
      }
    },
    {
      "package": {
        "name": "Microsoft.AspNetCore.App.Runtime.win-arm64",
        "ecosystem": "NuGet",
        "purl": "pkg:nuget/Microsoft.AspNetCore.App.Runtime.win-arm64"
      },
      "ranges": [
        {
          "type": "ECOSYSTEM",
          "events": [
            {
              "introduced": "3.1.0"
            },
            {
              "fixed": "3.1.28"
            }
          ]
        }
      ],
      "versions": [
        "3.1.10",
        "3.1.11",
        "3.1.12",
        "3.1.13",
        "3.1.14",
        "3.1.15",
        "3.1.16",
        "3.1.17",
        "3.1.18",
        "3.1.19",
        "3.1.20",
        "3.1.21",
        "3.1.22",
        "3.1.23",
        "3.1.24",
        "3.1.25",
        "3.1.26",
        "3.1.27",
        "3.1.5",
        "3.1.6",
        "3.1.7",
        "3.1.8",
        "3.1.9"
      ],
      "database_specific": {
        "source": "https://github.com/github/advisory-database/blob/main/advisories/github-reviewed/2022/08/GHSA-2m65-m22p-9wjw/GHSA-2m65-m22p-9wjw.json"
      }
    },
    {
      "package": {
        "name": "Microsoft.AspNetCore.App.Runtime.win-arm64",
        "ecosystem": "NuGet",
        "purl": "pkg:nuget/Microsoft.AspNetCore.App.Runtime.win-arm64"
      },
      "ranges": [
        {
          "type": "ECOSYSTEM",
          "events": [
            {
              "introduced": "6.0.0"
            },
            {
              "fixed": "6.0.8"
            }
          ]
        }
      ],
      "versions": [
        "6.0.0",
        "6.0.1",
        "6.0.2",
        "6.0.3",
        "6.0.4",
        "6.0.5",
        "6.0.6",
        "6.0.7"
      ],
      "database_specific": {
        "source": "https://github.com/github/advisory-database/blob/main/advisories/github-reviewed/2022/08/GHSA-2m65-m22p-9wjw/GHSA-2m65-m22p-9wjw.json"
      }
    },
    {
      "package": {
        "name": "Microsoft.AspNetCore.App.Runtime.win-arm",
        "ecosystem": "NuGet",
        "purl": "pkg:nuget/Microsoft.AspNetCore.App.Runtime.win-arm"
      },
      "ranges": [
        {
          "type": "ECOSYSTEM",
          "events": [
            {
              "introduced": "3.1.0"
            },
            {
              "fixed": "3.1.28"
            }
          ]
        }
      ],
      "versions": [
        "3.1.0",
        "3.1.1",
        "3.1.10",
        "3.1.11",
        "3.1.12",
        "3.1.13",
        "3.1.14",
        "3.1.15",
        "3.1.16",
        "3.1.17",
        "3.1.18",
        "3.1.19",
        "3.1.2",
        "3.1.20",
        "3.1.21",
        "3.1.22",
        "3.1.23",
        "3.1.24",
        "3.1.25",
        "3.1.26",
        "3.1.27",
        "3.1.3",
        "3.1.4",
        "3.1.5",
        "3.1.6",
        "3.1.7",
        "3.1.8",
        "3.1.9"
      ],
      "database_specific": {
        "source": "https://github.com/github/advisory-database/blob/main/advisories/github-reviewed/2022/08/GHSA-2m65-m22p-9wjw/GHSA-2m65-m22p-9wjw.json"
      }
    },
    {
      "package": {
        "name": "Microsoft.AspNetCore.App.Runtime.win-arm",
        "ecosystem": "NuGet",
        "purl": "pkg:nuget/Microsoft.AspNetCore.App.Runtime.win-arm"
      },
      "ranges": [
        {
          "type": "ECOSYSTEM",
          "events": [
            {
              "introduced": "6.0.0"
            },
            {
              "fixed": "6.0.8"
            }
          ]
        }
      ],
      "versions": [
        "6.0.0",
        "6.0.1",
        "6.0.2",
        "6.0.3",
        "6.0.4",
        "6.0.5",
        "6.0.6",
        "6.0.7"
      ],
      "database_specific": {
        "source": "https://github.com/github/advisory-database/blob/main/advisories/github-reviewed/2022/08/GHSA-2m65-m22p-9wjw/GHSA-2m65-m22p-9wjw.json"
      }
    },
    {
      "package": {
        "name": "Microsoft.AspNetCore.App.Runtime.linux-musl-arm64",
        "ecosystem": "NuGet",
        "purl": "pkg:nuget/Microsoft.AspNetCore.App.Runtime.linux-musl-arm64"
      },
      "ranges": [
        {
          "type": "ECOSYSTEM",
          "events": [
            {
              "introduced": "3.1.0"
            },
            {
              "fixed": "3.1.28"
            }
          ]
        }
      ],
      "versions": [
        "3.1.0",
        "3.1.1",
        "3.1.10",
        "3.1.11",
        "3.1.12",
        "3.1.13",
        "3.1.14",
        "3.1.15",
        "3.1.16",
        "3.1.17",
        "3.1.18",
        "3.1.19",
        "3.1.2",
        "3.1.20",
        "3.1.21",
        "3.1.22",
        "3.1.23",
        "3.1.24",
        "3.1.25",
        "3.1.26",
        "3.1.27",
        "3.1.3",
        "3.1.4",
        "3.1.5",
        "3.1.6",
        "3.1.7",
        "3.1.8",
        "3.1.9"
      ],
      "database_specific": {
        "source": "https://github.com/github/advisory-database/blob/main/advisories/github-reviewed/2022/08/GHSA-2m65-m22p-9wjw/GHSA-2m65-m22p-9wjw.json"
      }
    },
    {
      "package": {
        "name": "Microsoft.AspNetCore.App.Runtime.linux-musl-arm64",
        "ecosystem": "NuGet",
        "purl": "pkg:nuget/Microsoft.AspNetCore.App.Runtime.linux-musl-arm64"
      },
      "ranges": [
        {
          "type": "ECOSYSTEM",
          "events": [
            {
              "introduced": "6.0.0"
            },
            {
              "fixed": "6.0.8"
            }
          ]
        }
      ],
      "versions": [
        "6.0.0",
        "6.0.1",
        "6.0.2",
        "6.0.3",
        "6.0.4",
        "6.0.5",
        "6.0.6",
        "6.0.7"
      ],
      "database_specific": {
        "source": "https://github.com/github/advisory-database/blob/main/advisories/github-reviewed/2022/08/GHSA-2m65-m22p-9wjw/GHSA-2m65-m22p-9wjw.json"
      }
    },
    {
      "package": {
        "name": "Microsoft.AspNetCore.App.Runtime.linux-musl-arm",
        "ecosystem": "NuGet",
        "purl": "pkg:nuget/Microsoft.AspNetCore.App.Runtime.linux-musl-arm"
      },
      "ranges": [
        {
          "type": "ECOSYSTEM",
          "events": [
            {
              "introduced": "3.1.0"
            },
            {
              "fixed": "3.1.28"
            }
          ]
        }
      ],
      "database_specific": {
        "source": "https://github.com/github/advisory-database/blob/main/advisories/github-reviewed/2022/08/GHSA-2m65-m22p-9wjw/GHSA-2m65-m22p-9wjw.json"
      },
      "versions": []
    },
    {
      "package": {
        "name": "Microsoft.AspNetCore.App.Runtime.linux-musl-arm",
        "ecosystem": "NuGet",
        "purl": "pkg:nuget/Microsoft.AspNetCore.App.Runtime.linux-musl-arm"
      },
      "ranges": [
        {
          "type": "ECOSYSTEM",
          "events": [
            {
              "introduced": "6.0.0"
            },
            {
              "fixed": "6.0.8"
            }
          ]
        }
      ],
      "versions": [
        "6.0.0",
        "6.0.1",
        "6.0.2",
        "6.0.3",
        "6.0.4",
        "6.0.5",
        "6.0.6",
        "6.0.7"
      ],
      "database_specific": {
        "source": "https://github.com/github/advisory-database/blob/main/advisories/github-reviewed/2022/08/GHSA-2m65-m22p-9wjw/GHSA-2m65-m22p-9wjw.json"
      }
    }
  ],
  "schema_version": "1.6.0",
  "severity": [
    {
      "type": "CVSS_V3",
      "score": "CVSS:3.1/AV:N/AC:H/PR:N/UI:N/S:U/C:H/I:N/A:N"
    }
  ]
}