{
  "id": "GHSA-pjpr-2qqp-gprf",
  "summary": "ChakraCore information disclosure vulnerability",
  "details": "An information disclosure vulnerability exists in Microsoft Edge when the Chakra scripting engine does not properly handle objects in memory. An attacker who successfully exploited the vulnerability could obtain information to further compromise the user's system, a.k.a. \"Scripting Engine Information Disclosure Vulnerability.\"",
  "aliases": [
    "CVE-2017-0208"
  ],
  "modified": "2024-02-16T08:21:01.995836Z",
  "published": "2022-05-17T02:32:54Z",
  "database_specific": {
    "nvd_published_at": "2017-04-12T14:59:00Z",
    "cwe_ids": [
      "CWE-200"
    ],
    "severity": "MODERATE",
    "github_reviewed": true,
    "github_reviewed_at": "2023-07-27T21:00:47Z"
  },
  "references": [
    {
      "type": "ADVISORY",
      "url": "https://nvd.nist.gov/vuln/detail/CVE-2017-0208"
    },
    {
      "type": "WEB",
      "url": "https://github.com/chakra-core/ChakraCore/pull/2834"
    },
    {
      "type": "WEB",
      "url": "https://github.com/chakra-core/ChakraCore/commit/54d6d085987e2c399863940179db67b594d7f0a3"
    },
    {
      "type": "PACKAGE",
      "url": "https://github.com/chakra-core/ChakraCore"
    },
    {
      "type": "WEB",
      "url": "https://portal.msrc.microsoft.com/en-US/security-guidance/advisory/CVE-2017-0208"
    },
    {
      "type": "WEB",
      "url": "https://web.archive.org/web/20210124023848/http://www.securityfocus.com/bid/97460"
    },
    {
      "type": "WEB",
      "url": "https://web.archive.org/web/20211201121401/http://www.securitytracker.com/id/1038234"
    }
  ],
  "affected": [
    {
      "package": {
        "name": "Microsoft.ChakraCore",
        "ecosystem": "NuGet",
        "purl": "pkg:nuget/Microsoft.ChakraCore"
      },
      "ranges": [
        {
          "type": "ECOSYSTEM",
          "events": [
            {
              "introduced": "0"
            },
            {
              "fixed": "1.4.3"
            }
          ]
        }
      ],
      "versions": [
        "1.2.0",
        "1.2.1",
        "1.2.2",
        "1.2.3",
        "1.2.6.62716-preview",
        "1.3.0",
        "1.3.1",
        "1.3.2",
        "1.4.0",
        "1.4.1",
        "1.4.2"
      ],
      "database_specific": {
        "source": "https://github.com/github/advisory-database/blob/main/advisories/github-reviewed/2022/05/GHSA-pjpr-2qqp-gprf/GHSA-pjpr-2qqp-gprf.json"
      }
    }
  ],
  "schema_version": "1.6.0",
  "severity": [
    {
      "type": "CVSS_V3",
      "score": "CVSS:3.0/AV:N/AC:L/PR:N/UI:R/S:U/C:L/I:N/A:N"
    }
  ]
}