{
  "id": "GHSA-3wcj-rg8q-9cqv",
  "summary": "Open redirect in ASP.NET Core",
  "details": "ASP.NET Core 2.0 allows an attacker to steal log-in session information such as cookies or authentication tokens via a specially crafted URL aka \"ASP.NET Core Elevation Of Privilege Vulnerability\".",
  "aliases": [
    "CVE-2017-11879"
  ],
  "modified": "2023-11-08T03:58:50.693495Z",
  "published": "2022-05-14T03:47:22Z",
  "database_specific": {
    "nvd_published_at": "2017-11-15T03:29:00Z",
    "github_reviewed_at": "2022-07-08T19:21:47Z",
    "severity": "HIGH",
    "github_reviewed": true,
    "cwe_ids": [
      "CWE-601"
    ]
  },
  "references": [
    {
      "type": "ADVISORY",
      "url": "https://nvd.nist.gov/vuln/detail/CVE-2017-11879"
    },
    {
      "type": "WEB",
      "url": "https://github.com/aspnet/Announcements/issues/277"
    },
    {
      "type": "WEB",
      "url": "https://github.com/github/advisory-database/issues/302"
    },
    {
      "type": "WEB",
      "url": "https://portal.msrc.microsoft.com/en-US/security-guidance/advisory/CVE-2017-11879"
    }
  ],
  "affected": [
    {
      "package": {
        "name": "Microsoft.AspNetCore.All",
        "ecosystem": "NuGet",
        "purl": "pkg:nuget/Microsoft.AspNetCore.All"
      },
      "ranges": [
        {
          "type": "ECOSYSTEM",
          "events": [
            {
              "introduced": "2.0.0"
            },
            {
              "fixed": "2.0.3"
            }
          ]
        }
      ],
      "versions": [
        "2.0.0"
      ],
      "database_specific": {
        "source": "https://github.com/github/advisory-database/blob/main/advisories/github-reviewed/2022/05/GHSA-3wcj-rg8q-9cqv/GHSA-3wcj-rg8q-9cqv.json"
      }
    },
    {
      "package": {
        "name": "Microsoft.AspNetCore.Mvc.Core",
        "ecosystem": "NuGet",
        "purl": "pkg:nuget/Microsoft.AspNetCore.Mvc.Core"
      },
      "ranges": [
        {
          "type": "ECOSYSTEM",
          "events": [
            {
              "introduced": "2.0.0"
            },
            {
              "fixed": "2.0.1"
            }
          ]
        }
      ],
      "versions": [
        "2.0.0"
      ],
      "database_specific": {
        "source": "https://github.com/github/advisory-database/blob/main/advisories/github-reviewed/2022/05/GHSA-3wcj-rg8q-9cqv/GHSA-3wcj-rg8q-9cqv.json"
      }
    }
  ],
  "schema_version": "1.6.0",
  "severity": [
    {
      "type": "CVSS_V3",
      "score": "CVSS:3.0/AV:N/AC:L/PR:N/UI:R/S:U/C:H/I:H/A:H"
    }
  ]
}