{
  "id": "GHSA-2cwj-8chv-9pp9",
  "summary": "XML External Entity attack in log4net",
  "details": "Apache log4net before 2.0.10 does not disable XML external entities when parsing log4net configuration files. This could allow for XXE-based attacks in applications that accept arbitrary configuration files from users.",
  "aliases": [
    "CVE-2018-1285"
  ],
  "modified": "2024-03-12T05:19:25.985779Z",
  "published": "2021-01-29T19:47:23Z",
  "database_specific": {
    "nvd_published_at": "2020-05-11T17:15:00Z",
    "cwe_ids": [
      "CWE-611"
    ],
    "severity": "CRITICAL",
    "github_reviewed": true,
    "github_reviewed_at": "2021-01-29T19:47:10Z"
  },
  "references": [
    {
      "type": "ADVISORY",
      "url": "https://nvd.nist.gov/vuln/detail/CVE-2018-1285"
    },
    {
      "type": "WEB",
      "url": "https://www.whitesourcesoftware.com/vulnerability-database/CVE-2018-1285"
    },
    {
      "type": "WEB",
      "url": "https://www.oracle.com/security-alerts/cpujan2021.html"
    },
    {
      "type": "WEB",
      "url": "https://www.oracle.com/security-alerts/cpuapr2022.html"
    },
    {
      "type": "WEB",
      "url": "https://www.oracle.com/security-alerts/cpuApr2021.html"
    },
    {
      "type": "WEB",
      "url": "https://www.nuget.org/packages/log4net"
    },
    {
      "type": "WEB",
      "url": "https://snyk.io/vuln/SNYK-DOTNET-LOG4NET-568897"
    },
    {
      "type": "WEB",
      "url": "https://security.netapp.com/advisory/ntap-20220909-0001"
    },
    {
      "type": "WEB",
      "url": "https://lists.fedoraproject.org/archives/list/package-announce@lists.fedoraproject.org/message/VT2DNNSW7C7FNK3MA3SLEUHGW5USYZKE"
    },
    {
      "type": "WEB",
      "url": "https://lists.fedoraproject.org/archives/list/package-announce@lists.fedoraproject.org/message/VKL2LPINAI6BCMXOH4V4HVHGLUXIWOFO"
    },
    {
      "type": "WEB",
      "url": "https://lists.fedoraproject.org/archives/list/package-announce@lists.fedoraproject.org/message/M2U233HVAQDSZ2PRG4XSGDASLY3J6ALH"
    },
    {
      "type": "WEB",
      "url": "https://lists.apache.org/thread.html/reab1c277c95310bad1038255e0757857b2fbe291411b4fa84552028a%40%3Cdev.logging.apache.org%3E"
    },
    {
      "type": "WEB",
      "url": "https://lists.apache.org/thread.html/rdbac24c945ca5c69cd5348b5ac023bc625768f653335de146e09ae2d@%3Cdev.logging.apache.org%3E"
    },
    {
      "type": "WEB",
      "url": "https://lists.apache.org/thread.html/rd2d72a017e238d1f345f9d14e075c81be16fc68a41c9e9ad9e29a732@%3Cdev.logging.apache.org%3E"
    },
    {
      "type": "WEB",
      "url": "https://lists.apache.org/thread.html/r9de86a185575e6c5f92e2a70a1d2e2e9514dc4341251577aac8e3866@%3Cdev.logging.apache.org%3E"
    },
    {
      "type": "WEB",
      "url": "https://lists.apache.org/thread.html/r7ab6b6e702f11a6f77b0db2af2d5e5532f56ae4b99b5fe73c5200b6a@%3Cdev.logging.apache.org%3E"
    },
    {
      "type": "WEB",
      "url": "https://lists.apache.org/thread.html/r6543acafca3e2d24ff4b0c364a91540cb9378977ffa8d37a03ab4b0f@%3Cdev.logging.apache.org%3E"
    },
    {
      "type": "WEB",
      "url": "https://lists.apache.org/thread.html/r525cbbd7db0aef4a114cf60de8439aa285decc34904d42a7f14f39c3@%3Cdev.logging.apache.org%3E"
    },
    {
      "type": "WEB",
      "url": "https://lists.apache.org/thread.html/r33564de316d4e4ba0fea1d4d079e62cde1ffe64369c1157243d840d9@%3Cdev.logging.apache.org%3E"
    },
    {
      "type": "WEB",
      "url": "https://lists.apache.org/thread.html/r00b16ac5e0bbf7009a0d167ed58f3f94d0033b0f4b3e3d5025cc4872@%3Cdev.logging.apache.org%3E"
    },
    {
      "type": "WEB",
      "url": "https://issues.apache.org/jira/browse/LOG4NET-575"
    },
    {
      "type": "PACKAGE",
      "url": "https://github.com/apache/logging-log4net"
    }
  ],
  "affected": [
    {
      "package": {
        "name": "log4net",
        "ecosystem": "NuGet",
        "purl": "pkg:nuget/log4net"
      },
      "ranges": [
        {
          "type": "ECOSYSTEM",
          "events": [
            {
              "introduced": "0"
            },
            {
              "fixed": "2.0.10"
            }
          ]
        }
      ],
      "versions": [
        "1.2.10",
        "1.2.11",
        "2.0.0",
        "2.0.1",
        "2.0.2",
        "2.0.3",
        "2.0.4",
        "2.0.5",
        "2.0.6",
        "2.0.7",
        "2.0.8",
        "2.0.9"
      ],
      "database_specific": {
        "source": "https://github.com/github/advisory-database/blob/main/advisories/github-reviewed/2021/01/GHSA-2cwj-8chv-9pp9/GHSA-2cwj-8chv-9pp9.json"
      }
    }
  ],
  "schema_version": "1.6.0",
  "severity": [
    {
      "type": "CVSS_V3",
      "score": "CVSS:3.1/AV:N/AC:L/PR:N/UI:N/S:U/C:H/I:H/A:H"
    }
  ]
}