{
  "id": "GHSA-74r6-grj9-8rq6",
  "summary": "Remote Code Execution in AjaxNetProfessional",
  "details": "All versions of package ajaxpro.2 are vulnerable to Deserialization of Untrusted Data due to the possibility of deserialization of arbitrary .NET classes, which can be abused to gain remote code execution.",
  "aliases": [
    "CVE-2021-23758",
    "SNYK-DOTNET-AJAXPRO2-1925971"
  ],
  "modified": "2024-02-16T08:18:56.559949Z",
  "published": "2021-12-16T15:27:55Z",
  "database_specific": {
    "nvd_published_at": "2021-12-03T20:15:00Z",
    "cwe_ids": [
      "CWE-502"
    ],
    "severity": "CRITICAL",
    "github_reviewed": true,
    "github_reviewed_at": "2021-12-06T22:06:15Z"
  },
  "references": [
    {
      "type": "WEB",
      "url": "https://github.com/michaelschwarz/Ajax.NET-Professional/security/advisories/GHSA-6r7c-6w96-8pvw"
    },
    {
      "type": "ADVISORY",
      "url": "https://nvd.nist.gov/vuln/detail/CVE-2021-23758"
    },
    {
      "type": "WEB",
      "url": "https://github.com/michaelschwarz/Ajax.NET-Professional/commit/b0e63be5f0bb20dfce507cb8a1a9568f6e73de57"
    },
    {
      "type": "PACKAGE",
      "url": "https://github.com/michaelschwarz/Ajax.NET-Professional"
    },
    {
      "type": "WEB",
      "url": "https://snyk.io/vuln/SNYK-DOTNET-AJAXPRO2-1925971"
    },
    {
      "type": "WEB",
      "url": "http://packetstormsecurity.com/files/175677/AjaxPro-Deserialization-Remote-Code-Execution.html"
    }
  ],
  "affected": [
    {
      "package": {
        "name": "AjaxNetProfessional",
        "ecosystem": "NuGet",
        "purl": "pkg:nuget/AjaxNetProfessional"
      },
      "ranges": [
        {
          "type": "ECOSYSTEM",
          "events": [
            {
              "introduced": "0"
            },
            {
              "fixed": "21.11.29.1"
            }
          ]
        }
      ],
      "versions": [
        "21.10.30",
        "21.11.22",
        "21.11.29"
      ],
      "database_specific": {
        "last_known_affected_version_range": "<= 21.11.29",
        "source": "https://github.com/github/advisory-database/blob/main/advisories/github-reviewed/2021/12/GHSA-74r6-grj9-8rq6/GHSA-74r6-grj9-8rq6.json"
      }
    }
  ],
  "schema_version": "1.6.0",
  "severity": [
    {
      "type": "CVSS_V3",
      "score": "CVSS:3.1/AV:N/AC:L/PR:N/UI:N/S:U/C:H/I:H/A:H"
    }
  ]
}