{
  "id": "GHSA-j378-6mmw-hqfr",
  "summary": "Denial of service vulnerability exists when System.IO.Pipelines improperly handles requests",
  "details": "A denial of service vulnerability exists when System.IO.Pipelines improperly handles requests, aka \"System.IO.Pipelines Denial of Service.\" This affects .NET Core 2.1, System.IO.Pipelines, ASP.NET Core 2.1.",
  "aliases": [
    "CVE-2018-8409"
  ],
  "modified": "2023-11-08T04:00:28.099184Z",
  "published": "2018-10-16T19:56:38Z",
  "database_specific": {
    "nvd_published_at": "2018-09-13T00:29:00Z",
    "github_reviewed_at": "2020-06-16T21:41:41Z",
    "severity": "HIGH",
    "github_reviewed": true,
    "cwe_ids": []
  },
  "references": [
    {
      "type": "ADVISORY",
      "url": "https://nvd.nist.gov/vuln/detail/CVE-2018-8409"
    },
    {
      "type": "ADVISORY",
      "url": "https://github.com/advisories/GHSA-j378-6mmw-hqfr"
    },
    {
      "type": "WEB",
      "url": "https://portal.msrc.microsoft.com/en-US/security-guidance/advisory/CVE-2018-8409"
    },
    {
      "type": "WEB",
      "url": "http://www.securityfocus.com/bid/105223"
    }
  ],
  "affected": [
    {
      "package": {
        "name": "Microsoft.AspNetCore.All",
        "ecosystem": "NuGet",
        "purl": "pkg:nuget/Microsoft.AspNetCore.All"
      },
      "ranges": [
        {
          "type": "ECOSYSTEM",
          "events": [
            {
              "introduced": "2.1.0"
            },
            {
              "fixed": "2.1.4"
            }
          ]
        }
      ],
      "versions": [
        "2.1.0",
        "2.1.1",
        "2.1.2",
        "2.1.3"
      ],
      "database_specific": {
        "last_known_affected_version_range": "<= 2.1.3",
        "source": "https://github.com/github/advisory-database/blob/main/advisories/github-reviewed/2018/10/GHSA-j378-6mmw-hqfr/GHSA-j378-6mmw-hqfr.json"
      }
    },
    {
      "package": {
        "name": "Microsoft.AspNetCore.App",
        "ecosystem": "NuGet",
        "purl": "pkg:nuget/Microsoft.AspNetCore.App"
      },
      "ranges": [
        {
          "type": "ECOSYSTEM",
          "events": [
            {
              "introduced": "2.1.0"
            },
            {
              "fixed": "2.1.4"
            }
          ]
        }
      ],
      "versions": [
        "2.1.0",
        "2.1.1",
        "2.1.2",
        "2.1.3"
      ],
      "database_specific": {
        "last_known_affected_version_range": "<= 2.1.3",
        "source": "https://github.com/github/advisory-database/blob/main/advisories/github-reviewed/2018/10/GHSA-j378-6mmw-hqfr/GHSA-j378-6mmw-hqfr.json"
      }
    },
    {
      "package": {
        "name": "System.IO.Pipelines",
        "ecosystem": "NuGet",
        "purl": "pkg:nuget/System.IO.Pipelines"
      },
      "ranges": [
        {
          "type": "ECOSYSTEM",
          "events": [
            {
              "introduced": "4.5.0"
            },
            {
              "fixed": "4.5.1"
            }
          ]
        }
      ],
      "versions": [
        "4.5.0"
      ],
      "database_specific": {
        "source": "https://github.com/github/advisory-database/blob/main/advisories/github-reviewed/2018/10/GHSA-j378-6mmw-hqfr/GHSA-j378-6mmw-hqfr.json"
      }
    }
  ],
  "schema_version": "1.6.0",
  "severity": [
    {
      "type": "CVSS_V3",
      "score": "CVSS:3.1/AV:N/AC:L/PR:N/UI:N/S:U/C:N/I:N/A:H"
    }
  ]
}