{
  "id": "GHSA-jw42-5m4v-9c8g",
  "summary": "Duplicate Advisory: NuGet Client Security Feature Bypass Vulnerability ",
  "details": "## Duplicate Advisory\nThis advisory has been withdrawn because it is a duplicate of GHSA-68w7-72jg-6qpp. This link is maintained to preserve external references.\n\n## Original Description\nNET, .NET Framework, and Visual Studio Security Feature Bypass Vulnerability",
  "modified": "2024-02-13T21:18:01Z",
  "published": "2024-01-09T18:30:27Z",
  "withdrawn": "2024-02-13T21:18:01Z",
  "database_specific": {
    "nvd_published_at": "2024-01-09T18:15:46Z",
    "cwe_ids": [
      "CWE-20"
    ],
    "severity": "CRITICAL",
    "github_reviewed": true,
    "github_reviewed_at": "2024-02-13T21:18:01Z"
  },
  "references": [
    {
      "type": "ADVISORY",
      "url": "https://nvd.nist.gov/vuln/detail/CVE-2024-0057"
    },
    {
      "type": "WEB",
      "url": "https://msrc.microsoft.com/update-guide/vulnerability/CVE-2024-0057"
    },
    {
      "type": "WEB",
      "url": "https://security.netapp.com/advisory/ntap-20240208-0007"
    }
  ],
  "affected": [
    {
      "package": {
        "name": "NuGet.CommandLine",
        "ecosystem": "NuGet",
        "purl": "pkg:nuget/NuGet.CommandLine"
      },
      "ranges": [
        {
          "type": "ECOSYSTEM",
          "events": [
            {
              "introduced": "6.8.0"
            },
            {
              "fixed": "6.8.1"
            }
          ]
        }
      ],
      "versions": [
        "6.8.0"
      ],
      "database_specific": {
        "source": "https://github.com/github/advisory-database/blob/main/advisories/github-reviewed/2024/01/GHSA-jw42-5m4v-9c8g/GHSA-jw42-5m4v-9c8g.json"
      }
    }
  ],
  "schema_version": "1.6.0",
  "severity": [
    {
      "type": "CVSS_V3",
      "score": "CVSS:3.1/AV:N/AC:L/PR:N/UI:N/S:U/C:H/I:H/A:N"
    }
  ]
}