{
  "id": "GHSA-hc72-vj3g-5g2g",
  "summary": "Cross-site Scripting in ZKEACMS",
  "details": "A cross-site scripting (XSS) vulnerability in /navigation/create?ParentID=%23 of ZKEACMS v3.5.2 allows attackers to execute arbitrary web scripts or HTML via a crafted payload injected into the ParentID parameter.",
  "aliases": [
    "CVE-2022-29362"
  ],
  "modified": "2023-11-08T04:09:13.335783Z",
  "published": "2022-05-26T00:01:31Z",
  "database_specific": {
    "nvd_published_at": "2022-05-25T01:15:00Z",
    "github_reviewed_at": "2022-06-07T21:13:52Z",
    "severity": "MODERATE",
    "github_reviewed": true,
    "cwe_ids": [
      "CWE-79"
    ]
  },
  "references": [
    {
      "type": "ADVISORY",
      "url": "https://nvd.nist.gov/vuln/detail/CVE-2022-29362"
    },
    {
      "type": "WEB",
      "url": "https://github.com/SeriaWei/ZKEACMS/issues/457"
    },
    {
      "type": "WEB",
      "url": "https://github.com/SeriaWei/ZKEACMS/commit/833c5460dc5c6152092f6ad54b8b832870a59903"
    },
    {
      "type": "PACKAGE",
      "url": "https://github.com/SeriaWei/ZKEACMS"
    }
  ],
  "affected": [
    {
      "package": {
        "name": "ZKEACMS.Publisher",
        "ecosystem": "NuGet",
        "purl": "pkg:nuget/ZKEACMS.Publisher"
      },
      "ranges": [
        {
          "type": "ECOSYSTEM",
          "events": [
            {
              "introduced": "0"
            },
            {
              "last_affected": "2.0.0"
            }
          ]
        }
      ],
      "versions": [
        "1.0.0",
        "1.0.1",
        "1.0.2",
        "1.0.3",
        "1.0.4",
        "1.1.0",
        "1.2.0",
        "1.3.0",
        "1.4.0",
        "1.5.0",
        "1.5.1",
        "1.5.2",
        "1.5.3",
        "1.5.4",
        "1.5.5",
        "1.5.6",
        "1.5.7",
        "1.5.7.1",
        "1.5.7.2",
        "1.5.7.3",
        "1.5.7.4",
        "1.5.7.5",
        "1.5.7.6",
        "2.0.0"
      ],
      "database_specific": {
        "source": "https://github.com/github/advisory-database/blob/main/advisories/github-reviewed/2022/05/GHSA-hc72-vj3g-5g2g/GHSA-hc72-vj3g-5g2g.json"
      }
    }
  ],
  "schema_version": "1.6.0",
  "severity": [
    {
      "type": "CVSS_V3",
      "score": "CVSS:3.1/AV:N/AC:L/PR:L/UI:R/S:C/C:L/I:L/A:N"
    }
  ]
}