{
  "id": "GHSA-cwqq-w8c3-r2jw",
  "summary": "Uncontrolled Resource Consumption in MetadataExtractor",
  "details": "MetadataExtractor 2.1.0 allows stack consumption.",
  "aliases": [
    "CVE-2019-14262"
  ],
  "modified": "2023-11-08T04:01:09.586993Z",
  "published": "2019-08-23T00:04:56Z",
  "database_specific": {
    "nvd_published_at": "2019-07-25T05:15:00Z",
    "github_reviewed_at": "2019-08-22T15:04:25Z",
    "severity": "HIGH",
    "github_reviewed": true,
    "cwe_ids": [
      "CWE-400"
    ]
  },
  "references": [
    {
      "type": "ADVISORY",
      "url": "https://nvd.nist.gov/vuln/detail/CVE-2019-14262"
    },
    {
      "type": "WEB",
      "url": "https://github.com/drewnoakes/metadata-extractor-dotnet/pull/190"
    },
    {
      "type": "WEB",
      "url": "https://lists.apache.org/thread.html/r204ba2a9ea750f38d789d2bb429cc0925ad6133deea7cbc3001d96b5@%3Csolr-user.lucene.apache.org%3E"
    }
  ],
  "affected": [
    {
      "package": {
        "name": "MetadataExtractor",
        "ecosystem": "NuGet",
        "purl": "pkg:nuget/MetadataExtractor"
      },
      "ranges": [
        {
          "type": "ECOSYSTEM",
          "events": [
            {
              "introduced": "0"
            },
            {
              "fixed": "2.2.0"
            }
          ]
        }
      ],
      "versions": [
        "1.0.0",
        "1.0.0-rc1",
        "1.0.0-rc2",
        "1.0.0-rc3",
        "1.1.0",
        "1.1.1-beta3",
        "1.2.0",
        "1.3.0",
        "1.4.0",
        "1.5.0",
        "1.5.1",
        "1.5.2",
        "1.5.3",
        "2.0.0",
        "2.0.0-rc1",
        "2.0.0-rc2",
        "2.1.0"
      ],
      "database_specific": {
        "last_known_affected_version_range": "<= 2.1.0",
        "source": "https://github.com/github/advisory-database/blob/main/advisories/github-reviewed/2019/08/GHSA-cwqq-w8c3-r2jw/GHSA-cwqq-w8c3-r2jw.json"
      }
    }
  ],
  "schema_version": "1.6.0",
  "severity": [
    {
      "type": "CVSS_V3",
      "score": "CVSS:3.0/AV:N/AC:L/PR:N/UI:N/S:U/C:N/I:N/A:H"
    }
  ]
}