{
  "id": "GHSA-hh56-x62g-gvhc",
  "summary": "Cross-site scripting in CLEditor",
  "details": "Premium Software CLEditor 1.4.5 and earlier is affected by: Cross Site Scripting (XSS). The impact is: An attacker might be able to inject arbitrary html and script code into the web site. The component is: jQuery plug-in. The attack vector is: the victim must open a crafted href attribute of a link (A) element.",
  "aliases": [
    "CVE-2019-1010113"
  ],
  "modified": "2023-11-08T04:00:40.723401Z",
  "published": "2019-07-26T16:10:06Z",
  "database_specific": {
    "nvd_published_at": "2019-07-19T16:15:00Z",
    "github_reviewed_at": "2019-07-25T15:56:08Z",
    "severity": "MODERATE",
    "github_reviewed": true,
    "cwe_ids": [
      "CWE-79"
    ]
  },
  "references": [
    {
      "type": "ADVISORY",
      "url": "https://nvd.nist.gov/vuln/detail/CVE-2019-1010113"
    },
    {
      "type": "WEB",
      "url": "https://drive.google.com/drive/folders/1UxgdL8SJO6KKnG3bh0-LTl7C6i41VwoW?usp=sharing"
    }
  ],
  "affected": [
    {
      "package": {
        "name": "CLEditor",
        "ecosystem": "NuGet",
        "purl": "pkg:nuget/CLEditor"
      },
      "ranges": [
        {
          "type": "ECOSYSTEM",
          "events": [
            {
              "introduced": "0"
            },
            {
              "last_affected": "1.4.5"
            }
          ]
        }
      ],
      "versions": [
        "1.3.0",
        "1.4.1",
        "1.4.3",
        "1.4.4",
        "1.4.5"
      ],
      "database_specific": {
        "source": "https://github.com/github/advisory-database/blob/main/advisories/github-reviewed/2019/07/GHSA-hh56-x62g-gvhc/GHSA-hh56-x62g-gvhc.json"
      }
    }
  ],
  "schema_version": "1.6.0",
  "severity": [
    {
      "type": "CVSS_V3",
      "score": "CVSS:3.0/AV:N/AC:L/PR:N/UI:R/S:C/C:L/I:L/A:N"
    }
  ]
}