{
  "id": "GHSA-8hfj-j24r-96c4",
  "summary": "Path Traversal: 'dir/../../filename' in moment.locale",
  "details": "### Impact\nThis vulnerability impacts npm (server) users of moment.js, especially if user provided locale string, eg `fr` is directly used to switch moment locale.\n\n### Patches\nThis problem is patched in 2.29.2, and the patch can be applied to all affected versions (from 1.0.1 up until 2.29.1, inclusive).\n\n### Workarounds\nSanitize user-provided locale name before passing it to moment.js.\n\n### References\n_Are there any links users can visit to find out more?_\n\n### For more information\nIf you have any questions or comments about this advisory:\n* Open an issue in [moment repo](https://github.com/moment/moment)\n",
  "aliases": [
    "CVE-2022-24785"
  ],
  "modified": "2024-02-17T05:35:49.257793Z",
  "published": "2022-04-04T21:25:48Z",
  "database_specific": {
    "nvd_published_at": "2022-04-04T17:15:00Z",
    "cwe_ids": [
      "CWE-22",
      "CWE-27"
    ],
    "severity": "HIGH",
    "github_reviewed": true,
    "github_reviewed_at": "2022-04-04T21:25:48Z"
  },
  "references": [
    {
      "type": "WEB",
      "url": "https://github.com/moment/moment/security/advisories/GHSA-8hfj-j24r-96c4"
    },
    {
      "type": "ADVISORY",
      "url": "https://nvd.nist.gov/vuln/detail/CVE-2022-24785"
    },
    {
      "type": "WEB",
      "url": "https://github.com/moment/moment/commit/4211bfc8f15746be4019bba557e29a7ba83d54c5"
    },
    {
      "type": "PACKAGE",
      "url": "https://github.com/moment/moment"
    },
    {
      "type": "WEB",
      "url": "https://lists.debian.org/debian-lts-announce/2023/01/msg00035.html"
    },
    {
      "type": "WEB",
      "url": "https://lists.fedoraproject.org/archives/list/package-announce@lists.fedoraproject.org/message/6QIO6YNLTK2T7SPKDS4JEL45FANLNC2Q"
    },
    {
      "type": "WEB",
      "url": "https://lists.fedoraproject.org/archives/list/package-announce@lists.fedoraproject.org/message/ORJX2LF6KMPIHP6B2P6KZIVKMLE3LVJ5"
    },
    {
      "type": "WEB",
      "url": "https://security.netapp.com/advisory/ntap-20220513-0006"
    },
    {
      "type": "WEB",
      "url": "https://www.tenable.com/security/tns-2022-09"
    }
  ],
  "affected": [
    {
      "package": {
        "name": "moment",
        "ecosystem": "npm",
        "purl": "pkg:npm/moment"
      },
      "ranges": [
        {
          "type": "SEMVER",
          "events": [
            {
              "introduced": "0"
            },
            {
              "fixed": "2.29.2"
            }
          ]
        }
      ],
      "ecosystem_specific": {
        "affected_functions": [
          "(moment).locale"
        ]
      },
      "database_specific": {
        "source": "https://github.com/github/advisory-database/blob/main/advisories/github-reviewed/2022/04/GHSA-8hfj-j24r-96c4/GHSA-8hfj-j24r-96c4.json"
      }
    },
    {
      "package": {
        "name": "Moment.js",
        "ecosystem": "NuGet",
        "purl": "pkg:nuget/Moment.js"
      },
      "ranges": [
        {
          "type": "ECOSYSTEM",
          "events": [
            {
              "introduced": "0"
            },
            {
              "fixed": "2.29.2"
            }
          ]
        }
      ],
      "versions": [
        "1.2.0",
        "1.3.0",
        "1.4.0",
        "1.5.0",
        "1.5.1",
        "1.6.0",
        "1.6.1",
        "1.6.2",
        "1.7.0",
        "1.7.1",
        "1.7.2",
        "2.0.0",
        "2.1.0",
        "2.10.0",
        "2.10.1",
        "2.10.2",
        "2.10.3",
        "2.10.5",
        "2.10.6",
        "2.11.0",
        "2.11.1",
        "2.11.2",
        "2.12.0",
        "2.13.0",
        "2.14.1",
        "2.14.2",
        "2.14.3",
        "2.15.0",
        "2.15.1",
        "2.15.2",
        "2.16.0",
        "2.17.0",
        "2.17.1",
        "2.18.0",
        "2.18.1",
        "2.18.2",
        "2.19.0",
        "2.19.1",
        "2.19.2",
        "2.19.3",
        "2.19.4",
        "2.2.0",
        "2.2.1",
        "2.20.0",
        "2.20.1",
        "2.21.0",
        "2.22.0",
        "2.22.1",
        "2.22.2",
        "2.23.0",
        "2.24.0",
        "2.25.0",
        "2.25.1",
        "2.25.2",
        "2.26.0",
        "2.27.0",
        "2.28.0",
        "2.29.0",
        "2.29.1",
        "2.3.0",
        "2.3.1",
        "2.4.0",
        "2.5.0",
        "2.5.1",
        "2.6.0",
        "2.7.0",
        "2.8.0",
        "2.8.1",
        "2.8.2",
        "2.8.3",
        "2.8.4",
        "2.9.0"
      ],
      "database_specific": {
        "source": "https://github.com/github/advisory-database/blob/main/advisories/github-reviewed/2022/04/GHSA-8hfj-j24r-96c4/GHSA-8hfj-j24r-96c4.json"
      }
    }
  ],
  "schema_version": "1.6.0",
  "severity": [
    {
      "type": "CVSS_V3",
      "score": "CVSS:3.1/AV:N/AC:L/PR:N/UI:N/S:U/C:N/I:H/A:N"
    }
  ]
}