{
  "id": "GHSA-5pm2-9mr2-3frq",
  "summary": "Component takeover in Oracle Data Provider for .NET",
  "details": "Vulnerability in the Oracle Data Provider for .NET component of Oracle Database Server.  Supported versions that are affected are 19c and  21c. Difficult to exploit vulnerability allows unauthenticated attacker with network access via TCPS to compromise Oracle Data Provider for .NET.  Successful attacks require human interaction from a person other than the attacker. Successful attacks of this vulnerability can result in takeover of Oracle Data Provider for .NET. Note: Applies also to Database client-only on Windows platform. CVSS 3.1 Base Score 7.5 (Confidentiality, Integrity and Availability impacts).  CVSS Vector: (CVSS:3.1/AV:N/AC:H/PR:N/UI:R/S:U/C:H/I:H/A:H).\n\nSee the readme.txt files inside the `.nupkg` packages for a reference to the fix.",
  "aliases": [
    "CVE-2023-21893"
  ],
  "modified": "2023-11-08T04:11:34.145182Z",
  "published": "2023-01-18T00:30:16Z",
  "database_specific": {
    "nvd_published_at": "2023-01-18T00:15:00Z",
    "github_reviewed_at": "2023-04-12T23:07:14Z",
    "severity": "HIGH",
    "github_reviewed": true,
    "cwe_ids": []
  },
  "references": [
    {
      "type": "ADVISORY",
      "url": "https://nvd.nist.gov/vuln/detail/CVE-2023-21893"
    },
    {
      "type": "WEB",
      "url": "https://www.nuget.org/packages/Oracle.ManagedDataAccess.Core/3.21.90"
    },
    {
      "type": "WEB",
      "url": "https://www.nuget.org/packages/Oracle.ManagedDataAccess/21.9.0"
    },
    {
      "type": "WEB",
      "url": "https://www.oracle.com/security-alerts/cpujan2023.html"
    }
  ],
  "affected": [
    {
      "package": {
        "name": "Oracle.ManagedDataAccess",
        "ecosystem": "NuGet",
        "purl": "pkg:nuget/Oracle.ManagedDataAccess"
      },
      "ranges": [
        {
          "type": "ECOSYSTEM",
          "events": [
            {
              "introduced": "21.0.0"
            },
            {
              "fixed": "21.9.0"
            }
          ]
        }
      ],
      "versions": [
        "21.3.0",
        "21.4.0",
        "21.5.0",
        "21.6.1",
        "21.7.0",
        "21.8.0"
      ],
      "database_specific": {
        "source": "https://github.com/github/advisory-database/blob/main/advisories/github-reviewed/2023/01/GHSA-5pm2-9mr2-3frq/GHSA-5pm2-9mr2-3frq.json"
      }
    },
    {
      "package": {
        "name": "Oracle.ManagedDataAccess.Core",
        "ecosystem": "NuGet",
        "purl": "pkg:nuget/Oracle.ManagedDataAccess.Core"
      },
      "ranges": [
        {
          "type": "ECOSYSTEM",
          "events": [
            {
              "introduced": "3.21.0"
            },
            {
              "fixed": "3.21.90"
            }
          ]
        }
      ],
      "versions": [
        "3.21.1",
        "3.21.3",
        "3.21.4",
        "3.21.41",
        "3.21.50",
        "3.21.61",
        "3.21.70",
        "3.21.80"
      ],
      "database_specific": {
        "source": "https://github.com/github/advisory-database/blob/main/advisories/github-reviewed/2023/01/GHSA-5pm2-9mr2-3frq/GHSA-5pm2-9mr2-3frq.json"
      }
    },
    {
      "package": {
        "name": "Oracle.ManagedDataAccess",
        "ecosystem": "NuGet",
        "purl": "pkg:nuget/Oracle.ManagedDataAccess"
      },
      "ranges": [
        {
          "type": "ECOSYSTEM",
          "events": [
            {
              "introduced": "19.0.0"
            },
            {
              "fixed": "19.18.0"
            }
          ]
        }
      ],
      "versions": [
        "19.10.0",
        "19.10.1",
        "19.11.0",
        "19.12.0",
        "19.13.0",
        "19.14.0",
        "19.15.1",
        "19.16.0",
        "19.17.0",
        "19.3.0",
        "19.3.1",
        "19.5.0",
        "19.6.0",
        "19.7.0",
        "19.8.0",
        "19.9.0"
      ],
      "database_specific": {
        "source": "https://github.com/github/advisory-database/blob/main/advisories/github-reviewed/2023/01/GHSA-5pm2-9mr2-3frq/GHSA-5pm2-9mr2-3frq.json"
      }
    },
    {
      "package": {
        "name": "Oracle.ManagedDataAccess.Core",
        "ecosystem": "NuGet",
        "purl": "pkg:nuget/Oracle.ManagedDataAccess.Core"
      },
      "ranges": [
        {
          "type": "ECOSYSTEM",
          "events": [
            {
              "introduced": "2.19.0"
            },
            {
              "fixed": "2.19.180"
            }
          ]
        }
      ],
      "versions": [
        "2.19.100",
        "2.19.101",
        "2.19.110",
        "2.19.120",
        "2.19.130",
        "2.19.131",
        "2.19.140",
        "2.19.151",
        "2.19.160",
        "2.19.170",
        "2.19.3",
        "2.19.31",
        "2.19.50",
        "2.19.60",
        "2.19.70",
        "2.19.80",
        "2.19.90",
        "2.19.91"
      ],
      "database_specific": {
        "source": "https://github.com/github/advisory-database/blob/main/advisories/github-reviewed/2023/01/GHSA-5pm2-9mr2-3frq/GHSA-5pm2-9mr2-3frq.json"
      }
    }
  ],
  "schema_version": "1.6.0",
  "severity": [
    {
      "type": "CVSS_V3",
      "score": "CVSS:3.1/AV:N/AC:H/PR:N/UI:R/S:U/C:H/I:H/A:H"
    }
  ]
}