{
  "id": "GHSA-9phr-h5mx-4fp6",
  "summary": "DNN XSS Vulnerability",
  "details": "DNN (formerly DotNetNuke) through 9.4.4 allows XSS (issue 1 of 2).",
  "aliases": [
    "CVE-2020-5186"
  ],
  "modified": "2024-02-16T08:23:12.156577Z",
  "published": "2022-05-24T17:09:33Z",
  "database_specific": {
    "nvd_published_at": "2020-02-24T15:15:00Z",
    "cwe_ids": [
      "CWE-79"
    ],
    "severity": "MODERATE",
    "github_reviewed": true,
    "github_reviewed_at": "2023-07-13T17:07:55Z"
  },
  "references": [
    {
      "type": "ADVISORY",
      "url": "https://nvd.nist.gov/vuln/detail/CVE-2020-5186"
    },
    {
      "type": "WEB",
      "url": "https://medium.com/@SajjadPourali/dnn-dotnetnuke-cms-not-as-secure-as-you-think-e8516f789175"
    },
    {
      "type": "WEB",
      "url": "https://packetstormsecurity.com/files/156483/DotNetNuke-CMS-9.5.0-Cross-Site-Scripting.html"
    }
  ],
  "affected": [
    {
      "package": {
        "name": "DotNetNuke.Core",
        "ecosystem": "NuGet",
        "purl": "pkg:nuget/DotNetNuke.Core"
      },
      "ranges": [
        {
          "type": "ECOSYSTEM",
          "events": [
            {
              "introduced": "0"
            },
            {
              "last_affected": "9.4.4"
            }
          ]
        }
      ],
      "versions": [
        "6.0.0",
        "7.0.0",
        "7.0.6.121",
        "7.1.0",
        "7.1.2",
        "7.2.0.613",
        "7.3.0.499",
        "7.3.1.20",
        "7.4.0.353",
        "7.4.1.280",
        "7.4.2.216",
        "8.0.0.809",
        "8.0.1.239",
        "8.0.2.4",
        "8.0.3.5",
        "8.0.4.226",
        "9.0.0.1002",
        "9.0.1.142",
        "9.1.0.367",
        "9.1.1.129",
        "9.2.0.366",
        "9.2.1.533",
        "9.3.0",
        "9.3.1",
        "9.3.2",
        "9.4.0",
        "9.4.1",
        "9.4.2",
        "9.4.3",
        "9.4.4"
      ],
      "database_specific": {
        "source": "https://github.com/github/advisory-database/blob/main/advisories/github-reviewed/2022/05/GHSA-9phr-h5mx-4fp6/GHSA-9phr-h5mx-4fp6.json"
      }
    }
  ],
  "schema_version": "1.6.0",
  "severity": [
    {
      "type": "CVSS_V3",
      "score": "CVSS:3.1/AV:N/AC:L/PR:L/UI:R/S:C/C:L/I:L/A:N"
    }
  ]
}