{
  "id": "GHSA-9475-xg6m-j7pw",
  "summary": "Subject Confirmation Method not validated in Saml2 Authentication Services for ASP.NET",
  "details": "### Impact\nSaml2 tokens are usually used as bearer tokens - a caller that presents a token is assumed to be the subject of the token. There is also support in the Saml2 protocol for issuing tokens that is tied to a subject through other means, e.g. holder-of-key where possession of a private key must be proved.\nThe Sustainsys.Saml2 library incorrectly treats all incoming tokens as bearer tokens, even though they have another subject confirmation method specified. This could be used by an attacker that could get access to Saml2 tokens with another subject confirmation method than bearer. The attacker could then use such a tocken to create a log in session.\n\n### Patches\nVersion 1.0.2 and 2.7.0 are patched.\n\n### Workarounds\nEnsure that any IdentityProvider trusted by the Sustainsys.Saml2 SP only issues bearer tokens if the audience matches the Sustainsys.Saml2 SP.\n\n### For more information\nIf you have any questions or comments about this advisory:\n* Comment on #103\n* Email us at security@sustainsys.com if you think that there are further security issues.",
  "aliases": [
    "CVE-2020-5268"
  ],
  "modified": "2024-02-16T08:20:52.961508Z",
  "published": "2020-04-22T20:59:37Z",
  "database_specific": {
    "nvd_published_at": null,
    "cwe_ids": [
      "CWE-303"
    ],
    "severity": "MODERATE",
    "github_reviewed": true,
    "github_reviewed_at": "2020-04-21T18:41:43Z"
  },
  "references": [
    {
      "type": "WEB",
      "url": "https://github.com/Sustainsys/Saml2/security/advisories/GHSA-9475-xg6m-j7pw"
    },
    {
      "type": "ADVISORY",
      "url": "https://nvd.nist.gov/vuln/detail/CVE-2020-5268"
    },
    {
      "type": "WEB",
      "url": "https://github.com/Sustainsys/Saml2/issues/712"
    },
    {
      "type": "WEB",
      "url": "https://github.com/Sustainsys/Saml2/commit/e58e0a1aff2b1ead6aca080b7cdced55ee6d5241"
    },
    {
      "type": "WEB",
      "url": "https://www.nuget.org/packages/Sustainsys.Saml2"
    }
  ],
  "affected": [
    {
      "package": {
        "name": "Sustainsys.Saml2",
        "ecosystem": "NuGet",
        "purl": "pkg:nuget/Sustainsys.Saml2"
      },
      "ranges": [
        {
          "type": "ECOSYSTEM",
          "events": [
            {
              "introduced": "0"
            },
            {
              "fixed": "1.0.2"
            }
          ]
        }
      ],
      "versions": [
        "0.23.0",
        "0.24.0",
        "1.0.0",
        "1.0.1"
      ],
      "database_specific": {
        "source": "https://github.com/github/advisory-database/blob/main/advisories/github-reviewed/2020/04/GHSA-9475-xg6m-j7pw/GHSA-9475-xg6m-j7pw.json"
      }
    },
    {
      "package": {
        "name": "Sustainsys.Saml2",
        "ecosystem": "NuGet",
        "purl": "pkg:nuget/Sustainsys.Saml2"
      },
      "ranges": [
        {
          "type": "ECOSYSTEM",
          "events": [
            {
              "introduced": "2.0.0"
            },
            {
              "fixed": "2.7.0"
            }
          ]
        }
      ],
      "versions": [
        "2.0.0",
        "2.1.0",
        "2.2.0",
        "2.3.0",
        "2.4.0",
        "2.5.0",
        "2.6.0"
      ],
      "database_specific": {
        "source": "https://github.com/github/advisory-database/blob/main/advisories/github-reviewed/2020/04/GHSA-9475-xg6m-j7pw/GHSA-9475-xg6m-j7pw.json"
      }
    }
  ],
  "schema_version": "1.6.0",
  "severity": [
    {
      "type": "CVSS_V3",
      "score": "CVSS:3.1/AV:N/AC:H/PR:L/UI:R/S:C/C:H/I:L/A:N"
    }
  ]
}