{
  "id": "GHSA-jp7f-grcv-6mjf",
  "summary": "Partial path traversal in sharpcompress",
  "details": "SharpCompress recreates a hierarchy of directories under destinationDirectory if ExtractFullPath is set to true in options. In order to prevent extraction outside the destination directory the destinationFileName path is verified to begin with fullDestinationDirectoryPath. However it is not enforced that fullDestinationDirectoryPath ends with slash:\n\n```csharp\npublic static void WriteEntryToDirectory(IEntry entry,\n                                         string destinationDirectory,\n                                         ExtractionOptions? options,\n                                         Action<string, ExtractionOptions?> write)\n{\n    string destinationFileName;\n    string file = Path.GetFileName(entry.Key);\n    string fullDestinationDirectoryPath = Path.GetFullPath(destinationDirectory);\n...\n        throw new ExtractionException(\"Entry is trying to write a file outside of the destination directory.\");\n}\n```\n\nIf the destinationDirectory is not slash terminated like /home/user/dir it is possible to create a file with a name thats begins as the destination directory one level up from the directory, i.e. /home/user/dir.sh.\n\n#### Impact\nBecause of the file name and destination directory constraints the arbitrary file creation impact is limited and depends on the use case.",
  "aliases": [
    "CVE-2021-39208"
  ],
  "modified": "2023-11-08T04:06:33.835730Z",
  "published": "2021-09-20T19:53:42Z",
  "database_specific": {
    "nvd_published_at": "2021-09-16T15:15:00Z",
    "github_reviewed_at": "2021-09-17T18:37:10Z",
    "severity": "MODERATE",
    "github_reviewed": true,
    "cwe_ids": [
      "CWE-22"
    ]
  },
  "references": [
    {
      "type": "WEB",
      "url": "https://github.com/adamhathcock/sharpcompress/security/advisories/GHSA-jp7f-grcv-6mjf"
    },
    {
      "type": "ADVISORY",
      "url": "https://nvd.nist.gov/vuln/detail/CVE-2021-39208"
    },
    {
      "type": "WEB",
      "url": "https://github.com/adamhathcock/sharpcompress/pull/614"
    },
    {
      "type": "PACKAGE",
      "url": "https://github.com/adamhathcock/sharpcompress"
    },
    {
      "type": "WEB",
      "url": "https://github.com/adamhathcock/sharpcompress/releases/tag/0.29.0"
    }
  ],
  "affected": [
    {
      "package": {
        "name": "SharpCompress",
        "ecosystem": "NuGet",
        "purl": "pkg:nuget/SharpCompress"
      },
      "ranges": [
        {
          "type": "ECOSYSTEM",
          "events": [
            {
              "introduced": "0"
            },
            {
              "fixed": "0.29"
            }
          ]
        }
      ],
      "versions": [
        "0.10.0",
        "0.10.1",
        "0.10.1.1",
        "0.10.1.3",
        "0.10.2",
        "0.10.3",
        "0.11.0",
        "0.11.1",
        "0.11.2",
        "0.11.3",
        "0.11.4",
        "0.11.5",
        "0.11.6",
        "0.12.0",
        "0.12.1",
        "0.12.2",
        "0.12.3",
        "0.12.4",
        "0.13.0",
        "0.13.1",
        "0.14.0",
        "0.14.1",
        "0.15.0",
        "0.15.1",
        "0.15.2",
        "0.16.0",
        "0.16.1",
        "0.16.2",
        "0.17.0",
        "0.17.1",
        "0.18.0",
        "0.18.1",
        "0.18.2",
        "0.19.0",
        "0.19.1",
        "0.19.2",
        "0.2.0",
        "0.20.0",
        "0.21.0",
        "0.21.1",
        "0.22.0",
        "0.23.0",
        "0.24.0",
        "0.25.0",
        "0.25.1",
        "0.26.0",
        "0.27.0",
        "0.27.1",
        "0.28.0",
        "0.28.1",
        "0.28.2",
        "0.28.3",
        "0.3.0",
        "0.4.0",
        "0.5.0",
        "0.6.0",
        "0.7.0",
        "0.8.0",
        "0.8.1",
        "0.8.2",
        "0.9.0"
      ],
      "ecosystem_specific": {
        "affected_functions": [
          "WriteEntryToDirectory"
        ]
      },
      "database_specific": {
        "source": "https://github.com/github/advisory-database/blob/main/advisories/github-reviewed/2021/09/GHSA-jp7f-grcv-6mjf/GHSA-jp7f-grcv-6mjf.json"
      }
    }
  ],
  "schema_version": "1.6.0",
  "severity": [
    {
      "type": "CVSS_V3",
      "score": "CVSS:3.1/AV:N/AC:L/PR:L/UI:N/S:U/C:N/I:L/A:N"
    }
  ]
}