{
  "id": "ASB-A-179725730",
  "summary": "[INTERNAL SHADOW][Zebra] FLAG_SECURE is not included in KeyGaurd and Set Pin/Password screen",
  "details": "In applyKeyguardFlags of NotificationShadeWindowControllerImpl.java, there is a possible way to observe the user's password on a secondary display due to an insecure default value. This could lead to local information disclosure with no additional execution privileges needed. User interaction is needed for exploitation.",
  "aliases": [
    "CVE-2022-20466"
  ],
  "modified": "2024-05-14T14:40:15Z",
  "published": "2022-12-01T00:00:00Z",
  "references": [
    {
      "type": "ADVISORY",
      "url": "https://source.android.com/security/bulletin/2022-12-01"
    },
    {
      "type": "FIX",
      "url": "https://android.googlesource.com/platform/frameworks/base/+/6888543d3a6cde5a9e16f9accb0a4256152aba2d"
    },
    {
      "type": "FIX",
      "url": "https://android.googlesource.com/platform/packages/apps/Settings/+/98239c0da68917a0622c24e9af16ce06768a68f2"
    }
  ],
  "affected": [
    {
      "package": {
        "name": "platform/frameworks/base",
        "ecosystem": "Android"
      },
      "ranges": [
        {
          "type": "ECOSYSTEM",
          "events": [
            {
              "introduced": "10:0"
            },
            {
              "fixed": "10:2022-12-01"
            },
            {
              "introduced": "11:0"
            },
            {
              "fixed": "11:2022-12-01"
            },
            {
              "introduced": "12:0"
            },
            {
              "fixed": "12:2022-12-01"
            },
            {
              "introduced": "12L:0"
            },
            {
              "fixed": "12L:2022-12-01"
            },
            {
              "introduced": "13:0"
            },
            {
              "fixed": "13:2022-12-01"
            }
          ]
        }
      ],
      "versions": [
        "10",
        "11",
        "12",
        "12L",
        "13"
      ],
      "ecosystem_specific": {
        "fixes": [
          "https://android.googlesource.com/platform/frameworks/base/+/6888543d3a6cde5a9e16f9accb0a4256152aba2d"
        ],
        "spl": "2022-12-01",
        "types": [
          "ID"
        ],
        "severity": "High"
      },
      "database_specific": {
        "source": "https://storage.googleapis.com/android-osv/ASB-A-179725730.json"
      }
    },
    {
      "package": {
        "name": "platform/packages/apps/Settings",
        "ecosystem": "Android"
      },
      "ranges": [
        {
          "type": "ECOSYSTEM",
          "events": [
            {
              "introduced": "10:0"
            },
            {
              "fixed": "10:2022-12-01"
            },
            {
              "introduced": "11:0"
            },
            {
              "fixed": "11:2022-12-01"
            },
            {
              "introduced": "12:0"
            },
            {
              "fixed": "12:2022-12-01"
            },
            {
              "introduced": "12L:0"
            },
            {
              "fixed": "12L:2022-12-01"
            },
            {
              "introduced": "13:0"
            },
            {
              "fixed": "13:2022-12-01"
            }
          ]
        }
      ],
      "versions": [
        "10",
        "11",
        "12",
        "12L",
        "13"
      ],
      "ecosystem_specific": {
        "fixes": [
          "https://android.googlesource.com/platform/packages/apps/Settings/+/98239c0da68917a0622c24e9af16ce06768a68f2"
        ],
        "spl": "2022-12-01",
        "types": [
          "ID"
        ],
        "severity": "High"
      },
      "database_specific": {
        "source": "https://storage.googleapis.com/android-osv/ASB-A-179725730.json"
      }
    }
  ],
  "schema_version": "1.6.0"
}