{
  "id": "ASB-A-210118427",
  "summary": "[Unauthorized access to location information]",
  "details": "In broadcastServiceStateChanged of TelephonyRegistry.java, there is a possible way to learn base station information without location permission due to a missing permission check. This could lead to local information disclosure with User execution privileges needed. User interaction is not needed for exploitation.",
  "aliases": [
    "CVE-2022-20115"
  ],
  "modified": "2024-05-14T14:40:15Z",
  "published": "2022-05-01T00:00:00Z",
  "references": [
    {
      "type": "ADVISORY",
      "url": "https://source.android.com/security/bulletin/2022-05-01"
    },
    {
      "type": "FIX",
      "url": "https://android.googlesource.com/platform/frameworks/base/+/abb41637225c95d5530bff275531a446be66a18c"
    }
  ],
  "affected": [
    {
      "package": {
        "name": "platform/frameworks/base",
        "ecosystem": "Android"
      },
      "ranges": [
        {
          "type": "ECOSYSTEM",
          "events": [
            {
              "introduced": "12:0"
            },
            {
              "fixed": "12:2022-05-01"
            },
            {
              "introduced": "12L:0"
            },
            {
              "fixed": "12L:2022-05-01"
            }
          ]
        }
      ],
      "versions": [
        "12",
        "12L"
      ],
      "ecosystem_specific": {
        "fixes": [
          "https://android.googlesource.com/platform/frameworks/base/+/abb41637225c95d5530bff275531a446be66a18c"
        ],
        "spl": "2022-05-01",
        "types": [
          "ID"
        ],
        "severity": "High"
      },
      "database_specific": {
        "source": "https://storage.googleapis.com/android-osv/ASB-A-210118427.json"
      }
    }
  ],
  "schema_version": "1.6.0"
}