{
  "id": "ASB-A-150371903",
  "summary": "DnsResolver API makes it easy for an app to watch DNS requests and infer user's actions",
  "details": "In resolv_cache_lookup of res_cache.cpp, there is a possible side channel information disclosure. This could lead to local information disclosure of accessed web resources with no additional execution privileges needed. User interaction is not needed for exploitation.",
  "aliases": [
    "CVE-2020-0464"
  ],
  "modified": "2024-05-14T14:40:15Z",
  "published": "2020-12-01T00:00:00Z",
  "references": [
    {
      "type": "ADVISORY",
      "url": "https://source.android.com/security/bulletin/2020-12-01"
    },
    {
      "type": "FIX",
      "url": "https://android.googlesource.com/platform/system/netd/+/e1ec3b167754930d4d87b48414f9d707554a02f0"
    },
    {
      "type": "FIX",
      "url": "https://android.googlesource.com/platform/frameworks/native/+/f1cf6a632da354cff3d8aed54913e1ee2909908e"
    }
  ],
  "affected": [
    {
      "package": {
        "name": "platform/frameworks/native",
        "ecosystem": "Android"
      },
      "ranges": [
        {
          "type": "ECOSYSTEM",
          "events": [
            {
              "introduced": "10:0"
            },
            {
              "fixed": "10:2020-12-01"
            }
          ]
        }
      ],
      "versions": [
        "10"
      ],
      "ecosystem_specific": {
        "fixes": [
          "https://android.googlesource.com/platform/frameworks/native/+/f1cf6a632da354cff3d8aed54913e1ee2909908e"
        ],
        "spl": "2020-12-01",
        "types": [
          "ID"
        ],
        "severity": "High"
      },
      "database_specific": {
        "source": "https://storage.googleapis.com/android-osv/ASB-A-150371903.json"
      }
    },
    {
      "package": {
        "name": "platform/system/netd",
        "ecosystem": "Android"
      },
      "ranges": [
        {
          "type": "ECOSYSTEM",
          "events": [
            {
              "introduced": "10:0"
            },
            {
              "fixed": "10:2020-12-01"
            }
          ]
        }
      ],
      "versions": [
        "10"
      ],
      "ecosystem_specific": {
        "fixes": [
          "https://android.googlesource.com/platform/system/netd/+/e1ec3b167754930d4d87b48414f9d707554a02f0"
        ],
        "spl": "2020-12-01",
        "types": [
          "ID"
        ],
        "severity": "High"
      },
      "database_specific": {
        "source": "https://storage.googleapis.com/android-osv/ASB-A-150371903.json"
      }
    }
  ],
  "schema_version": "1.6.0"
}