{
  "id": "ASB-A-221040577",
  "summary": "Applications maintain their permission across different targeted sdks",
  "details": "In onPackageAddedInternal of PermissionManagerService.java, there is a possible way to silently grant a permission after a Target SDK update due to a permissions bypass. This could lead to local escalation of privilege after updating an app to a higher Target SDK with no additional execution privileges needed. User interaction is not needed for exploitation.",
  "aliases": [
    "CVE-2023-20906"
  ],
  "modified": "2024-05-14T14:40:16Z",
  "published": "2023-03-01T00:00:00Z",
  "references": [
    {
      "type": "ADVISORY",
      "url": "https://source.android.com/security/bulletin/2023-03-01"
    },
    {
      "type": "FIX",
      "url": "https://android.googlesource.com/platform/frameworks/base/+/5e80fcf8c423f288a87d727f48ae38112177d716"
    }
  ],
  "affected": [
    {
      "package": {
        "name": "platform/frameworks/base",
        "ecosystem": "Android"
      },
      "ranges": [
        {
          "type": "ECOSYSTEM",
          "events": [
            {
              "introduced": "11:0"
            },
            {
              "fixed": "11:2023-03-01"
            },
            {
              "introduced": "12:0"
            },
            {
              "fixed": "12:2023-03-01"
            },
            {
              "introduced": "12L:0"
            },
            {
              "fixed": "12L:2023-03-01"
            },
            {
              "introduced": "13:0"
            },
            {
              "fixed": "13:2023-03-01"
            }
          ]
        }
      ],
      "versions": [
        "11",
        "12",
        "12L",
        "13"
      ],
      "ecosystem_specific": {
        "fixes": [
          "https://android.googlesource.com/platform/frameworks/base/+/e6efe583f98644440f675bb2cc5a75d665ca31c9"
        ],
        "spl": "2023-03-01",
        "types": [
          "EoP"
        ],
        "severity": "High"
      },
      "database_specific": {
        "source": "https://storage.googleapis.com/android-osv/ASB-A-221040577.json"
      }
    }
  ],
  "schema_version": "1.6.0"
}