{
  "id": "ASB-A-204087139",
  "summary": "Local PDoS by setting large wallpapers with setStream",
  "details": "In setStream of WallpaperManager.java, there is a possible way to cause a permanent DoS due to improper input validation. This could lead to local denial of service with User execution privileges needed. User interaction is not needed for exploitation.",
  "aliases": [
    "CVE-2021-39670"
  ],
  "modified": "2024-05-14T14:40:15Z",
  "published": "2022-05-01T00:00:00Z",
  "references": [
    {
      "type": "ADVISORY",
      "url": "https://source.android.com/security/bulletin/2022-05-01"
    },
    {
      "type": "FIX",
      "url": "https://android.googlesource.com/platform/frameworks/base/+/b1b01433f5b8dc0702c0e1abde5f7b86b708a849"
    }
  ],
  "affected": [
    {
      "package": {
        "name": "platform/frameworks/base",
        "ecosystem": "Android"
      },
      "ranges": [
        {
          "type": "ECOSYSTEM",
          "events": [
            {
              "introduced": "12:0"
            },
            {
              "fixed": "12:2022-05-01"
            },
            {
              "introduced": "12L:0"
            },
            {
              "fixed": "12L:2022-05-01"
            }
          ]
        }
      ],
      "versions": [
        "12",
        "12L"
      ],
      "ecosystem_specific": {
        "fixes": [
          "https://android.googlesource.com/platform/frameworks/base/+/b1b01433f5b8dc0702c0e1abde5f7b86b708a849"
        ],
        "spl": "2022-05-01",
        "types": [
          "DoS"
        ],
        "severity": "High"
      },
      "database_specific": {
        "source": "https://storage.googleapis.com/android-osv/ASB-A-204087139.json"
      }
    }
  ],
  "schema_version": "1.6.0"
}