{
  "id": "ASB-A-150694665",
  "summary": "BUG: unable to handle kernel paging request in csum_partial",
  "details": "In gre_handle_offloads of ip_gre.c, there is a possible page fault due to an invalid memory access. This could lead to local information disclosure with no additional execution privileges needed. User interaction is not needed for exploitation.",
  "aliases": [
    "CVE-2021-39633"
  ],
  "modified": "2024-05-14T14:40:15Z",
  "published": "2022-01-01T00:00:00Z",
  "references": [
    {
      "type": "ADVISORY",
      "url": "https://source.android.com/security/bulletin/2022-01-01"
    },
    {
      "type": "FIX",
      "url": "http://android.googlesource.com/kernel/common/+/1d011c4803c72f3907eccfc1ec63caefb852fcbf"
    }
  ],
  "affected": [
    {
      "package": {
        "name": ":linux_kernel:",
        "ecosystem": "Android"
      },
      "ranges": [
        {
          "type": "ECOSYSTEM",
          "events": [
            {
              "introduced": ":0"
            },
            {
              "fixed": ":2022-01-05"
            }
          ]
        }
      ],
      "versions": [
        "Kernel"
      ],
      "ecosystem_specific": {
        "fixes": [
          "http://android.googlesource.com/kernel/common/+/1d011c4803c72f3907eccfc1ec63caefb852fcbf"
        ],
        "spl": "2022-01-05",
        "types": [
          "ID"
        ],
        "severity": "High"
      },
      "database_specific": {
        "source": "https://storage.googleapis.com/android-osv/ASB-A-150694665.json"
      }
    }
  ],
  "schema_version": "1.6.0"
}