{
  "id": "ASB-A-195630721",
  "summary": "Inconsistent INTERACT_ACROSS_PROFILE permission check for apps with shared UID",
  "details": "In enforceCrossUserOrProfilePermission of PackageManagerService.java, there is a possible bypass of INTERACT_ACROSS_PROFILES permission due to a missing permission check. This could lead to local escalation of privilege with no additional execution privileges needed. User interaction is not needed for exploitation.",
  "aliases": [
    "CVE-2021-0922"
  ],
  "modified": "2024-05-14T14:40:15Z",
  "published": "2021-11-01T00:00:00Z",
  "references": [
    {
      "type": "ADVISORY",
      "url": "https://source.android.com/security/bulletin/2021-11-01"
    },
    {
      "type": "FIX",
      "url": "https://android.googlesource.com/platform/frameworks/base/+/4670d1d855a853852980148d99b190171db4ec79"
    }
  ],
  "affected": [
    {
      "package": {
        "name": "platform/frameworks/base",
        "ecosystem": "Android"
      },
      "ranges": [
        {
          "type": "ECOSYSTEM",
          "events": [
            {
              "introduced": "11:0"
            },
            {
              "fixed": "11:2021-11-01"
            }
          ]
        }
      ],
      "versions": [
        "11"
      ],
      "ecosystem_specific": {
        "fixes": [
          "https://android.googlesource.com/platform/frameworks/base/+/4670d1d855a853852980148d99b190171db4ec79"
        ],
        "spl": "2021-11-01",
        "types": [
          "EoP"
        ],
        "severity": "Moderate"
      },
      "database_specific": {
        "source": "https://storage.googleapis.com/android-osv/ASB-A-195630721.json"
      }
    }
  ],
  "schema_version": "1.6.0"
}