{
  "id": "ASB-A-158219161",
  "summary": "[deleteIntent in BluetoothPermissionRequest Notification could be hijacked to Get Bluetooth Device Info of Bluetooth connection]",
  "details": "In onReceive of BluetoothPermissionRequest.java, there is a possible permissions bypass due to a mutable PendingIntent. This could lead to local escalation of privilege that bypasses a permission check, with User execution privileges needed. User interaction is not needed for exploitation.",
  "aliases": [
    "CVE-2021-0336"
  ],
  "modified": "2024-05-14T14:40:15Z",
  "published": "2021-02-01T00:00:00Z",
  "references": [
    {
      "type": "ADVISORY",
      "url": "https://source.android.com/security/bulletin/2021-02-01"
    },
    {
      "type": "FIX",
      "url": "https://android.googlesource.com/platform/packages/apps/Settings/+/f065b8743377f62d6d0dc99da24ac034314dae1f"
    }
  ],
  "affected": [
    {
      "package": {
        "name": "platform/packages/apps/Settings",
        "ecosystem": "Android"
      },
      "ranges": [
        {
          "type": "ECOSYSTEM",
          "events": [
            {
              "introduced": "8.0:0"
            },
            {
              "fixed": "8.0:2021-02-01"
            },
            {
              "introduced": "8.1:0"
            },
            {
              "fixed": "8.1:2021-02-01"
            },
            {
              "introduced": "9:0"
            },
            {
              "fixed": "9:2021-02-01"
            },
            {
              "introduced": "10:0"
            },
            {
              "fixed": "10:2021-02-01"
            },
            {
              "introduced": "11:0"
            },
            {
              "fixed": "11:2021-02-01"
            }
          ]
        }
      ],
      "versions": [
        "8.0",
        "8.1",
        "9",
        "10",
        "11"
      ],
      "ecosystem_specific": {
        "fixes": [
          "https://android.googlesource.com/platform/packages/apps/Settings/+/f065b8743377f62d6d0dc99da24ac034314dae1f"
        ],
        "spl": "2021-02-01",
        "types": [
          "EoP"
        ],
        "severity": "High"
      },
      "database_specific": {
        "source": "https://storage.googleapis.com/android-osv/ASB-A-158219161.json"
      }
    }
  ],
  "schema_version": "1.6.0"
}