{
  "id": "ASB-A-185810717",
  "summary": "Task hijacking via relinquishTaskIdentity attribute - test",
  "details": "In Task.java, there is a possible escalation of privilege due to a confused deputy. This could lead to local escalation of privilege with no additional execution privileges needed. User interaction is needed for exploitation.",
  "aliases": [
    "CVE-2021-39696"
  ],
  "modified": "2024-05-14T14:40:15Z",
  "published": "2022-08-01T00:00:00Z",
  "references": [
    {
      "type": "ADVISORY",
      "url": "https://source.android.com/security/bulletin/2022-08-01"
    },
    {
      "type": "FIX",
      "url": "https://android.googlesource.com/platform/frameworks/base/+/6ae9525c7fd6d72834be28298d836d8f30c0120c"
    },
    {
      "type": "FIX",
      "url": "https://android.googlesource.com/platform/frameworks/base/+/c668064c04be23384a02cc404e49c6261e76e21f"
    }
  ],
  "affected": [
    {
      "package": {
        "name": "platform/frameworks/base",
        "ecosystem": "Android"
      },
      "ranges": [
        {
          "type": "ECOSYSTEM",
          "events": [
            {
              "introduced": "10:0"
            },
            {
              "fixed": "10:2022-08-01"
            },
            {
              "introduced": "11:0"
            },
            {
              "fixed": "11:2022-08-01"
            },
            {
              "introduced": "12:0"
            },
            {
              "fixed": "12:2022-08-01"
            }
          ]
        }
      ],
      "versions": [
        "10",
        "11",
        "12"
      ],
      "ecosystem_specific": {
        "fixes": [
          "https://android.googlesource.com/platform/frameworks/base/+/6ae9525c7fd6d72834be28298d836d8f30c0120c",
          "https://android.googlesource.com/platform/frameworks/base/+/c668064c04be23384a02cc404e49c6261e76e21f"
        ],
        "spl": "2022-08-01",
        "types": [
          "EoP"
        ],
        "severity": "High"
      },
      "database_specific": {
        "source": "https://storage.googleapis.com/android-osv/ASB-A-185810717.json"
      }
    }
  ],
  "schema_version": "1.6.0"
}