{
  "id": "ASB-A-181660091",
  "summary": "OOBW in phNxpNciHal_process_ext_rsp, #2",
  "details": "In phNxpNciHal_process_ext_rsp of phNxpNciHal_ext.cc, there is a possible out of bounds write due to a missing bounds check. This could lead to remote code execution over NFC with no additional execution privileges needed. User interaction is not needed for exploitation.",
  "aliases": [
    "CVE-2021-0930"
  ],
  "modified": "2024-05-14T14:40:15Z",
  "published": "2021-11-01T00:00:00Z",
  "references": [
    {
      "type": "ADVISORY",
      "url": "https://source.android.com/security/bulletin/2021-11-01"
    },
    {
      "type": "FIX",
      "url": "https://android.googlesource.com/platform/hardware/nxp/nfc/+/95e1dd94c3794bd175c3784fb5accfeac18a1787"
    }
  ],
  "affected": [
    {
      "package": {
        "name": "platform/hardware/nxp/nfc",
        "ecosystem": "Android"
      },
      "ranges": [
        {
          "type": "ECOSYSTEM",
          "events": [
            {
              "introduced": "9:0"
            },
            {
              "fixed": "9:2021-11-01"
            },
            {
              "introduced": "10:0"
            },
            {
              "fixed": "10:2021-11-01"
            },
            {
              "introduced": "11:0"
            },
            {
              "fixed": "11:2021-11-01"
            },
            {
              "introduced": "12:0"
            },
            {
              "fixed": "12:2021-11-01"
            }
          ]
        }
      ],
      "versions": [
        "9",
        "10",
        "11",
        "12"
      ],
      "ecosystem_specific": {
        "fixes": [
          "https://android.googlesource.com/platform/hardware/nxp/nfc/+/95e1dd94c3794bd175c3784fb5accfeac18a1787"
        ],
        "spl": "2021-11-01",
        "types": [
          "RCE"
        ],
        "severity": "Critical"
      },
      "database_specific": {
        "source": "https://storage.googleapis.com/android-osv/ASB-A-181660091.json"
      }
    }
  ],
  "schema_version": "1.6.0"
}