{
  "id": "ASB-A-184622099",
  "summary": "Android Vomit Report",
  "details": "In qrtr_recvmsg of qrtr.c, there is a possible leak of kernel memory due to uninitialized data. This could lead to local information disclosure with no additional execution privileges needed. User interaction is not needed for exploitation.",
  "aliases": [
    "CVE-2021-29647"
  ],
  "modified": "2024-05-14T14:40:15Z",
  "published": "2021-10-01T00:00:00Z",
  "references": [
    {
      "type": "ADVISORY",
      "url": "https://source.android.com/security/bulletin/2021-10-01"
    },
    {
      "type": "FIX",
      "url": "https://android.googlesource.com/kernel/common/+/50535249f624d0072cd885bcdce4e4b6fb770160"
    }
  ],
  "affected": [
    {
      "package": {
        "name": ":linux_kernel:",
        "ecosystem": "Android"
      },
      "ranges": [
        {
          "type": "ECOSYSTEM",
          "events": [
            {
              "introduced": ":0"
            },
            {
              "fixed": ":2021-10-05"
            }
          ]
        }
      ],
      "versions": [
        "Kernel"
      ],
      "ecosystem_specific": {
        "fixes": [
          "https://android.googlesource.com/kernel/common/+/50535249f624d0072cd885bcdce4e4b6fb770160"
        ],
        "spl": "2021-10-05",
        "types": [
          "ID"
        ],
        "severity": "High"
      },
      "database_specific": {
        "source": "https://storage.googleapis.com/android-osv/ASB-A-184622099.json"
      }
    }
  ],
  "schema_version": "1.6.0"
}