{
  "id": "ASB-A-213172319",
  "summary": "A few Android specific usb gadget functions do not limit control transfer request's wLength allowing exploitation of buffer overflows in data transfer phase.",
  "details": "In various functions of the USB gadget subsystem, there is a possible out of bounds write due to a missing bounds check. This could lead to local escalation of privilege with no additional execution privileges needed. User interaction is not needed for exploitation.",
  "aliases": [
    "CVE-2022-20009"
  ],
  "modified": "2024-05-14T14:40:15Z",
  "published": "2022-05-01T00:00:00Z",
  "references": [
    {
      "type": "ADVISORY",
      "url": "https://source.android.com/security/bulletin/2022-05-01"
    },
    {
      "type": "FIX",
      "url": "https://android.googlesource.com/kernel/common/+/528615555b59cbd659186d44b3c6db69c30414eb"
    },
    {
      "type": "FIX",
      "url": "https://android.googlesource.com/kernel/common/+/823fc2b264f1ec12678564271c5fa34e3250cf83"
    }
  ],
  "affected": [
    {
      "package": {
        "name": ":linux_kernel:",
        "ecosystem": "Android"
      },
      "ranges": [
        {
          "type": "ECOSYSTEM",
          "events": [
            {
              "introduced": ":0"
            },
            {
              "fixed": ":2022-05-05"
            }
          ]
        }
      ],
      "versions": [
        "Kernel"
      ],
      "ecosystem_specific": {
        "fixes": [
          "https://android.googlesource.com/kernel/common/+/528615555b59cbd659186d44b3c6db69c30414eb",
          "https://android.googlesource.com/kernel/common/+/823fc2b264f1ec12678564271c5fa34e3250cf83"
        ],
        "spl": "2022-05-05",
        "types": [
          "EoP"
        ],
        "severity": "High"
      },
      "database_specific": {
        "source": "https://storage.googleapis.com/android-osv/ASB-A-213172319.json"
      }
    }
  ],
  "schema_version": "1.6.0"
}