{
  "id": "ASB-A-220302519",
  "summary": "Possible EvilParcel bug in WorkSource class",
  "details": "In WorkSource, there is a possible  parcel mismatch. This could lead to local escalation of privilege with no additional execution privileges needed. User interaction is not needed for exploitation.",
  "aliases": [
    "CVE-2023-20963"
  ],
  "modified": "2024-05-14T14:40:16Z",
  "published": "2023-03-01T00:00:00Z",
  "references": [
    {
      "type": "ADVISORY",
      "url": "https://source.android.com/security/bulletin/2023-03-01"
    },
    {
      "type": "FIX",
      "url": "https://android.googlesource.com/platform/frameworks/base/+/266b3bddcf14d448c0972db64b42950f76c759e3"
    }
  ],
  "affected": [
    {
      "package": {
        "name": "platform/frameworks/base",
        "ecosystem": "Android"
      },
      "ranges": [
        {
          "type": "ECOSYSTEM",
          "events": [
            {
              "introduced": "11:0"
            },
            {
              "fixed": "11:2023-03-01"
            },
            {
              "introduced": "12:0"
            },
            {
              "fixed": "12:2023-03-01"
            },
            {
              "introduced": "12L:0"
            },
            {
              "fixed": "12L:2023-03-01"
            },
            {
              "introduced": "13:0"
            },
            {
              "fixed": "13:2023-03-01"
            }
          ]
        }
      ],
      "versions": [
        "11",
        "12",
        "12L",
        "13"
      ],
      "ecosystem_specific": {
        "fixes": [
          "https://android.googlesource.com/platform/frameworks/base/+/266b3bddcf14d448c0972db64b42950f76c759e3"
        ],
        "spl": "2023-03-01",
        "types": [
          "EoP"
        ],
        "severity": "High"
      },
      "database_specific": {
        "source": "https://storage.googleapis.com/android-osv/ASB-A-220302519.json"
      }
    }
  ],
  "schema_version": "1.6.0"
}