{
  "id": "ASB-A-152874864",
  "summary": "Android sgdisk heap overflow",
  "details": "In LoadPartitionTable of gpt.cc, there is a possible out of bounds write due to a missing bounds check. This could lead to local escalation of privilege when inserting a malicious USB device, with no additional execution privileges needed. User interaction is not needed for exploitation.",
  "aliases": [
    "CVE-2020-0256"
  ],
  "modified": "2024-05-14T14:40:15Z",
  "published": "2020-08-01T00:00:00Z",
  "references": [
    {
      "type": "ADVISORY",
      "url": "https://source.android.com/security/bulletin/2020-08-01"
    },
    {
      "type": "FIX",
      "url": "https://android.googlesource.com/platform/external/gptfdisk/+/7ffd0a26064cf25c0922f2bab511e4b4e8149083"
    }
  ],
  "affected": [
    {
      "package": {
        "name": "platform/external/gptfdisk",
        "ecosystem": "Android"
      },
      "ranges": [
        {
          "type": "ECOSYSTEM",
          "events": [
            {
              "introduced": "8.0:0"
            },
            {
              "fixed": "8.0:2020-08-01"
            },
            {
              "introduced": "8.1:0"
            },
            {
              "fixed": "8.1:2020-08-01"
            },
            {
              "introduced": "9:0"
            },
            {
              "fixed": "9:2020-08-01"
            },
            {
              "introduced": "10:0"
            },
            {
              "fixed": "10:2020-08-01"
            }
          ]
        }
      ],
      "versions": [
        "8.0",
        "8.1",
        "9",
        "10"
      ],
      "ecosystem_specific": {
        "fixes": [
          "https://android.googlesource.com/platform/external/gptfdisk/+/7ffd0a26064cf25c0922f2bab511e4b4e8149083"
        ],
        "spl": "2020-08-01",
        "types": [
          "EoP"
        ],
        "severity": "High"
      },
      "database_specific": {
        "source": "https://storage.googleapis.com/android-osv/ASB-A-152874864.json"
      }
    }
  ],
  "schema_version": "1.6.0"
}