{
  "id": "ASB-A-180401789",
  "summary": "GEA1 Encryption Vulnerability",
  "details": "In GPRS encryption support, there is a possible leak of GPRS key material due to improperly used crypto. This could lead to remote information disclosure with no additional execution privileges needed. User interaction is not needed for exploitation.",
  "aliases": [
    "CVE-2021-27666"
  ],
  "modified": "2024-05-14T14:40:15Z",
  "published": "2021-10-01T00:00:00Z",
  "references": [
    {
      "type": "ADVISORY",
      "url": "https://source.android.com/security/bulletin/2021-10-01"
    }
  ],
  "affected": [
    {
      "package": {
        "name": ":unknown:",
        "ecosystem": "Android"
      },
      "ranges": [
        {
          "type": "ECOSYSTEM",
          "events": [
            {
              "introduced": ":0"
            },
            {
              "fixed": ":2021-10-05"
            }
          ]
        }
      ],
      "versions": [
        "Device specific"
      ],
      "ecosystem_specific": {
        "spl": "2021-10-05",
        "types": [
          "ID"
        ],
        "severity": "High"
      },
      "database_specific": {
        "source": "https://storage.googleapis.com/android-osv/ASB-A-180401789.json"
      }
    }
  ],
  "schema_version": "1.6.0"
}