{
  "id": "ASB-A-174626251",
  "summary": "Bluetooth security notice (VU#799380.7 TLP:AMBER)",
  "details": "In btm_sec_pin_code_request of btm_sec.cc, there is a possible bypass of Bluetooth pairing pin-code due to improperly used crypto. This could lead to remote escalation of privilege with no additional execution privileges needed. User interaction is needed for exploitation.",
  "aliases": [
    "CVE-2020-26555"
  ],
  "modified": "2024-05-14T14:40:15Z",
  "published": "2021-06-01T00:00:00Z",
  "references": [
    {
      "type": "ADVISORY",
      "url": "https://source.android.com/security/bulletin/2021-06-01"
    },
    {
      "type": "FIX",
      "url": "https://android.googlesource.com/platform/system/bt/+/374bb0401a5649af4a97e8d8c7373c7daf37f6ac"
    }
  ],
  "affected": [
    {
      "package": {
        "name": "platform/system/bt",
        "ecosystem": "Android"
      },
      "ranges": [
        {
          "type": "ECOSYSTEM",
          "events": [
            {
              "introduced": "8.1:0"
            },
            {
              "fixed": "8.1:2021-06-05"
            },
            {
              "introduced": "9:0"
            },
            {
              "fixed": "9:2021-06-05"
            },
            {
              "introduced": "10:0"
            },
            {
              "fixed": "10:2021-06-05"
            },
            {
              "introduced": "11:0"
            },
            {
              "fixed": "11:2021-06-05"
            }
          ]
        }
      ],
      "versions": [
        "8.1",
        "9",
        "10",
        "11"
      ],
      "ecosystem_specific": {
        "fixes": [
          "https://android.googlesource.com/platform/system/bt/+/374bb0401a5649af4a97e8d8c7373c7daf37f6ac"
        ],
        "spl": "2021-06-05",
        "types": [
          "EoP"
        ],
        "severity": "High"
      },
      "database_specific": {
        "source": "https://storage.googleapis.com/android-osv/ASB-A-174626251.json"
      }
    }
  ],
  "schema_version": "1.6.0"
}