{
  "id": "ASB-A-156261521",
  "summary": "OOB Write in libskia (dng_lossless_jpeg.cpp)",
  "details": "In DecodeImage of dng_lossless_jpeg.cpp, there is a possible out of bounds read due to an incorrect bounds check. This could lead to remote code execution with no additional execution privileges needed. User interaction is not needed for exploitation.",
  "aliases": [
    "CVE-2020-9589"
  ],
  "modified": "2024-05-14T14:40:15Z",
  "published": "2020-07-01T00:00:00Z",
  "references": [
    {
      "type": "ADVISORY",
      "url": "https://source.android.com/security/bulletin/2020-07-01"
    },
    {
      "type": "FIX",
      "url": "https://android.googlesource.com/platform/external/dng_sdk/+/2e8f1f0dc5ca3db8a7035938752dd230608e17ab"
    }
  ],
  "affected": [
    {
      "package": {
        "name": "platform/external/dng_sdk",
        "ecosystem": "Android"
      },
      "ranges": [
        {
          "type": "ECOSYSTEM",
          "events": [
            {
              "introduced": "8.0:0"
            },
            {
              "fixed": "8.0:2020-07-01"
            },
            {
              "introduced": "8.1:0"
            },
            {
              "fixed": "8.1:2020-07-01"
            },
            {
              "introduced": "9:0"
            },
            {
              "fixed": "9:2020-07-01"
            },
            {
              "introduced": "10:0"
            },
            {
              "fixed": "10:2020-07-01"
            }
          ]
        }
      ],
      "versions": [
        "8.0",
        "8.1",
        "9",
        "10"
      ],
      "ecosystem_specific": {
        "fixes": [
          "https://android.googlesource.com/platform/external/dng_sdk/+/2e8f1f0dc5ca3db8a7035938752dd230608e17ab"
        ],
        "spl": "2020-07-01",
        "types": [
          "RCE"
        ],
        "severity": "Critical"
      },
      "database_specific": {
        "source": "https://storage.googleapis.com/android-osv/ASB-A-156261521.json"
      }
    }
  ],
  "schema_version": "1.6.0"
}