{
  "id": "ASB-A-169933423",
  "summary": "The map that stores device locked status of a user in keystore is not synchronized",
  "details": "In is_device_locked and set_device_locked of keystore_keymaster_enforcement.h, there is a possible bypass of lockscreen requirements for keyguard bound keys due to a race condition. This could lead to local information disclosure with no additional execution privileges needed. User interaction is not needed for exploitation.",
  "aliases": [
    "CVE-2021-0320"
  ],
  "modified": "2024-05-14T14:40:15Z",
  "published": "2021-01-01T00:00:00Z",
  "references": [
    {
      "type": "ADVISORY",
      "url": "https://source.android.com/security/bulletin/2021-01-01"
    },
    {
      "type": "FIX",
      "url": "https://android.googlesource.com/platform/system/security/+/33b83f6f3211358568894f48e2aa03c8851e11b7"
    }
  ],
  "affected": [
    {
      "package": {
        "name": "platform/system/security",
        "ecosystem": "Android"
      },
      "ranges": [
        {
          "type": "ECOSYSTEM",
          "events": [
            {
              "introduced": "10:0"
            },
            {
              "fixed": "10:2021-01-01"
            },
            {
              "introduced": "11:0"
            },
            {
              "fixed": "11:2021-01-01"
            }
          ]
        }
      ],
      "versions": [
        "10",
        "11"
      ],
      "ecosystem_specific": {
        "fixes": [
          "https://android.googlesource.com/platform/system/security/+/33b83f6f3211358568894f48e2aa03c8851e11b7"
        ],
        "spl": "2021-01-01",
        "types": [
          "ID"
        ],
        "severity": "High"
      },
      "database_specific": {
        "source": "https://storage.googleapis.com/android-osv/ASB-A-169933423.json"
      }
    }
  ],
  "schema_version": "1.6.0"
}