{
  "id": "ASB-A-175213041",
  "summary": "Wifi SSID and BSSID leak to preloaded apps without location permission and user consent",
  "details": "In sendNetworkConditionsBroadcast of NetworkMonitor.java, there is a possible way for a privileged app to receive WiFi BSSID and SSID without location permissions due to a missing permission check. This could lead to local information disclosure with System execution privileges needed. User interaction is not needed for exploitation.",
  "aliases": [
    "CVE-2021-0590"
  ],
  "modified": "2024-05-14T14:40:15Z",
  "published": "2021-07-01T00:00:00Z",
  "references": [
    {
      "type": "ADVISORY",
      "url": "https://source.android.com/security/bulletin/2021-07-01"
    },
    {
      "type": "FIX",
      "url": "https://android.googlesource.com/platform/frameworks/base/+/63c67f0304d973f8f26e77b866eda2b1d34340d3"
    },
    {
      "type": "FIX",
      "url": "https://android.googlesource.com/platform/packages/modules/NetworkStack/+/94eb94069bfcee96196d5409beab86c4b1f0407b"
    }
  ],
  "affected": [
    {
      "package": {
        "name": "platform/frameworks/base",
        "ecosystem": "Android"
      },
      "ranges": [
        {
          "type": "ECOSYSTEM",
          "events": [
            {
              "introduced": "8.1:0"
            },
            {
              "fixed": "8.1:2021-07-01"
            },
            {
              "introduced": "9:0"
            },
            {
              "fixed": "9:2021-07-01"
            },
            {
              "introduced": "10:0"
            },
            {
              "fixed": "10:2021-07-01"
            },
            {
              "introduced": "11:0"
            },
            {
              "fixed": "11:2021-07-01"
            }
          ]
        }
      ],
      "versions": [
        "8.1",
        "9",
        "10",
        "11"
      ],
      "ecosystem_specific": {
        "fixes": [
          "https://android.googlesource.com/platform/frameworks/base/+/63c67f0304d973f8f26e77b866eda2b1d34340d3"
        ],
        "spl": "2021-07-01",
        "types": [
          "ID"
        ],
        "severity": "High"
      },
      "database_specific": {
        "source": "https://storage.googleapis.com/android-osv/ASB-A-175213041.json"
      }
    },
    {
      "package": {
        "name": "platform/packages/modules/NetworkStack",
        "ecosystem": "Android"
      },
      "ranges": [
        {
          "type": "ECOSYSTEM",
          "events": [
            {
              "introduced": "8.1:0"
            },
            {
              "fixed": "8.1:2021-07-01"
            },
            {
              "introduced": "9:0"
            },
            {
              "fixed": "9:2021-07-01"
            },
            {
              "introduced": "10:0"
            },
            {
              "fixed": "10:2021-07-01"
            },
            {
              "introduced": "11:0"
            },
            {
              "fixed": "11:2021-07-01"
            }
          ]
        }
      ],
      "versions": [
        "8.1",
        "9",
        "10",
        "11"
      ],
      "ecosystem_specific": {
        "fixes": [
          "https://android.googlesource.com/platform/packages/modules/NetworkStack/+/94eb94069bfcee96196d5409beab86c4b1f0407b"
        ],
        "spl": "2021-07-01",
        "types": [
          "ID"
        ],
        "severity": "High"
      },
      "database_specific": {
        "source": "https://storage.googleapis.com/android-osv/ASB-A-175213041.json"
      }
    }
  ],
  "schema_version": "1.6.0"
}