{
  "id": "ASB-A-134155286",
  "summary": "IsoInterface should handle 64-bit box lengths",
  "details": "In parseNextBox of IsoInterface.java, there is a possible leak of unredacted location information due to improper input validation. This could lead to remote information disclosure with no additional execution privileges needed. User interaction is needed for exploitation.",
  "aliases": [
    "CVE-2021-0340"
  ],
  "modified": "2024-05-14T14:40:15Z",
  "published": "2021-02-01T00:00:00Z",
  "references": [
    {
      "type": "ADVISORY",
      "url": "https://source.android.com/security/bulletin/2021-02-01"
    },
    {
      "type": "FIX",
      "url": "https://android.googlesource.com/platform/packages/providers/MediaProvider/+/f44d9bc12acec4e7ad42b441817a99bd2223d062"
    }
  ],
  "affected": [
    {
      "package": {
        "name": "platform/packages/providers/MediaProvider",
        "ecosystem": "Android"
      },
      "ranges": [
        {
          "type": "ECOSYSTEM",
          "events": [
            {
              "introduced": "10:0"
            },
            {
              "fixed": "10:2021-02-01"
            },
            {
              "introduced": "11:0"
            },
            {
              "fixed": "11:2021-02-01"
            }
          ]
        }
      ],
      "versions": [
        "10",
        "11"
      ],
      "ecosystem_specific": {
        "fixes": [
          "https://android.googlesource.com/platform/packages/providers/MediaProvider/+/f44d9bc12acec4e7ad42b441817a99bd2223d062"
        ],
        "spl": "2021-02-01",
        "types": [
          "EoP"
        ],
        "severity": "High"
      },
      "database_specific": {
        "source": "https://storage.googleapis.com/android-osv/ASB-A-134155286.json"
      }
    }
  ],
  "schema_version": "1.6.0"
}