{
  "id": "ASB-A-192472262",
  "summary": "NFC: Type confusion due to race condition during tag type change",
  "details": "In RW_SetActivatedTagType of rw_main.cc, there is possible memory corruption due to a race condition. This could lead to remote code execution with no additional execution privileges needed. User interaction is not needed for exploitation.",
  "aliases": [
    "CVE-2021-0870"
  ],
  "modified": "2024-05-14T14:40:15Z",
  "published": "2021-10-01T00:00:00Z",
  "references": [
    {
      "type": "ADVISORY",
      "url": "https://source.android.com/security/bulletin/2021-10-01"
    },
    {
      "type": "FIX",
      "url": "https://android.googlesource.com/platform/system/nfc/+/90111073522a65d47defa5e38813f0ea1af6d55b"
    }
  ],
  "affected": [
    {
      "package": {
        "name": "platform/system/nfc",
        "ecosystem": "Android"
      },
      "ranges": [
        {
          "type": "ECOSYSTEM",
          "events": [
            {
              "introduced": "8.1:0"
            },
            {
              "fixed": "8.1:2021-10-05"
            },
            {
              "introduced": "9:0"
            },
            {
              "fixed": "9:2021-10-05"
            },
            {
              "introduced": "10:0"
            },
            {
              "fixed": "10:2021-10-05"
            },
            {
              "introduced": "11:0"
            },
            {
              "fixed": "11:2021-10-05"
            }
          ]
        }
      ],
      "versions": [
        "8.1",
        "9",
        "10",
        "11"
      ],
      "ecosystem_specific": {
        "fixes": [
          "https://android.googlesource.com/platform/system/nfc/+/90111073522a65d47defa5e38813f0ea1af6d55b"
        ],
        "spl": "2021-10-05",
        "types": [
          "RCE"
        ],
        "severity": "Critical"
      },
      "database_specific": {
        "source": "https://storage.googleapis.com/android-osv/ASB-A-192472262.json"
      }
    }
  ],
  "schema_version": "1.6.0"
}