{
  "id": "ASB-A-170646036",
  "summary": "Broken Permission Check",
  "details": "In deletePackageX of DeletePackageHelper.java, there is a possible way for a Guest user to reset pre-loaded applications for other users due to a permissions bypass. This could lead to local escalation of privilege with no additional execution privileges needed. User interaction is not needed for exploitation.",
  "aliases": [
    "CVE-2022-20124"
  ],
  "modified": "2024-05-14T14:40:15Z",
  "published": "2022-12-01T00:00:00Z",
  "references": [
    {
      "type": "ADVISORY",
      "url": "https://source.android.com/security/bulletin/2022-12-01"
    },
    {
      "type": "FIX",
      "url": "https://android.googlesource.com/platform/frameworks/base/+/ae313d6d4082089798d067f318eb068cfb6bd15d"
    }
  ],
  "affected": [
    {
      "package": {
        "name": "platform/frameworks/base",
        "ecosystem": "Android"
      },
      "ranges": [
        {
          "type": "ECOSYSTEM",
          "events": [
            {
              "introduced": "10:0"
            },
            {
              "fixed": "10:2022-12-01"
            },
            {
              "introduced": "11:0"
            },
            {
              "fixed": "11:2022-12-01"
            },
            {
              "introduced": "12:0"
            },
            {
              "fixed": "12:2022-12-01"
            },
            {
              "introduced": "12L:0"
            },
            {
              "fixed": "12L:2022-12-01"
            },
            {
              "introduced": "13:0"
            },
            {
              "fixed": "13:2022-12-01"
            }
          ]
        }
      ],
      "versions": [
        "10",
        "11",
        "12",
        "12L",
        "13"
      ],
      "ecosystem_specific": {
        "fixes": [
          "https://android.googlesource.com/platform/frameworks/base/+/ae313d6d4082089798d067f318eb068cfb6bd15d"
        ],
        "spl": "2022-12-01",
        "types": [
          "EoP"
        ],
        "severity": "High"
      },
      "database_specific": {
        "source": "https://storage.googleapis.com/android-osv/ASB-A-170646036.json"
      }
    }
  ],
  "schema_version": "1.6.0"
}