{
  "id": "ASB-A-168802990",
  "summary": "[an OOB write vuln of libbluetooth.so ]",
  "details": "In avrc_pars_vendor_cmd of avrc_pars_tg.cc, there is a possible out of bounds write due to a missing bounds check. This could lead to remote code execution over Bluetooth with no additional execution privileges needed. User interaction is not needed for exploitation.",
  "aliases": [
    "CVE-2021-0316"
  ],
  "modified": "2024-05-14T14:40:15Z",
  "published": "2021-01-01T00:00:00Z",
  "references": [
    {
      "type": "ADVISORY",
      "url": "https://source.android.com/security/bulletin/2021-01-01"
    },
    {
      "type": "FIX",
      "url": "https://android.googlesource.com/platform/system/bt/+/f328ab46d5419632aec221f95b186ec71077176e"
    }
  ],
  "affected": [
    {
      "package": {
        "name": "platform/system/bt",
        "ecosystem": "Android"
      },
      "ranges": [
        {
          "type": "ECOSYSTEM",
          "events": [
            {
              "introduced": "8.0:0"
            },
            {
              "fixed": "8.0:2021-01-01"
            },
            {
              "introduced": "8.1:0"
            },
            {
              "fixed": "8.1:2021-01-01"
            },
            {
              "introduced": "9:0"
            },
            {
              "fixed": "9:2021-01-01"
            },
            {
              "introduced": "10:0"
            },
            {
              "fixed": "10:2021-01-01"
            },
            {
              "introduced": "11:0"
            },
            {
              "fixed": "11:2021-01-01"
            }
          ]
        }
      ],
      "versions": [
        "8.0",
        "8.1",
        "9",
        "10",
        "11"
      ],
      "ecosystem_specific": {
        "fixes": [
          "https://android.googlesource.com/platform/system/bt/+/f328ab46d5419632aec221f95b186ec71077176e"
        ],
        "spl": "2021-01-01",
        "types": [
          "RCE"
        ],
        "severity": "Critical"
      },
      "database_specific": {
        "source": "https://storage.googleapis.com/android-osv/ASB-A-168802990.json"
      }
    }
  ],
  "schema_version": "1.6.0"
}