{
  "id": "ASB-A-153879813",
  "summary": "privilege escalation through custom permissions with the \"android.permission-group.UNDEFINED\" attribute",
  "details": "In getPermissionInfosForGroup of Utils.java, there is a logic error. This could lead to local escalation of privilege with User execution privileges needed. User interaction is not needed for exploitation.",
  "aliases": [
    "CVE-2020-0418"
  ],
  "modified": "2024-05-14T14:40:15Z",
  "published": "2020-11-01T00:00:00Z",
  "references": [
    {
      "type": "ADVISORY",
      "url": "https://source.android.com/security/bulletin/2020-11-01"
    },
    {
      "type": "FIX",
      "url": "https://android.googlesource.com/platform/packages/apps/PackageInstaller/+/5148967312f4d59c456160463bbf120cf58abba2"
    }
  ],
  "affected": [
    {
      "package": {
        "name": "platform/packages/apps/PackageInstaller",
        "ecosystem": "Android"
      },
      "ranges": [
        {
          "type": "ECOSYSTEM",
          "events": [
            {
              "introduced": "8.0:0"
            },
            {
              "fixed": "8.0:2020-11-01"
            },
            {
              "introduced": "8.1:0"
            },
            {
              "fixed": "8.1:2020-11-01"
            },
            {
              "introduced": "9:0"
            },
            {
              "fixed": "9:2020-11-01"
            },
            {
              "introduced": "10:0"
            },
            {
              "fixed": "10:2020-11-01"
            },
            {
              "introduced": "11:0"
            },
            {
              "fixed": "11:2020-11-01"
            }
          ]
        }
      ],
      "versions": [
        "8.0",
        "8.1",
        "9",
        "10",
        "11"
      ],
      "ecosystem_specific": {
        "fixes": [
          "https://android.googlesource.com/platform/packages/apps/PackageInstaller/+/5148967312f4d59c456160463bbf120cf58abba2"
        ],
        "spl": "2020-11-01",
        "types": [
          "EoP"
        ],
        "severity": "High"
      },
      "database_specific": {
        "source": "https://storage.googleapis.com/android-osv/ASB-A-153879813.json"
      }
    }
  ],
  "schema_version": "1.6.0"
}