{
  "id": "ASB-A-169342531",
  "summary": "bluetooth stack information disclosure",
  "details": "In sdp_server_handle_client_req of sdp_server.cc, there is a possible out of bounds read due to a missing bounds check. This could lead to remote information disclosure from the bluetooth server with no additional execution privileges needed. User interaction is not needed for exploitation.",
  "aliases": [
    "CVE-2020-0463"
  ],
  "modified": "2024-05-14T14:40:15Z",
  "published": "2020-12-01T00:00:00Z",
  "references": [
    {
      "type": "ADVISORY",
      "url": "https://source.android.com/security/bulletin/2020-12-01"
    },
    {
      "type": "FIX",
      "url": "https://android.googlesource.com/platform/system/bt/+/938a5cd87c38bf35d15ffa3414c3a74faecb8bf8"
    }
  ],
  "affected": [
    {
      "package": {
        "name": "platform/system/bt",
        "ecosystem": "Android"
      },
      "ranges": [
        {
          "type": "ECOSYSTEM",
          "events": [
            {
              "introduced": "8.0:0"
            },
            {
              "fixed": "8.0:2020-12-01"
            },
            {
              "introduced": "8.1:0"
            },
            {
              "fixed": "8.1:2020-12-01"
            },
            {
              "introduced": "9:0"
            },
            {
              "fixed": "9:2020-12-01"
            },
            {
              "introduced": "10:0"
            },
            {
              "fixed": "10:2020-12-01"
            },
            {
              "introduced": "11:0"
            },
            {
              "fixed": "11:2020-12-01"
            }
          ]
        }
      ],
      "versions": [
        "8.0",
        "8.1",
        "9",
        "10",
        "11"
      ],
      "ecosystem_specific": {
        "fixes": [
          "https://android.googlesource.com/platform/system/bt/+/938a5cd87c38bf35d15ffa3414c3a74faecb8bf8"
        ],
        "spl": "2020-12-01",
        "types": [
          "ID"
        ],
        "severity": "High"
      },
      "database_specific": {
        "source": "https://storage.googleapis.com/android-osv/ASB-A-169342531.json"
      }
    }
  ],
  "schema_version": "1.6.0"
}