{
  "id": "ASB-A-219498290",
  "summary": "Proxy PAC URL can use several URL schemes, including file: and jar:",
  "details": "In get of PacProxyService.java, there is a possible system service crash due to improper input validation. This could lead to local denial of service with User execution privileges needed. User interaction is not needed for exploitation.",
  "aliases": [
    "CVE-2022-20355"
  ],
  "modified": "2024-05-14T14:40:15Z",
  "published": "2022-08-01T00:00:00Z",
  "references": [
    {
      "type": "ADVISORY",
      "url": "https://source.android.com/security/bulletin/2022-08-01"
    },
    {
      "type": "FIX",
      "url": "https://android.googlesource.com/platform/frameworks/base/+/d8f82ebc74c75baeda86f132ddb2096a894ec199"
    },
    {
      "type": "FIX",
      "url": "https://android.googlesource.com/platform/frameworks/base/+/6390b37a3b32fc7583154d53fda3af8fbd95f59f"
    }
  ],
  "affected": [
    {
      "package": {
        "name": "platform/frameworks/base",
        "ecosystem": "Android"
      },
      "ranges": [
        {
          "type": "ECOSYSTEM",
          "events": [
            {
              "introduced": "10:0"
            },
            {
              "fixed": "10:2022-08-01"
            },
            {
              "introduced": "11:0"
            },
            {
              "fixed": "11:2022-08-01"
            },
            {
              "introduced": "12:0"
            },
            {
              "fixed": "12:2022-08-01"
            },
            {
              "introduced": "12L:0"
            },
            {
              "fixed": "12L:2022-08-01"
            }
          ]
        }
      ],
      "versions": [
        "10",
        "11",
        "12",
        "12L"
      ],
      "ecosystem_specific": {
        "fixes": [
          "https://android.googlesource.com/platform/frameworks/base/+/d8f82ebc74c75baeda86f132ddb2096a894ec199",
          "https://android.googlesource.com/platform/frameworks/base/+/6390b37a3b32fc7583154d53fda3af8fbd95f59f"
        ],
        "spl": "2022-08-01",
        "types": [
          "DoS"
        ],
        "severity": "High"
      },
      "database_specific": {
        "source": "https://storage.googleapis.com/android-osv/ASB-A-219498290.json"
      }
    }
  ],
  "schema_version": "1.6.0"
}