{
  "id": "ASB-A-179687208",
  "summary": "Memory Disclosure, OOB Write, and Double Free in NFC's Felica Tag Handling",
  "details": "In rw_t3t_process_error of rw_t3t.cc, there is a possible double free due to uninitialized data. This could lead to remote code execution over NFC with no additional execution privileges needed. User interaction is not needed for exploitation.",
  "aliases": [
    "CVE-2021-0473"
  ],
  "modified": "2024-05-14T14:40:15Z",
  "published": "2021-05-01T00:00:00Z",
  "references": [
    {
      "type": "ADVISORY",
      "url": "https://source.android.com/security/bulletin/2021-05-01"
    },
    {
      "type": "FIX",
      "url": "https://android.googlesource.com/platform/system/nfc/+/cd0f77f71ff4166529fc22aa7db6c32dbb1d2c1c"
    }
  ],
  "affected": [
    {
      "package": {
        "name": "platform/system/nfc",
        "ecosystem": "Android"
      },
      "ranges": [
        {
          "type": "ECOSYSTEM",
          "events": [
            {
              "introduced": "8.1:0"
            },
            {
              "fixed": "8.1:2021-05-01"
            },
            {
              "introduced": "9:0"
            },
            {
              "fixed": "9:2021-05-01"
            },
            {
              "introduced": "10:0"
            },
            {
              "fixed": "10:2021-05-01"
            },
            {
              "introduced": "11:0"
            },
            {
              "fixed": "11:2021-05-01"
            }
          ]
        }
      ],
      "versions": [
        "8.1",
        "9",
        "10",
        "11"
      ],
      "ecosystem_specific": {
        "fixes": [
          "https://android.googlesource.com/platform/system/nfc/+/cd0f77f71ff4166529fc22aa7db6c32dbb1d2c1c"
        ],
        "spl": "2021-05-01",
        "types": [
          "RCE"
        ],
        "severity": "Critical"
      },
      "database_specific": {
        "source": "https://storage.googleapis.com/android-osv/ASB-A-179687208.json"
      }
    }
  ],
  "schema_version": "1.6.0"
}