{
  "id": "ASB-A-212694559",
  "summary": "[Potential OOB read in Bluetooth L2CAP]",
  "details": "In l2cble_process_sig_cmd of l2c_ble.cc, there is a possible out of bounds read due to a missing bounds check. This could lead to remote information disclosure through Bluetooth with no additional execution privileges needed. User interaction is not needed for exploitation.",
  "aliases": [
    "CVE-2021-39805"
  ],
  "modified": "2024-05-14T14:40:15Z",
  "published": "2022-04-01T00:00:00Z",
  "references": [
    {
      "type": "ADVISORY",
      "url": "https://source.android.com/security/bulletin/2022-04-01"
    },
    {
      "type": "FIX",
      "url": "https://android.googlesource.com/platform/system/bt/+/1e38a411e70f7f9fa6b78e4e75479e818f20e401"
    }
  ],
  "affected": [
    {
      "package": {
        "name": "platform/system/bt",
        "ecosystem": "Android"
      },
      "ranges": [
        {
          "type": "ECOSYSTEM",
          "events": [
            {
              "introduced": "12:0"
            },
            {
              "fixed": "12:2022-04-01"
            },
            {
              "introduced": "12L:0"
            },
            {
              "fixed": "12L:2022-04-01"
            }
          ]
        }
      ],
      "versions": [
        "12",
        "12L"
      ],
      "ecosystem_specific": {
        "fixes": [
          "https://android.googlesource.com/platform/system/bt/+/1e38a411e70f7f9fa6b78e4e75479e818f20e401"
        ],
        "spl": "2022-04-01",
        "types": [
          "ID"
        ],
        "severity": "High"
      },
      "database_specific": {
        "source": "https://storage.googleapis.com/android-osv/ASB-A-212694559.json"
      }
    }
  ],
  "schema_version": "1.6.0"
}