{
  "id": "ASB-A-181346550",
  "summary": "Potential out of bound in phNciNfc_RecvMfResp of phNxpExtns_MifareStd",
  "details": "In phNciNfc_RecvMfResp of phNxpExtns_MifareStd.cpp, there is a possible out of bounds read due to a missing bounds check. This could lead to remote information disclosure over NFC with no additional execution privileges needed. User interaction is not needed for exploitation.",
  "aliases": [
    "CVE-2021-0596"
  ],
  "modified": "2024-05-14T14:40:15Z",
  "published": "2021-07-01T00:00:00Z",
  "references": [
    {
      "type": "ADVISORY",
      "url": "https://source.android.com/security/bulletin/2021-07-01"
    },
    {
      "type": "FIX",
      "url": "https://android.googlesource.com/platform/packages/apps/Nfc/+/61750f1181ace3ca390489599e36f0e3b725afb0"
    }
  ],
  "affected": [
    {
      "package": {
        "name": "platform/packages/apps/Nfc",
        "ecosystem": "Android"
      },
      "ranges": [
        {
          "type": "ECOSYSTEM",
          "events": [
            {
              "introduced": "8.1:0"
            },
            {
              "fixed": "8.1:2021-07-01"
            },
            {
              "introduced": "9:0"
            },
            {
              "fixed": "9:2021-07-01"
            },
            {
              "introduced": "10:0"
            },
            {
              "fixed": "10:2021-07-01"
            },
            {
              "introduced": "11:0"
            },
            {
              "fixed": "11:2021-07-01"
            }
          ]
        }
      ],
      "versions": [
        "8.1",
        "9",
        "10",
        "11"
      ],
      "ecosystem_specific": {
        "fixes": [
          "https://android.googlesource.com/platform/packages/apps/Nfc/+/61750f1181ace3ca390489599e36f0e3b725afb0"
        ],
        "spl": "2021-07-01",
        "types": [
          "ID"
        ],
        "severity": "High"
      },
      "database_specific": {
        "source": "https://storage.googleapis.com/android-osv/ASB-A-181346550.json"
      }
    }
  ],
  "schema_version": "1.6.0"
}