{
  "id": "ASB-A-151095863",
  "summary": "MediaStore / Storage Access Framework metadata issues",
  "details": "In getDocumentMetadata of DocumentsContract.java, there is a possible disclosure of location metadata from a file due to a permissions bypass. This could lead to local information disclosure from a file (eg. a photo) containing location metadata with no additional execution privileges needed. User interaction is not needed for exploitation.",
  "aliases": [
    "CVE-2020-0239"
  ],
  "modified": "2024-05-14T14:40:15Z",
  "published": "2020-08-01T00:00:00Z",
  "references": [
    {
      "type": "ADVISORY",
      "url": "https://source.android.com/security/bulletin/2020-08-01"
    },
    {
      "type": "FIX",
      "url": "https://android.googlesource.com/platform/frameworks/base/+/556de438237965857fde874d22aff0c4232d4d99"
    }
  ],
  "affected": [
    {
      "package": {
        "name": "platform/frameworks/base",
        "ecosystem": "Android"
      },
      "ranges": [
        {
          "type": "ECOSYSTEM",
          "events": [
            {
              "introduced": "9:0"
            },
            {
              "fixed": "9:2020-08-01"
            },
            {
              "introduced": "10:0"
            },
            {
              "fixed": "10:2020-08-01"
            }
          ]
        }
      ],
      "versions": [
        "9",
        "10"
      ],
      "ecosystem_specific": {
        "fixes": [
          "https://android.googlesource.com/platform/frameworks/base/+/556de438237965857fde874d22aff0c4232d4d99"
        ],
        "spl": "2020-08-01",
        "types": [
          "ID"
        ],
        "severity": "High"
      },
      "database_specific": {
        "source": "https://storage.googleapis.com/android-osv/ASB-A-151095863.json"
      }
    }
  ],
  "schema_version": "1.6.0"
}