{
  "id": "ASB-A-161362564",
  "summary": "OOB read in DNS Resolver",
  "details": "In send_vc of res_send.cpp, there is a possible out of bounds read due to an incorrect bounds check. This could lead to local information disclosure with no additional execution privileges needed. User interaction is not needed for exploitation.",
  "aliases": [
    "CVE-2020-0424"
  ],
  "modified": "2024-05-14T14:40:15Z",
  "published": "2020-11-01T00:00:00Z",
  "references": [
    {
      "type": "ADVISORY",
      "url": "https://source.android.com/security/bulletin/2020-11-01"
    },
    {
      "type": "FIX",
      "url": "https://android.googlesource.com/platform/packages/modules/DnsResolver/+/a9e6f1dffd84ca758721d9cacd08acb49af0a331"
    }
  ],
  "affected": [
    {
      "package": {
        "name": "platform/packages/modules/DnsResolver",
        "ecosystem": "Android"
      },
      "ranges": [
        {
          "type": "ECOSYSTEM",
          "events": [
            {
              "introduced": "9:0"
            },
            {
              "fixed": "9:2020-11-01"
            },
            {
              "introduced": "10:0"
            },
            {
              "fixed": "10:2020-11-01"
            },
            {
              "introduced": "11:0"
            },
            {
              "fixed": "11:2020-11-01"
            }
          ]
        }
      ],
      "versions": [
        "9",
        "10",
        "11"
      ],
      "ecosystem_specific": {
        "fixes": [
          "https://android.googlesource.com/platform/packages/modules/DnsResolver/+/a9e6f1dffd84ca758721d9cacd08acb49af0a331"
        ],
        "spl": "2020-11-01",
        "types": [
          "ID"
        ],
        "severity": "High"
      },
      "database_specific": {
        "source": "https://storage.googleapis.com/android-osv/ASB-A-161362564.json"
      }
    }
  ],
  "schema_version": "1.6.0"
}