{
  "id": "ASB-A-176237595",
  "summary": "[heap-use-after-free in frameworks/av/drm/mediadrm/plugins/clearkey/hidl/MemoryFileSystem.cpp#75]",
  "details": "In several functions of MemoryFileSystem.cpp and related files, there is a possible use after free due to a race condition. This could lead to local escalation of privilege with no additional execution privileges needed. User interaction is not needed for exploitation.",
  "aliases": [
    "CVE-2021-0520"
  ],
  "modified": "2024-05-14T14:40:15Z",
  "published": "2021-06-01T00:00:00Z",
  "references": [
    {
      "type": "ADVISORY",
      "url": "https://source.android.com/security/bulletin/2021-06-01"
    },
    {
      "type": "FIX",
      "url": "https://android.googlesource.com/platform/frameworks/av/+/3b1141d44f448ea9a528ff8af8f128686c35039d"
    }
  ],
  "affected": [
    {
      "package": {
        "name": "platform/frameworks/av",
        "ecosystem": "Android"
      },
      "ranges": [
        {
          "type": "ECOSYSTEM",
          "events": [
            {
              "introduced": "10:0"
            },
            {
              "fixed": "10:2021-06-01"
            },
            {
              "introduced": "11:0"
            },
            {
              "fixed": "11:2021-06-01"
            }
          ]
        }
      ],
      "versions": [
        "10",
        "11"
      ],
      "ecosystem_specific": {
        "fixes": [
          "https://android.googlesource.com/platform/frameworks/av/+/3b1141d44f448ea9a528ff8af8f128686c35039d"
        ],
        "spl": "2021-06-01",
        "types": [
          "EoP"
        ],
        "severity": "High"
      },
      "database_specific": {
        "source": "https://storage.googleapis.com/android-osv/ASB-A-176237595.json"
      }
    }
  ],
  "schema_version": "1.6.0"
}