{
  "id": "ASB-A-208279300",
  "summary": "Parcel reuse allows BAL bypass",
  "details": "In recycle of Parcel.java, there is a possible way to start foreground activity from background due to a permissions bypass. This could lead to local escalation of privilege with no additional execution privileges needed. User interaction is not needed for exploitation.",
  "aliases": [
    "CVE-2022-20197"
  ],
  "modified": "2024-05-14T14:40:15Z",
  "published": "2022-09-01T00:00:00Z",
  "references": [
    {
      "type": "ADVISORY",
      "url": "https://source.android.com/security/bulletin/2022-09-01"
    },
    {
      "type": "FIX",
      "url": "https://android.googlesource.com/platform/frameworks/base/+/011dda6e011aaba1112932576ae4080e10200d7c"
    }
  ],
  "affected": [
    {
      "package": {
        "name": "platform/frameworks/base",
        "ecosystem": "Android"
      },
      "ranges": [
        {
          "type": "ECOSYSTEM",
          "events": [
            {
              "introduced": "10:0"
            },
            {
              "fixed": "10:2022-09-01"
            },
            {
              "introduced": "11:0"
            },
            {
              "fixed": "11:2022-09-01"
            },
            {
              "introduced": "12:0"
            },
            {
              "fixed": "12:2022-09-01"
            },
            {
              "introduced": "12L:0"
            },
            {
              "fixed": "12L:2022-09-01"
            }
          ]
        }
      ],
      "versions": [
        "10",
        "11",
        "12",
        "12L"
      ],
      "ecosystem_specific": {
        "fixes": [
          "https://android.googlesource.com/platform/frameworks/base/+/011dda6e011aaba1112932576ae4080e10200d7c"
        ],
        "spl": "2022-09-01",
        "types": [
          "EoP"
        ],
        "severity": "Moderate"
      },
      "database_specific": {
        "source": "https://storage.googleapis.com/android-osv/ASB-A-208279300.json"
      }
    }
  ],
  "schema_version": "1.6.0"
}