{
  "id": "ASB-A-206128341",
  "summary": "[Crafted GATT Notification Request Packet Causes Out-of-bounds Read/Write in Bluetooth]",
  "details": "In gatt_process_notification of gatt_cl.cc, there is a possible out of bounds write due to an incorrect bounds check. This could lead to remote escalation of privilege with no additional execution privileges needed. User interaction is not needed for exploitation.",
  "aliases": [
    "CVE-2021-39708"
  ],
  "modified": "2024-05-14T14:40:15Z",
  "published": "2022-03-01T00:00:00Z",
  "references": [
    {
      "type": "ADVISORY",
      "url": "https://source.android.com/security/bulletin/2022-03-01"
    }
  ],
  "affected": [
    {
      "package": {
        "name": ":unknown:",
        "ecosystem": "Android"
      },
      "ranges": [
        {
          "type": "ECOSYSTEM",
          "events": [
            {
              "introduced": "12:0"
            },
            {
              "fixed": "12:2022-03-01"
            },
            {
              "introduced": "12L:0"
            },
            {
              "fixed": "12L:2022-03-01"
            }
          ]
        }
      ],
      "versions": [
        "12",
        "12L"
      ],
      "ecosystem_specific": {
        "spl": "2022-03-01",
        "types": [
          "EoP"
        ],
        "severity": "Critical"
      },
      "database_specific": {
        "source": "https://storage.googleapis.com/android-osv/ASB-A-206128341.json"
      }
    }
  ],
  "schema_version": "1.6.0"
}