{
  "id": "ASB-A-205570663",
  "summary": "[Crafted AVRCP Response Causes Out-of-bounds Read in Bluetooth]",
  "details": "In avrc_ctrl_pars_vendor_rsp of avrc_pars_ct.cc, there is a possible out of bounds read due to an integer overflow. This could lead to remote information disclosure with no additional execution privileges needed. User interaction is not needed for exploitation.",
  "aliases": [
    "CVE-2022-20410"
  ],
  "modified": "2024-05-14T14:40:15Z",
  "published": "2022-10-01T00:00:00Z",
  "references": [
    {
      "type": "ADVISORY",
      "url": "https://source.android.com/security/bulletin/2022-10-01"
    },
    {
      "type": "FIX",
      "url": "https://android.googlesource.com/platform/packages/modules/Bluetooth/+/089b7e344fc6b8a342278ec82ea31b74c1532d86"
    }
  ],
  "affected": [
    {
      "package": {
        "name": "platform/packages/modules/Bluetooth",
        "ecosystem": "Android"
      },
      "ranges": [
        {
          "type": "ECOSYSTEM",
          "events": [
            {
              "introduced": "10:0"
            },
            {
              "fixed": "10:2022-10-01"
            },
            {
              "introduced": "11:0"
            },
            {
              "fixed": "11:2022-10-01"
            },
            {
              "introduced": "12:0"
            },
            {
              "fixed": "12:2022-10-01"
            },
            {
              "introduced": "12L:0"
            },
            {
              "fixed": "12L:2022-10-01"
            },
            {
              "introduced": "13:0"
            },
            {
              "fixed": "13:2022-10-01"
            }
          ]
        }
      ],
      "versions": [
        "10",
        "11",
        "12",
        "12L",
        "13"
      ],
      "ecosystem_specific": {
        "fixes": [
          "https://android.googlesource.com/platform/packages/modules/Bluetooth/+/089b7e344fc6b8a342278ec82ea31b74c1532d86"
        ],
        "spl": "2022-10-01",
        "types": [
          "ID"
        ],
        "severity": "High"
      },
      "database_specific": {
        "source": "https://storage.googleapis.com/android-osv/ASB-A-205570663.json"
      }
    }
  ],
  "schema_version": "1.6.0"
}