{
  "id": "ASB-A-205702093",
  "summary": "Issue 40851 in oss-fuzz: libavc:avc_dec_fuzzer: Heap-buffer-overflow in ih264d_mark_err_slice_skip",
  "details": "In ih264d_parse_decode_slice of ih264d_parse_slice.c, there is a possible out of bounds write due to a heap buffer overflow. This could lead to remote information disclosure with no additional execution privileges needed. User interaction is needed for exploitation.",
  "aliases": [
    "CVE-2021-39667"
  ],
  "modified": "2024-05-14T14:40:15Z",
  "published": "2022-03-01T00:00:00Z",
  "references": [
    {
      "type": "ADVISORY",
      "url": "https://source.android.com/security/bulletin/2022-03-01"
    },
    {
      "type": "FIX",
      "url": "https://android.googlesource.com/platform/external/libavc/+/dc110841d6a3fb2f9c9f1af04b3b71da40fbd392"
    }
  ],
  "affected": [
    {
      "package": {
        "name": "platform/external/libavc",
        "ecosystem": "Android"
      },
      "ranges": [
        {
          "type": "ECOSYSTEM",
          "events": [
            {
              "introduced": "10:0"
            },
            {
              "fixed": "10:2022-03-01"
            },
            {
              "introduced": "11:0"
            },
            {
              "fixed": "11:2022-03-01"
            },
            {
              "introduced": "12:0"
            },
            {
              "fixed": "12:2022-03-01"
            },
            {
              "introduced": "12L:0"
            },
            {
              "fixed": "12L:2022-03-01"
            }
          ]
        }
      ],
      "versions": [
        "10",
        "11",
        "12",
        "12L"
      ],
      "ecosystem_specific": {
        "fixes": [
          "https://android.googlesource.com/platform/external/libavc/+/dc110841d6a3fb2f9c9f1af04b3b71da40fbd392"
        ],
        "spl": "2022-03-01",
        "types": [
          "ID"
        ],
        "severity": "High"
      },
      "database_specific": {
        "source": "https://storage.googleapis.com/android-osv/ASB-A-205702093.json"
      }
    }
  ],
  "schema_version": "1.6.0"
}