{
  "id": "ASB-A-205996517",
  "summary": "Surface level lock screen bypass with complete file system access",
  "details": "In mPreference of DefaultUsbConfigurationPreferenceController.java, there is a possible way to enable file transfer mode due to a logic error in the code. This could lead to local escalation of privilege with no additional execution privileges needed. User interaction is not needed for exploitation.",
  "aliases": [
    "CVE-2022-20113"
  ],
  "modified": "2024-05-14T14:40:15Z",
  "published": "2022-05-01T00:00:00Z",
  "references": [
    {
      "type": "ADVISORY",
      "url": "https://source.android.com/security/bulletin/2022-05-01"
    },
    {
      "type": "FIX",
      "url": "https://android.googlesource.com/platform/packages/apps/Settings/+/875f42e1d3a6ac5083f7f42c7d549a6e09e69484"
    }
  ],
  "affected": [
    {
      "package": {
        "name": "platform/packages/apps/Settings",
        "ecosystem": "Android"
      },
      "ranges": [
        {
          "type": "ECOSYSTEM",
          "events": [
            {
              "introduced": "12:0"
            },
            {
              "fixed": "12:2022-05-01"
            },
            {
              "introduced": "12L:0"
            },
            {
              "fixed": "12L:2022-05-01"
            }
          ]
        }
      ],
      "versions": [
        "12",
        "12L"
      ],
      "ecosystem_specific": {
        "fixes": [
          "https://android.googlesource.com/platform/packages/apps/Settings/+/875f42e1d3a6ac5083f7f42c7d549a6e09e69484"
        ],
        "spl": "2022-05-01",
        "types": [
          "EoP"
        ],
        "severity": "High"
      },
      "database_specific": {
        "source": "https://storage.googleapis.com/android-osv/ASB-A-205996517.json"
      }
    }
  ],
  "schema_version": "1.6.0"
}