{
  "id": "ASB-A-185259758",
  "summary": "android.hardware.audio-service - some potential related Thread UAFs",
  "details": "In StreamOut::prepareForWriting of StreamOut.cpp, there is a possible out of bounds write due to a use after free. This could lead to local escalation of privilege with no additional execution privileges needed. User interaction is not needed for exploitation.",
  "aliases": [
    "CVE-2021-0587"
  ],
  "modified": "2024-05-14T14:40:15Z",
  "published": "2021-07-01T00:00:00Z",
  "references": [
    {
      "type": "ADVISORY",
      "url": "https://source.android.com/security/bulletin/2021-07-01"
    },
    {
      "type": "FIX",
      "url": "https://android.googlesource.com/platform/hardware/interfaces/+/2f0fe27a2bfef0b5b4621009865ed6a8bae64447"
    }
  ],
  "affected": [
    {
      "package": {
        "name": "platform/hardware/interfaces",
        "ecosystem": "Android"
      },
      "ranges": [
        {
          "type": "ECOSYSTEM",
          "events": [
            {
              "introduced": "8.1:0"
            },
            {
              "fixed": "8.1:2021-07-01"
            },
            {
              "introduced": "9:0"
            },
            {
              "fixed": "9:2021-07-01"
            },
            {
              "introduced": "10:0"
            },
            {
              "fixed": "10:2021-07-01"
            },
            {
              "introduced": "11:0"
            },
            {
              "fixed": "11:2021-07-01"
            }
          ]
        }
      ],
      "versions": [
        "8.1",
        "9",
        "10",
        "11"
      ],
      "ecosystem_specific": {
        "fixes": [
          "https://android.googlesource.com/platform/hardware/interfaces/+/2f0fe27a2bfef0b5b4621009865ed6a8bae64447"
        ],
        "spl": "2021-07-01",
        "types": [
          "EoP"
        ],
        "severity": "High"
      },
      "database_specific": {
        "source": "https://storage.googleapis.com/android-osv/ASB-A-185259758.json"
      }
    }
  ],
  "schema_version": "1.6.0"
}