{
  "id": "ASB-A-154123412",
  "summary": "[SEGV in CryptoPlugin::decrypt_1_2 at frameworks/av/drm/mediadrm/plugins/clearkey/hidl/CryptoPlugin.cpp#183]",
  "details": "In decrypt and decrypt_1_2 of CryptoPlugin.cpp, there is a possible out of bounds read due to a missing bounds check. This could lead to local information disclosure with no additional execution privileges needed. User interaction is not needed for exploitation.",
  "aliases": [
    "CVE-2020-0393"
  ],
  "modified": "2024-05-14T14:40:15Z",
  "published": "2020-09-01T00:00:00Z",
  "references": [
    {
      "type": "ADVISORY",
      "url": "https://source.android.com/security/bulletin/2020-09-01"
    },
    {
      "type": "FIX",
      "url": "https://android.googlesource.com/platform/frameworks/av/+/fa3781fe0fb654659634d7b4703b6ed2ae27fdeb"
    }
  ],
  "affected": [
    {
      "package": {
        "name": "platform/frameworks/av",
        "ecosystem": "Android"
      },
      "ranges": [
        {
          "type": "ECOSYSTEM",
          "events": [
            {
              "introduced": "9:0"
            },
            {
              "fixed": "9:2020-09-01"
            },
            {
              "introduced": "10:0"
            },
            {
              "fixed": "10:2020-09-01"
            }
          ]
        }
      ],
      "versions": [
        "9",
        "10"
      ],
      "ecosystem_specific": {
        "fixes": [
          "https://android.googlesource.com/platform/frameworks/av/+/fa3781fe0fb654659634d7b4703b6ed2ae27fdeb"
        ],
        "spl": "2020-09-01",
        "types": [
          "ID"
        ],
        "severity": "High"
      },
      "database_specific": {
        "source": "https://storage.googleapis.com/android-osv/ASB-A-154123412.json"
      }
    }
  ],
  "schema_version": "1.6.0"
}