{
  "id": "ASB-A-220735360",
  "summary": "Corrupt system by adding many AutomaticZenRules via NotificationManager#addAutomaticZenRule",
  "details": "In addAutomaticZenRule of ZenModeHelper.java, there is a possible permanent denial of service due to resource exhaustion. This could lead to local denial of service with User execution privileges needed. User interaction is not needed for exploitation.",
  "aliases": [
    "CVE-2022-20143"
  ],
  "modified": "2024-05-14T14:40:16Z",
  "published": "2022-06-01T00:00:00Z",
  "references": [
    {
      "type": "ADVISORY",
      "url": "https://source.android.com/security/bulletin/2022-06-01"
    },
    {
      "type": "FIX",
      "url": "https://android.googlesource.com/platform/frameworks/base/+/c69747578155fc2b2b5a6d690b1e8263f281eb67"
    }
  ],
  "affected": [
    {
      "package": {
        "name": "platform/frameworks/base",
        "ecosystem": "Android"
      },
      "ranges": [
        {
          "type": "ECOSYSTEM",
          "events": [
            {
              "introduced": "10:0"
            },
            {
              "fixed": "10:2022-06-01"
            },
            {
              "introduced": "11:0"
            },
            {
              "fixed": "11:2022-06-01"
            },
            {
              "introduced": "12:0"
            },
            {
              "fixed": "12:2022-06-01"
            },
            {
              "introduced": "12L:0"
            },
            {
              "fixed": "12L:2022-06-01"
            }
          ]
        }
      ],
      "versions": [
        "10",
        "11",
        "12",
        "12L"
      ],
      "ecosystem_specific": {
        "fixes": [
          "https://android.googlesource.com/platform/frameworks/base/+/7409354d3a055f0b133422781d905d7f1353db08"
        ],
        "spl": "2022-06-01",
        "types": [
          "DoS"
        ],
        "severity": "High"
      },
      "database_specific": {
        "source": "https://storage.googleapis.com/android-osv/ASB-A-220735360.json"
      }
    }
  ],
  "schema_version": "1.6.0"
}