{
  "id": "ASB-A-142546668",
  "summary": "[an OOB read vuln of a2dp ldac decoder ]",
  "details": "In a2dp_vendor_ldac_decoder_decode_packet of a2dp_vendor_ldac_decoder.cc, there is a possible out of bounds write due to a missing bounds check. This could lead to remote code execution with no additional execution privileges needed. User interaction is not needed for exploitation.",
  "aliases": [
    "CVE-2020-0225"
  ],
  "modified": "2024-05-14T14:40:15Z",
  "published": "2020-07-01T00:00:00Z",
  "references": [
    {
      "type": "ADVISORY",
      "url": "https://source.android.com/security/bulletin/2020-07-01"
    },
    {
      "type": "FIX",
      "url": "https://android.googlesource.com/platform/system/bt/+/96392b0f2cfb2adc72cc7cad0d74dec8f4041582"
    }
  ],
  "affected": [
    {
      "package": {
        "name": "platform/system/bt",
        "ecosystem": "Android"
      },
      "ranges": [
        {
          "type": "ECOSYSTEM",
          "events": [
            {
              "introduced": "10:0"
            },
            {
              "fixed": "10:2020-07-01"
            }
          ]
        }
      ],
      "versions": [
        "10"
      ],
      "ecosystem_specific": {
        "fixes": [
          "https://android.googlesource.com/platform/system/bt/+/96392b0f2cfb2adc72cc7cad0d74dec8f4041582"
        ],
        "spl": "2020-07-01",
        "types": [
          "RCE"
        ],
        "severity": "Critical"
      },
      "database_specific": {
        "source": "https://storage.googleapis.com/android-osv/ASB-A-142546668.json"
      }
    }
  ],
  "schema_version": "1.6.0"
}