{
  "id": "ASB-A-215003903",
  "summary": "[Bug#2 - ActivityManager.bindService] Calling Package can be spoofed to ActivityManager.bindService",
  "details": "In shouldAllowFgsWhileInUsePermissionLocked of ActiveServices.java, there is a possible way to start foreground service from background due to improper input validation. This could lead to local escalation of privilege with no additional execution privileges needed. User interaction is not needed for exploitation.",
  "aliases": [
    "CVE-2022-20356"
  ],
  "modified": "2024-05-14T14:40:15Z",
  "published": "2022-08-01T00:00:00Z",
  "references": [
    {
      "type": "ADVISORY",
      "url": "https://source.android.com/security/bulletin/2022-08-01"
    },
    {
      "type": "FIX",
      "url": "https://android.googlesource.com/platform/frameworks/base/+/05cd832c241a543feb3a833e75b56c6f253b05e9"
    },
    {
      "type": "FIX",
      "url": "https://android.googlesource.com/platform/frameworks/base/+/7fa1b4d0657c1fcf88a1588863e16e4e468201a1"
    }
  ],
  "affected": [
    {
      "package": {
        "name": "platform/frameworks/base",
        "ecosystem": "Android"
      },
      "ranges": [
        {
          "type": "ECOSYSTEM",
          "events": [
            {
              "introduced": "11:0"
            },
            {
              "fixed": "11:2022-08-01"
            },
            {
              "introduced": "12:0"
            },
            {
              "fixed": "12:2022-08-01"
            },
            {
              "introduced": "12L:0"
            },
            {
              "fixed": "12L:2022-08-01"
            }
          ]
        }
      ],
      "versions": [
        "11",
        "12",
        "12L"
      ],
      "ecosystem_specific": {
        "fixes": [
          "https://android.googlesource.com/platform/frameworks/base/+/05cd832c241a543feb3a833e75b56c6f253b05e9",
          "https://android.googlesource.com/platform/frameworks/base/+/7fa1b4d0657c1fcf88a1588863e16e4e468201a1"
        ],
        "spl": "2022-08-01",
        "types": [
          "EoP"
        ],
        "severity": "High"
      },
      "database_specific": {
        "source": "https://storage.googleapis.com/android-osv/ASB-A-215003903.json"
      }
    }
  ],
  "schema_version": "1.6.0"
}