{
  "id": "ASB-A-161894517",
  "summary": "libutils_fuzz_string8: Unsigned-integer-overflow in android::String8::appendFormatV",
  "details": "In appendFormatV of String8.cpp, there is a possible out of bounds write due to incorrect error handling. This could lead to local escalation of privilege with no additional execution privileges needed. User interaction is not needed for exploitation.",
  "aliases": [
    "CVE-2020-0421"
  ],
  "modified": "2024-05-14T14:40:15Z",
  "published": "2020-10-01T00:00:00Z",
  "references": [
    {
      "type": "ADVISORY",
      "url": "https://source.android.com/security/bulletin/2020-10-01"
    },
    {
      "type": "FIX",
      "url": "https://android.googlesource.com/platform/system/core/+/bad50ed24f9d48d001fcedd332d59f162dc3432d"
    }
  ],
  "affected": [
    {
      "package": {
        "name": "platform/system/core",
        "ecosystem": "Android"
      },
      "ranges": [
        {
          "type": "ECOSYSTEM",
          "events": [
            {
              "introduced": "8.0:0"
            },
            {
              "fixed": "8.0:2020-10-01"
            },
            {
              "introduced": "8.1:0"
            },
            {
              "fixed": "8.1:2020-10-01"
            },
            {
              "introduced": "9:0"
            },
            {
              "fixed": "9:2020-10-01"
            },
            {
              "introduced": "10:0"
            },
            {
              "fixed": "10:2020-10-01"
            },
            {
              "introduced": "11:0"
            },
            {
              "fixed": "11:2020-10-01"
            }
          ]
        }
      ],
      "versions": [
        "8.0",
        "8.1",
        "9",
        "10",
        "11"
      ],
      "ecosystem_specific": {
        "fixes": [
          "https://android.googlesource.com/platform/system/core/+/bad50ed24f9d48d001fcedd332d59f162dc3432d"
        ],
        "spl": "2020-10-01",
        "types": [
          "EoP"
        ],
        "severity": "High"
      },
      "database_specific": {
        "source": "https://storage.googleapis.com/android-osv/ASB-A-161894517.json"
      }
    }
  ],
  "schema_version": "1.6.0"
}