{
  "id": "ASB-A-179289794",
  "summary": "[some bugs while processsing hidl buffer object will cause arbitrarily-address-reading problem]",
  "details": "In verifyBufferObject of Parcel.cpp, there is a possible out of bounds read due to an improper input validation. This could lead to local information disclosure with no additional execution privileges needed. User interaction is not needed for exploitation.",
  "aliases": [
    "CVE-2021-0584"
  ],
  "modified": "2024-05-14T14:40:15Z",
  "published": "2021-08-01T00:00:00Z",
  "references": [
    {
      "type": "ADVISORY",
      "url": "https://source.android.com/security/bulletin/2021-08-01"
    },
    {
      "type": "FIX",
      "url": "https://android.googlesource.com/platform/system/libhwbinder/+/cb835a500f3d4de152777e3f13db5ab969285633"
    }
  ],
  "affected": [
    {
      "package": {
        "name": "platform/system/libhwbinder",
        "ecosystem": "Android"
      },
      "ranges": [
        {
          "type": "ECOSYSTEM",
          "events": [
            {
              "introduced": "8.1:0"
            },
            {
              "fixed": "8.1:2021-08-01"
            },
            {
              "introduced": "9:0"
            },
            {
              "fixed": "9:2021-08-01"
            },
            {
              "introduced": "10:0"
            },
            {
              "fixed": "10:2021-08-01"
            },
            {
              "introduced": "11:0"
            },
            {
              "fixed": "11:2021-08-01"
            }
          ]
        }
      ],
      "versions": [
        "8.1",
        "9",
        "10",
        "11"
      ],
      "ecosystem_specific": {
        "fixes": [
          "https://android.googlesource.com/platform/system/libhwbinder/+/cb835a500f3d4de152777e3f13db5ab969285633"
        ],
        "spl": "2021-08-01",
        "types": [
          "ID"
        ],
        "severity": "High"
      },
      "database_specific": {
        "source": "https://storage.googleapis.com/android-osv/ASB-A-179289794.json"
      }
    }
  ],
  "schema_version": "1.6.0"
}