{
  "id": "ASB-A-153995334",
  "summary": ": Access to stable identifier without any permissions",
  "details": "In getPhoneAccountsForPackage of TelecomServiceImpl.java, there is a possible way to access a tracking identifier due to a missing permission check. This could lead to local information disclosure of the identifier, which could be used to track an account across devices, with no additional execution privileges needed. User interaction is not needed for exploitation.",
  "aliases": [
    "CVE-2020-0448"
  ],
  "modified": "2024-05-14T14:40:15Z",
  "published": "2020-11-01T00:00:00Z",
  "references": [
    {
      "type": "ADVISORY",
      "url": "https://source.android.com/security/bulletin/2020-11-01"
    },
    {
      "type": "FIX",
      "url": "https://android.googlesource.com/platform/packages/services/Telecomm/+/1938c5be3be49f2652b84a58f1f448d57871e28e"
    }
  ],
  "affected": [
    {
      "package": {
        "name": "platform/packages/services/Telecomm",
        "ecosystem": "Android"
      },
      "ranges": [
        {
          "type": "ECOSYSTEM",
          "events": [
            {
              "introduced": "8.0:0"
            },
            {
              "fixed": "8.0:2020-11-01"
            },
            {
              "introduced": "8.1:0"
            },
            {
              "fixed": "8.1:2020-11-01"
            },
            {
              "introduced": "9:0"
            },
            {
              "fixed": "9:2020-11-01"
            },
            {
              "introduced": "10:0"
            },
            {
              "fixed": "10:2020-11-01"
            },
            {
              "introduced": "11:0"
            },
            {
              "fixed": "11:2020-11-01"
            }
          ]
        }
      ],
      "versions": [
        "8.0",
        "8.1",
        "9",
        "10",
        "11"
      ],
      "ecosystem_specific": {
        "fixes": [
          "https://android.googlesource.com/platform/packages/services/Telecomm/+/1938c5be3be49f2652b84a58f1f448d57871e28e"
        ],
        "spl": "2020-11-01",
        "types": [
          "ID"
        ],
        "severity": "High"
      },
      "database_specific": {
        "source": "https://storage.googleapis.com/android-osv/ASB-A-153995334.json"
      }
    }
  ],
  "schema_version": "1.6.0"
}