{
  "id": "ASB-A-156087409",
  "summary": "SystemUI keeps crashing after setting wallpaper",
  "details": "In Threshold::getHistogram of ImageProcessHelper.java, there is a possible crash loop due to an uncaught exception. This could lead to local denial of service with User execution privileges needed. User interaction is needed for exploitation.",
  "aliases": [
    "CVE-2020-0247"
  ],
  "modified": "2024-05-14T14:40:15Z",
  "published": "2020-08-01T00:00:00Z",
  "references": [
    {
      "type": "ADVISORY",
      "url": "https://source.android.com/security/bulletin/2020-08-01"
    },
    {
      "type": "FIX",
      "url": "https://android.googlesource.com/platform/frameworks/base/+/4d467f1c7d7d355d0ac71a12ec8c2df07f756046"
    }
  ],
  "affected": [
    {
      "package": {
        "name": "platform/frameworks/base",
        "ecosystem": "Android"
      },
      "ranges": [
        {
          "type": "ECOSYSTEM",
          "events": [
            {
              "introduced": "8.0:0"
            },
            {
              "fixed": "8.0:2020-08-01"
            },
            {
              "introduced": "8.1:0"
            },
            {
              "fixed": "8.1:2020-08-01"
            },
            {
              "introduced": "10:0"
            },
            {
              "fixed": "10:2020-08-01"
            }
          ]
        }
      ],
      "versions": [
        "8.0",
        "8.1",
        "10"
      ],
      "ecosystem_specific": {
        "fixes": [
          "https://android.googlesource.com/platform/frameworks/base/+/4d467f1c7d7d355d0ac71a12ec8c2df07f756046"
        ],
        "spl": "2020-08-01",
        "types": [
          "DoS"
        ],
        "severity": "High"
      },
      "database_specific": {
        "source": "https://storage.googleapis.com/android-osv/ASB-A-156087409.json"
      }
    }
  ],
  "schema_version": "1.6.0"
}