{
  "id": "ASB-A-206090748",
  "summary": "Attackers may able to persist arbitrary files in ART APEX Dalvik cache when the system is compromised",
  "details": "In multiple functions of odsign_main.cpp, there is a possible way to persist system attack due to a logic error in the code. This could lead to local escalation of privilege with System execution privileges needed. User interaction is not needed for exploitation.",
  "aliases": [
    "CVE-2021-39689"
  ],
  "modified": "2024-05-14T14:40:15Z",
  "published": "2022-03-01T00:00:00Z",
  "references": [
    {
      "type": "ADVISORY",
      "url": "https://source.android.com/security/bulletin/2022-03-01"
    },
    {
      "type": "FIX",
      "url": "https://android.googlesource.com/platform/system/security/+/9a374680df1912fb983bf174d88ddeb71932cec1"
    }
  ],
  "affected": [
    {
      "package": {
        "name": "platform/system/security",
        "ecosystem": "Android"
      },
      "ranges": [
        {
          "type": "ECOSYSTEM",
          "events": [
            {
              "introduced": "12:0"
            },
            {
              "fixed": "12:2022-03-01"
            },
            {
              "introduced": "12L:0"
            },
            {
              "fixed": "12L:2022-03-01"
            }
          ]
        }
      ],
      "versions": [
        "12",
        "12L"
      ],
      "ecosystem_specific": {
        "fixes": [
          "https://android.googlesource.com/platform/system/security/+/9a374680df1912fb983bf174d88ddeb71932cec1"
        ],
        "spl": "2022-03-01",
        "types": [
          "EoP"
        ],
        "severity": "Moderate"
      },
      "database_specific": {
        "source": "https://storage.googleapis.com/android-osv/ASB-A-206090748.json"
      }
    }
  ],
  "schema_version": "1.6.0"
}