{
  "id": "ASB-A-204554636",
  "summary": "Html Injection in Vpn ConfirmDialog",
  "details": "In onCreate of ConfirmDialog.java, there is a possible way to connect to VNP bypassing user's consent due to improper input validation. This could lead to local escalation of privilege with User execution privileges needed. User interaction is needed for exploitation.",
  "aliases": [
    "CVE-2023-21251"
  ],
  "modified": "2024-05-14T14:40:19Z",
  "published": "2023-07-01T00:00:00Z",
  "references": [
    {
      "type": "ADVISORY",
      "url": "https://source.android.com/security/bulletin/2023-07-01"
    },
    {
      "type": "FIX",
      "url": "https://android.googlesource.com/platform/frameworks/base/+/57946e2bb73850e817b3c01fa5350d705e178e39"
    }
  ],
  "affected": [
    {
      "package": {
        "name": "platform/frameworks/base",
        "ecosystem": "Android"
      },
      "ranges": [
        {
          "type": "ECOSYSTEM",
          "events": [
            {
              "introduced": "11:0"
            },
            {
              "fixed": "11:2023-07-01"
            },
            {
              "introduced": "12:0"
            },
            {
              "fixed": "12:2023-07-01"
            },
            {
              "introduced": "12L:0"
            },
            {
              "fixed": "12L:2023-07-01"
            },
            {
              "introduced": "13:0"
            },
            {
              "fixed": "13:2023-07-01"
            }
          ]
        }
      ],
      "versions": [
        "11",
        "12",
        "12L",
        "13"
      ],
      "ecosystem_specific": {
        "fixes": [
          "https://android.googlesource.com/platform/frameworks/base/+/2178216b98bf9865edee198f45192f0b883624ab"
        ],
        "spl": "2023-07-01",
        "types": [
          "EoP"
        ],
        "severity": "High"
      },
      "database_specific": {
        "source": "https://storage.googleapis.com/android-osv/ASB-A-204554636.json"
      }
    }
  ],
  "schema_version": "1.6.0"
}