{
  "id": "ASB-A-209611539",
  "summary": "Set up Work Profile without User Consent",
  "details": "In onCreate of SetupLayoutActivity.java, there is a possible way to setup a work profile bypassing user consent due to a tapjacking/overlay attack. This could lead to local escalation of privilege with User execution privileges needed. User interaction is needed for exploitation.",
  "aliases": [
    "CVE-2021-39692"
  ],
  "modified": "2024-05-14T14:40:15Z",
  "published": "2022-03-01T00:00:00Z",
  "references": [
    {
      "type": "ADVISORY",
      "url": "https://source.android.com/security/bulletin/2022-03-01"
    },
    {
      "type": "FIX",
      "url": "https://android.googlesource.com/platform/packages/apps/ManagedProvisioning/+/a07188111567974bc8a2c817825c28169c589535"
    }
  ],
  "affected": [
    {
      "package": {
        "name": "platform/packages/apps/ManagedProvisioning",
        "ecosystem": "Android"
      },
      "ranges": [
        {
          "type": "ECOSYSTEM",
          "events": [
            {
              "introduced": "10:0"
            },
            {
              "fixed": "10:2022-03-01"
            },
            {
              "introduced": "11:0"
            },
            {
              "fixed": "11:2022-03-01"
            },
            {
              "introduced": "12:0"
            },
            {
              "fixed": "12:2022-03-01"
            },
            {
              "introduced": "12L:0"
            },
            {
              "fixed": "12L:2022-03-01"
            }
          ]
        }
      ],
      "versions": [
        "10",
        "11",
        "12",
        "12L"
      ],
      "ecosystem_specific": {
        "fixes": [
          "https://android.googlesource.com/platform/packages/apps/ManagedProvisioning/+/a07188111567974bc8a2c817825c28169c589535"
        ],
        "spl": "2022-03-01",
        "types": [
          "EoP"
        ],
        "severity": "High"
      },
      "database_specific": {
        "source": "https://storage.googleapis.com/android-osv/ASB-A-209611539.json"
      }
    }
  ],
  "schema_version": "1.6.0"
}