{
  "id": "ASB-A-173421434",
  "summary": "[A way to get the SimSerialNumber on android 10 without permission READ_PRIVILEGED_PHONE_STATE]",
  "details": "In getSimSerialNumber of TelephonyManager.java, there is a possible way to read a trackable identifier due to a missing permission check. This could lead to local information disclosure with User execution privileges needed. User interaction is not needed for exploitation.",
  "aliases": [
    "CVE-2021-0428"
  ],
  "modified": "2024-05-14T14:40:15Z",
  "published": "2021-09-01T00:00:00Z",
  "references": [
    {
      "type": "ADVISORY",
      "url": "https://source.android.com/security/bulletin/2021-09-01"
    },
    {
      "type": "FIX",
      "url": "https://android.googlesource.com/platform/frameworks/base/+/1c1bc30ce345f770de44b4348420e860d0958534"
    },
    {
      "type": "FIX",
      "url": "https://android.googlesource.com/platform/frameworks/base/+/5aba70130d3539fc77cfdfb4b550d8e86acd8a60"
    },
    {
      "type": "FIX",
      "url": "https://android.googlesource.com/platform/frameworks/base/+/a13fc7f314ac56e75eca09c94db8090f928023ff"
    },
    {
      "type": "FIX",
      "url": "https://android.googlesource.com/platform/frameworks/opt/telephony/+/640387d310ce6fdfa71f606744eb903bedba57ce"
    },
    {
      "type": "FIX",
      "url": "https://android.googlesource.com/platform/frameworks/opt/telephony/+/7dfee2e7c3f762d069b8c606f8591498f109ff3e"
    },
    {
      "type": "FIX",
      "url": "https://android.googlesource.com/platform/frameworks/opt/telephony/+/93d5117cf5f528ec7ed74b4fe2df7ae7e2d207ff"
    },
    {
      "type": "FIX",
      "url": "https://android.googlesource.com/platform/frameworks/opt/telephony/+/9c392805dc4c5d5c9a95a5dec9c7f65130cd8173"
    },
    {
      "type": "FIX",
      "url": "https://android.googlesource.com/platform/frameworks/opt/telephony/+/f587f04d306f2faa9e102d9e2de87a403a48638e"
    },
    {
      "type": "FIX",
      "url": "https://android.googlesource.com/platform/packages/providers/ContactsProvider/+/129cc56868dfc198de41909ff9d6c542a84a4c21"
    }
  ],
  "affected": [
    {
      "package": {
        "name": "platform/frameworks/base",
        "ecosystem": "Android"
      },
      "ranges": [
        {
          "type": "ECOSYSTEM",
          "events": [
            {
              "introduced": "10:0"
            },
            {
              "fixed": "10:2021-09-01"
            }
          ]
        }
      ],
      "versions": [
        "10"
      ],
      "ecosystem_specific": {
        "fixes": [
          "https://android.googlesource.com/platform/frameworks/base/+/1c1bc30ce345f770de44b4348420e860d0958534",
          "https://android.googlesource.com/platform/frameworks/base/+/5aba70130d3539fc77cfdfb4b550d8e86acd8a60",
          "https://android.googlesource.com/platform/frameworks/base/+/a13fc7f314ac56e75eca09c94db8090f928023ff"
        ],
        "spl": "2021-09-01",
        "types": [
          "ID"
        ],
        "severity": "High"
      },
      "database_specific": {
        "source": "https://storage.googleapis.com/android-osv/ASB-A-173421434.json"
      }
    },
    {
      "package": {
        "name": "platform/frameworks/opt/telephony",
        "ecosystem": "Android"
      },
      "ranges": [
        {
          "type": "ECOSYSTEM",
          "events": [
            {
              "introduced": "10:0"
            },
            {
              "fixed": "10:2021-09-01"
            }
          ]
        }
      ],
      "versions": [
        "10"
      ],
      "ecosystem_specific": {
        "fixes": [
          "https://android.googlesource.com/platform/frameworks/opt/telephony/+/640387d310ce6fdfa71f606744eb903bedba57ce",
          "https://android.googlesource.com/platform/frameworks/opt/telephony/+/7dfee2e7c3f762d069b8c606f8591498f109ff3e",
          "https://android.googlesource.com/platform/frameworks/opt/telephony/+/93d5117cf5f528ec7ed74b4fe2df7ae7e2d207ff",
          "https://android.googlesource.com/platform/frameworks/opt/telephony/+/9c392805dc4c5d5c9a95a5dec9c7f65130cd8173",
          "https://android.googlesource.com/platform/frameworks/opt/telephony/+/f587f04d306f2faa9e102d9e2de87a403a48638e"
        ],
        "spl": "2021-09-01",
        "types": [
          "ID"
        ],
        "severity": "High"
      },
      "database_specific": {
        "source": "https://storage.googleapis.com/android-osv/ASB-A-173421434.json"
      }
    },
    {
      "package": {
        "name": "platform/packages/providers/ContactsProvider",
        "ecosystem": "Android"
      },
      "ranges": [
        {
          "type": "ECOSYSTEM",
          "events": [
            {
              "introduced": "10:0"
            },
            {
              "fixed": "10:2021-09-01"
            }
          ]
        }
      ],
      "versions": [
        "10"
      ],
      "ecosystem_specific": {
        "fixes": [
          "https://android.googlesource.com/platform/packages/providers/ContactsProvider/+/129cc56868dfc198de41909ff9d6c542a84a4c21"
        ],
        "spl": "2021-09-01",
        "types": [
          "ID"
        ],
        "severity": "High"
      },
      "database_specific": {
        "source": "https://storage.googleapis.com/android-osv/ASB-A-173421434.json"
      }
    }
  ],
  "schema_version": "1.6.0"
}