{
  "id": "ASB-A-213169612",
  "summary": "Security: Heap buffer overflow write in Bitmap_createFromParcel Can Cause Chrome Sandbox Escape to system_server on Android 12(test on Pixel 6)",
  "details": "In Bitmap_createFromParcel of Bitmap.cpp, there is a possible arbitrary code execution due to a missing bounds check. This could lead to local escalation of privilege with User execution privileges needed. User interaction is not needed for exploitation.",
  "aliases": [
    "CVE-2021-39798"
  ],
  "modified": "2024-05-14T14:40:15Z",
  "published": "2022-04-01T00:00:00Z",
  "references": [
    {
      "type": "ADVISORY",
      "url": "https://source.android.com/security/bulletin/2022-04-01"
    },
    {
      "type": "FIX",
      "url": "https://android.googlesource.com/platform/frameworks/base/+/18b5537c74e29f3420882c37f81e95bebdb54029"
    }
  ],
  "affected": [
    {
      "package": {
        "name": "platform/frameworks/base",
        "ecosystem": "Android"
      },
      "ranges": [
        {
          "type": "ECOSYSTEM",
          "events": [
            {
              "introduced": "12:0"
            },
            {
              "fixed": "12:2022-04-01"
            },
            {
              "introduced": "12L:0"
            },
            {
              "fixed": "12L:2022-04-01"
            }
          ]
        }
      ],
      "versions": [
        "12",
        "12L"
      ],
      "ecosystem_specific": {
        "fixes": [
          "https://android.googlesource.com/platform/frameworks/base/+/18b5537c74e29f3420882c37f81e95bebdb54029"
        ],
        "spl": "2022-04-01",
        "types": [
          "EoP"
        ],
        "severity": "High"
      },
      "database_specific": {
        "source": "https://storage.googleapis.com/android-osv/ASB-A-213169612.json"
      }
    }
  ],
  "schema_version": "1.6.0"
}