{
  "id": "ASB-A-172322502",
  "summary": "[SUW]Potential security vulnerability in SUW work profile case",
  "details": "In start of WelcomeActivity.java, there is a possible residual profile due to a confused deputy. This could lead to local escalation of privilege with no additional execution privileges needed. User interaction is not needed for exploitation.",
  "aliases": [
    "CVE-2021-0445"
  ],
  "modified": "2024-05-14T14:40:15Z",
  "published": "2021-04-01T00:00:00Z",
  "references": [
    {
      "type": "ADVISORY",
      "url": "https://source.android.com/security/bulletin/2021-04-01"
    }
  ],
  "affected": [
    {
      "package": {
        "name": ":unknown:",
        "ecosystem": "Android"
      },
      "ranges": [
        {
          "type": "ECOSYSTEM",
          "events": [
            {
              "introduced": "9:0"
            },
            {
              "fixed": "9:2021-04-05"
            },
            {
              "introduced": "11:0"
            },
            {
              "fixed": "11:2021-04-05"
            }
          ]
        }
      ],
      "versions": [
        "9",
        "11"
      ],
      "ecosystem_specific": {
        "spl": "2021-04-05",
        "types": [
          "EoP"
        ],
        "severity": "High"
      },
      "database_specific": {
        "source": "https://storage.googleapis.com/android-osv/ASB-A-172322502.json"
      }
    }
  ],
  "schema_version": "1.6.0"
}