{
  "id": "ASB-A-219942275",
  "summary": "Vulnerability: external/expat (addBinding)",
  "details": "In storeAtts of xmlparse.c, there is a possible out of bounds write due to a missing bounds check. This could lead to local escalation of privilege with no additional execution privileges needed. User interaction is not needed for exploitation.",
  "aliases": [
    "CVE-2022-22822"
  ],
  "modified": "2024-05-14T14:40:15Z",
  "published": "2022-09-01T00:00:00Z",
  "references": [
    {
      "type": "ADVISORY",
      "url": "https://source.android.com/security/bulletin/2022-09-01"
    },
    {
      "type": "FIX",
      "url": "https://android.googlesource.com/platform/external/expat/+/f898dc229b8b520a0f28898b7955e55943330584/"
    }
  ],
  "affected": [
    {
      "package": {
        "name": "platform/external/expat",
        "ecosystem": "Android"
      },
      "ranges": [
        {
          "type": "ECOSYSTEM",
          "events": [
            {
              "introduced": "10:0"
            },
            {
              "fixed": "10:2022-09-01"
            },
            {
              "introduced": "11:0"
            },
            {
              "fixed": "11:2022-09-01"
            },
            {
              "introduced": "12:0"
            },
            {
              "fixed": "12:2022-09-01"
            },
            {
              "introduced": "12L:0"
            },
            {
              "fixed": "12L:2022-09-01"
            }
          ]
        }
      ],
      "versions": [
        "10",
        "11",
        "12",
        "12L"
      ],
      "ecosystem_specific": {
        "fixes": [
          "https://android.googlesource.com/platform/external/expat/+/f898dc229b8b520a0f28898b7955e55943330584/"
        ],
        "spl": "2022-09-01",
        "types": [
          "EoP"
        ],
        "severity": "High"
      },
      "database_specific": {
        "source": "https://storage.googleapis.com/android-osv/ASB-A-219942275.json"
      }
    }
  ],
  "schema_version": "1.6.0"
}