{
  "id": "ASB-A-184046948",
  "summary": "HeapDumpProvider is open to any app",
  "details": "In openFile of HeapDumpProvider.java, there is a possible way to retrieve generated heap dumps from debuggable apps due to an unprotected provider. This could lead to local information disclosure with no additional execution privileges needed. User interaction is not needed for exploitation.",
  "aliases": [
    "CVE-2021-0693"
  ],
  "modified": "2024-05-14T14:40:15Z",
  "published": "2021-09-01T00:00:00Z",
  "references": [
    {
      "type": "ADVISORY",
      "url": "https://source.android.com/security/bulletin/2021-09-01"
    },
    {
      "type": "FIX",
      "url": "https://android.googlesource.com/platform/frameworks/base/+/e9a6ebf59258a4ca14f83b74f10113aaddaf2b33"
    }
  ],
  "affected": [
    {
      "package": {
        "name": "platform/frameworks/base",
        "ecosystem": "Android"
      },
      "ranges": [
        {
          "type": "ECOSYSTEM",
          "events": [
            {
              "introduced": "11:0"
            },
            {
              "fixed": "11:2021-09-01"
            }
          ]
        }
      ],
      "versions": [
        "11"
      ],
      "ecosystem_specific": {
        "fixes": [
          "https://android.googlesource.com/platform/frameworks/base/+/e9a6ebf59258a4ca14f83b74f10113aaddaf2b33"
        ],
        "spl": "2021-09-01",
        "types": [
          "ID"
        ],
        "severity": "High"
      },
      "database_specific": {
        "source": "https://storage.googleapis.com/android-osv/ASB-A-184046948.json"
      }
    }
  ],
  "schema_version": "1.6.0"
}