{
  "id": "ASB-A-158480899",
  "summary": "GrantCredentialsPermissionActivity allows cross-user, cross-app account grant/deny",
  "details": "In onCreate of grantCredentialsPermissionActivity, there is a confused deputy. This could lead to local information disclosure and account access with no additional execution privileges needed. User interaction is needed for exploitation.",
  "aliases": [
    "CVE-2021-0309"
  ],
  "modified": "2024-05-14T14:40:15Z",
  "published": "2021-01-01T00:00:00Z",
  "references": [
    {
      "type": "ADVISORY",
      "url": "https://source.android.com/security/bulletin/2021-01-01"
    },
    {
      "type": "FIX",
      "url": "https://android.googlesource.com/platform/frameworks/base/+/0b610a27ba60047842b9416dd0537c68f0dd22b2"
    }
  ],
  "affected": [
    {
      "package": {
        "name": "platform/frameworks/base",
        "ecosystem": "Android"
      },
      "ranges": [
        {
          "type": "ECOSYSTEM",
          "events": [
            {
              "introduced": "8.0:0"
            },
            {
              "fixed": "8.0:2021-01-01"
            },
            {
              "introduced": "8.1:0"
            },
            {
              "fixed": "8.1:2021-01-01"
            },
            {
              "introduced": "9:0"
            },
            {
              "fixed": "9:2021-01-01"
            },
            {
              "introduced": "10:0"
            },
            {
              "fixed": "10:2021-01-01"
            },
            {
              "introduced": "11:0"
            },
            {
              "fixed": "11:2021-01-01"
            }
          ]
        }
      ],
      "versions": [
        "8.0",
        "8.1",
        "9",
        "10",
        "11"
      ],
      "ecosystem_specific": {
        "fixes": [
          "https://android.googlesource.com/platform/frameworks/base/+/0b610a27ba60047842b9416dd0537c68f0dd22b2"
        ],
        "spl": "2021-01-01",
        "types": [
          "ID"
        ],
        "severity": "High"
      },
      "database_specific": {
        "source": "https://storage.googleapis.com/android-osv/ASB-A-158480899.json"
      }
    }
  ],
  "schema_version": "1.6.0"
}