{
  "id": "ASB-A-173516292",
  "summary": "Misplaced Binder.getCallingUid() allows bypassing \"while in use\" permission from service",
  "details": "In bindServiceLocked of ActiveServices.java, there is a possible foreground service launch due to a confused deputy. This could lead to local escalation of privilege with User execution privileges needed. User interaction is not needed for exploitation.",
  "aliases": [
    "CVE-2021-0398"
  ],
  "modified": "2024-05-14T14:40:15Z",
  "published": "2021-03-01T00:00:00Z",
  "references": [
    {
      "type": "ADVISORY",
      "url": "https://source.android.com/security/bulletin/2021-03-01"
    },
    {
      "type": "FIX",
      "url": "https://android.googlesource.com/platform/frameworks/base/+/86bd39db3595842bae77abe7e768226e412591c8"
    }
  ],
  "affected": [
    {
      "package": {
        "name": "platform/frameworks/base",
        "ecosystem": "Android"
      },
      "ranges": [
        {
          "type": "ECOSYSTEM",
          "events": [
            {
              "introduced": "11:0"
            },
            {
              "fixed": "11:2021-03-01"
            }
          ]
        }
      ],
      "versions": [
        "11"
      ],
      "ecosystem_specific": {
        "fixes": [
          "https://android.googlesource.com/platform/frameworks/base/+/86bd39db3595842bae77abe7e768226e412591c8"
        ],
        "spl": "2021-03-01",
        "types": [
          "EoP"
        ],
        "severity": "High"
      },
      "database_specific": {
        "source": "https://storage.googleapis.com/android-osv/ASB-A-173516292.json"
      }
    }
  ],
  "schema_version": "1.6.0"
}