{
  "id": "ASB-A-206718630",
  "summary": "[AIDL] uninitialized memory read in C++ (char type field in parcelable)",
  "details": "In code generated by aidl_const_expressions.cpp, there is a possible out of bounds read due to uninitialized data. This could lead to information disclosure with no additional execution privileges needed. User interaction is not needed for exploitation.",
  "aliases": [
    "CVE-2021-39671"
  ],
  "modified": "2024-05-14T14:40:15Z",
  "published": "2022-02-01T00:00:00Z",
  "references": [
    {
      "type": "ADVISORY",
      "url": "https://source.android.com/security/bulletin/2022-02-01"
    },
    {
      "type": "FIX",
      "url": "https://android.googlesource.com/platform/system/tools/aidl/+/dd0d78f0ead984881caee291751226001f92587e"
    },
    {
      "type": "FIX",
      "url": "https://android.googlesource.com/platform/system/tools/aidl/+/3f4f24f1fc01aabae8253eb041c6cb236e54402b"
    }
  ],
  "affected": [
    {
      "package": {
        "name": "platform/system/tools/aidl",
        "ecosystem": "Android"
      },
      "ranges": [
        {
          "type": "ECOSYSTEM",
          "events": [
            {
              "introduced": "12:0"
            },
            {
              "fixed": "12:2022-02-01"
            }
          ]
        }
      ],
      "versions": [
        "12"
      ],
      "ecosystem_specific": {
        "fixes": [
          "https://android.googlesource.com/platform/system/tools/aidl/+/dd0d78f0ead984881caee291751226001f92587e",
          "https://android.googlesource.com/platform/system/tools/aidl/+/3f4f24f1fc01aabae8253eb041c6cb236e54402b"
        ],
        "spl": "2022-02-01",
        "types": [
          "EoP"
        ],
        "severity": "High"
      },
      "database_specific": {
        "source": "https://storage.googleapis.com/android-osv/ASB-A-206718630.json"
      }
    }
  ],
  "schema_version": "1.6.0"
}