{
  "id": "ASB-A-152064592",
  "summary": "FLAG_PARTIALLY_OBSCURED doesn't respect non windows",
  "details": "In several functions of InputDispatcher.cpp, WindowManagerService.java, and related files, there is a possible tapjacking attack due to an incorrect FLAG_OBSCURED value. This could lead to local escalation of privilege with no additional execution privileges needed. User interaction is needed for exploitation.",
  "aliases": [
    "CVE-2021-0438"
  ],
  "modified": "2024-05-14T14:40:15Z",
  "published": "2021-04-01T00:00:00Z",
  "references": [
    {
      "type": "ADVISORY",
      "url": "https://source.android.com/security/bulletin/2021-04-01"
    },
    {
      "type": "FIX",
      "url": "https://android.googlesource.com/platform/frameworks/base/+/d49dbebe1acc5788a300cf6772f25c8ab88a1df3"
    }
  ],
  "affected": [
    {
      "package": {
        "name": "platform/frameworks/base",
        "ecosystem": "Android"
      },
      "ranges": [
        {
          "type": "ECOSYSTEM",
          "events": [
            {
              "introduced": "8.1:0"
            },
            {
              "fixed": "8.1:2021-04-01"
            },
            {
              "introduced": "9:0"
            },
            {
              "fixed": "9:2021-04-01"
            },
            {
              "introduced": "10:0"
            },
            {
              "fixed": "10:2021-04-01"
            }
          ]
        }
      ],
      "versions": [
        "8.1",
        "9",
        "10"
      ],
      "ecosystem_specific": {
        "fixes": [
          "https://android.googlesource.com/platform/frameworks/base/+/d49dbebe1acc5788a300cf6772f25c8ab88a1df3"
        ],
        "spl": "2021-04-01",
        "types": [
          "EoP"
        ],
        "severity": "High"
      },
      "database_specific": {
        "source": "https://storage.googleapis.com/android-osv/ASB-A-152064592.json"
      }
    }
  ],
  "schema_version": "1.6.0"
}