{
  "id": "ASB-A-197302116",
  "summary": "Apps can grant themselves more access than they should",
  "details": "In checkUriPermission of MediaProvider.java , there is a possible way to gain access to the content of media provider collections due to a missing permission check. This could lead to local escalation of privilege with User execution privileges needed. User interaction is not needed for exploitation.",
  "aliases": [
    "CVE-2021-39662"
  ],
  "modified": "2024-05-14T14:40:15Z",
  "published": "2022-05-01T00:00:00Z",
  "references": [
    {
      "type": "ADVISORY",
      "url": "https://source.android.com/security/bulletin/2022-05-01"
    },
    {
      "type": "FIX",
      "url": "https://android.googlesource.com/platform/packages/providers/MediaProvider/+/76f725361312644461b9021380ba4d0d9d32108e"
    }
  ],
  "affected": [
    {
      "package": {
        "name": "platform/packages/providers/MediaProvider",
        "ecosystem": "Android"
      },
      "ranges": [
        {
          "type": "ECOSYSTEM",
          "events": [
            {
              "introduced": "11:0"
            },
            {
              "fixed": "11:2022-05-01"
            },
            {
              "introduced": "12:0"
            },
            {
              "fixed": "12:2022-05-01"
            }
          ]
        }
      ],
      "versions": [
        "11",
        "12"
      ],
      "ecosystem_specific": {
        "fixes": [
          "https://android.googlesource.com/platform/packages/providers/MediaProvider/+/76f725361312644461b9021380ba4d0d9d32108e"
        ],
        "spl": "2022-05-01",
        "types": [
          "EoP"
        ],
        "severity": "High"
      },
      "database_specific": {
        "source": "https://storage.googleapis.com/android-osv/ASB-A-197302116.json"
      }
    }
  ],
  "schema_version": "1.6.0"
}