{
  "id": "ASB-A-204584366",
  "summary": "[HWASan] Use after free in libusbhost.so",
  "details": "In queue of UsbRequest.java, there is a possible way to corrupt memory due to a use after free. This could lead to local escalation of privilege with no additional execution privileges needed. User interaction is not needed for exploitation.",
  "aliases": [
    "CVE-2023-20920"
  ],
  "modified": "2024-05-14T14:40:15Z",
  "published": "2023-01-01T00:00:00Z",
  "references": [
    {
      "type": "ADVISORY",
      "url": "https://source.android.com/security/bulletin/2023-01-01"
    },
    {
      "type": "FIX",
      "url": "https://android.googlesource.com/platform/frameworks/base/+/d8e918fc9d479388661e74638d950592af16c001"
    }
  ],
  "affected": [
    {
      "package": {
        "name": "platform/frameworks/base",
        "ecosystem": "Android"
      },
      "ranges": [
        {
          "type": "ECOSYSTEM",
          "events": [
            {
              "introduced": "10:0"
            },
            {
              "fixed": "10:2023-01-01"
            },
            {
              "introduced": "11:0"
            },
            {
              "fixed": "11:2023-01-01"
            },
            {
              "introduced": "12:0"
            },
            {
              "fixed": "12:2023-01-01"
            },
            {
              "introduced": "12L:0"
            },
            {
              "fixed": "12L:2023-01-01"
            },
            {
              "introduced": "13:0"
            },
            {
              "fixed": "13:2023-01-01"
            }
          ]
        }
      ],
      "versions": [
        "10",
        "11",
        "12",
        "12L",
        "13"
      ],
      "ecosystem_specific": {
        "fixes": [
          "https://android.googlesource.com/platform/frameworks/base/+/d8e918fc9d479388661e74638d950592af16c001"
        ],
        "spl": "2023-01-01",
        "types": [
          "EoP"
        ],
        "severity": "High"
      },
      "database_specific": {
        "source": "https://storage.googleapis.com/android-osv/ASB-A-204584366.json"
      }
    }
  ],
  "schema_version": "1.6.0"
}