{
  "id": "ASB-A-169762606",
  "summary": "[Continual Calling to addAccountExplicitly Causes Permanent DoS to Android System]",
  "details": "In findAllDeAccounts of AccountsDb.java, there is a possible denial of service due to resource exhaustion. This could lead to local denial of service with no additional execution privileges needed. User interaction is not needed for exploitation.",
  "aliases": [
    "CVE-2021-0934"
  ],
  "modified": "2024-05-14T14:40:15Z",
  "published": "2022-12-01T00:00:00Z",
  "references": [
    {
      "type": "ADVISORY",
      "url": "https://source.android.com/security/bulletin/2022-12-01"
    },
    {
      "type": "FIX",
      "url": "https://android.googlesource.com/platform/frameworks/base/+/cf62c760d4c002f562ddd5f372abe5bccda8a6ad"
    }
  ],
  "affected": [
    {
      "package": {
        "name": "platform/frameworks/base",
        "ecosystem": "Android"
      },
      "ranges": [
        {
          "type": "ECOSYSTEM",
          "events": [
            {
              "introduced": "10:0"
            },
            {
              "fixed": "10:2022-12-01"
            },
            {
              "introduced": "11:0"
            },
            {
              "fixed": "11:2022-12-01"
            },
            {
              "introduced": "12:0"
            },
            {
              "fixed": "12:2022-12-01"
            },
            {
              "introduced": "12L:0"
            },
            {
              "fixed": "12L:2022-12-01"
            },
            {
              "introduced": "13:0"
            },
            {
              "fixed": "13:2022-12-01"
            }
          ]
        }
      ],
      "versions": [
        "10",
        "11",
        "12",
        "12L",
        "13"
      ],
      "ecosystem_specific": {
        "fixes": [
          "https://android.googlesource.com/platform/frameworks/base/+/cf62c760d4c002f562ddd5f372abe5bccda8a6ad"
        ],
        "spl": "2022-12-01",
        "types": [
          "DoS"
        ],
        "severity": "High"
      },
      "database_specific": {
        "source": "https://storage.googleapis.com/android-osv/ASB-A-169762606.json"
      }
    }
  ],
  "schema_version": "1.6.0"
}