{
  "id": "ASB-A-206986392",
  "summary": "[Multiple users can share WI-FI and change WI-FI network]",
  "details": "In onCreateContextMenu of NetworkProviderSettings.java, there is a possible way for non-owner users to change WiFi settings due to a missing permission check. This could lead to local escalation of privilege with User execution privileges needed. User interaction is needed for exploitation.",
  "aliases": [
    "CVE-2022-20137"
  ],
  "modified": "2024-05-14T14:40:15Z",
  "published": "2022-06-01T00:00:00Z",
  "references": [
    {
      "type": "ADVISORY",
      "url": "https://source.android.com/security/bulletin/2022-06-01"
    },
    {
      "type": "FIX",
      "url": "https://android.googlesource.com/platform/packages/apps/Settings/+/4c4a1f58c16d05c96dafae1047b44fe6e6a9a8c0"
    }
  ],
  "affected": [
    {
      "package": {
        "name": "platform/packages/apps/Settings",
        "ecosystem": "Android"
      },
      "ranges": [
        {
          "type": "ECOSYSTEM",
          "events": [
            {
              "introduced": "12:0"
            },
            {
              "fixed": "12:2022-06-01"
            },
            {
              "introduced": "12L:0"
            },
            {
              "fixed": "12L:2022-06-01"
            }
          ]
        }
      ],
      "versions": [
        "12",
        "12L"
      ],
      "ecosystem_specific": {
        "fixes": [
          "https://android.googlesource.com/platform/packages/apps/Settings/+/876f691377ced7aa94a291b04de823ae20a36d47"
        ],
        "spl": "2022-06-01",
        "types": [
          "EoP"
        ],
        "severity": "High"
      },
      "database_specific": {
        "source": "https://storage.googleapis.com/android-osv/ASB-A-206986392.json"
      }
    }
  ],
  "schema_version": "1.6.0"
}