{
  "id": "ASB-A-192606047",
  "summary": "Malicious SQL statement causes a read-only use-after-free memory error.",
  "details": "In resetAccumulator of select.c, there is a possible use after free. This could lead to local information disclosure with no additional execution privileges needed. User interaction is not needed for exploitation.",
  "aliases": [
    "BIT-sqlite-2020-13871",
    "CVE-2020-13871"
  ],
  "modified": "2024-05-14T14:40:15Z",
  "published": "2021-11-01T00:00:00Z",
  "references": [
    {
      "type": "ADVISORY",
      "url": "https://source.android.com/security/bulletin/2021-11-01"
    },
    {
      "type": "FIX",
      "url": "https://android.googlesource.com/platform/external/sqlite/+/84500124e617d2548c2b2374eb84a3e0ea8884d1"
    }
  ],
  "affected": [
    {
      "package": {
        "name": "platform/external/sqlite",
        "ecosystem": "Android"
      },
      "ranges": [
        {
          "type": "ECOSYSTEM",
          "events": [
            {
              "introduced": "11:0"
            },
            {
              "fixed": "11:2021-11-01"
            }
          ]
        }
      ],
      "versions": [
        "11"
      ],
      "ecosystem_specific": {
        "fixes": [
          "https://android.googlesource.com/platform/external/sqlite/+/84500124e617d2548c2b2374eb84a3e0ea8884d1"
        ],
        "spl": "2021-11-01",
        "types": [
          "ID"
        ],
        "severity": "High"
      },
      "database_specific": {
        "source": "https://storage.googleapis.com/android-osv/ASB-A-192606047.json"
      }
    }
  ],
  "schema_version": "1.6.0"
}