{
  "id": "ASB-A-179699767",
  "summary": "App can get access to all slice providers installed on the device without requiring any permission.",
  "details": "In checkSlicePermission of SliceManagerService.java, it is possible to access any slice URI due to improper input validation. This could lead to local escalation of privilege with no additional execution privileges needed. User interaction is not needed for exploitation.",
  "aliases": [
    "CVE-2022-20004"
  ],
  "modified": "2024-05-14T14:40:15Z",
  "published": "2022-05-01T00:00:00Z",
  "references": [
    {
      "type": "ADVISORY",
      "url": "https://source.android.com/security/bulletin/2022-05-01"
    },
    {
      "type": "FIX",
      "url": "https://android.googlesource.com/platform/frameworks/base/+/b55656825844f8ac1d776da0b3290a4e9948ba4f"
    }
  ],
  "affected": [
    {
      "package": {
        "name": "platform/frameworks/base",
        "ecosystem": "Android"
      },
      "ranges": [
        {
          "type": "ECOSYSTEM",
          "events": [
            {
              "introduced": "10:0"
            },
            {
              "fixed": "10:2022-05-01"
            },
            {
              "introduced": "11:0"
            },
            {
              "fixed": "11:2022-05-01"
            },
            {
              "introduced": "12:0"
            },
            {
              "fixed": "12:2022-05-01"
            },
            {
              "introduced": "12L:0"
            },
            {
              "fixed": "12L:2022-05-01"
            }
          ]
        }
      ],
      "versions": [
        "10",
        "11",
        "12",
        "12L"
      ],
      "ecosystem_specific": {
        "fixes": [
          "https://android.googlesource.com/platform/frameworks/base/+/b55656825844f8ac1d776da0b3290a4e9948ba4f"
        ],
        "spl": "2022-05-01",
        "types": [
          "EoP"
        ],
        "severity": "High"
      },
      "database_specific": {
        "source": "https://storage.googleapis.com/android-osv/ASB-A-179699767.json"
      }
    }
  ],
  "schema_version": "1.6.0"
}