{
  "id": "ASB-A-160390416",
  "summary": "ActivityManager#setProcessMemoryTrimLevel exposes foreground apps; used for phishing",
  "details": "In setProcessMemoryTrimLevel of ActivityManagerService.java, there is a missing permission check. This could lead to local information disclosure of foreground processes with no additional execution privileges needed. User interaction is not needed for exploitation.",
  "aliases": [
    "CVE-2020-0412"
  ],
  "modified": "2024-05-14T14:40:15Z",
  "published": "2020-10-01T00:00:00Z",
  "references": [
    {
      "type": "ADVISORY",
      "url": "https://source.android.com/security/bulletin/2020-10-01"
    },
    {
      "type": "FIX",
      "url": "https://android.googlesource.com/platform/frameworks/base/+/cbcf477e8b05f092bf6519e3ba4db363247ff4f6"
    }
  ],
  "affected": [
    {
      "package": {
        "name": "platform/frameworks/base",
        "ecosystem": "Android"
      },
      "ranges": [
        {
          "type": "ECOSYSTEM",
          "events": [
            {
              "introduced": "8.0:0"
            },
            {
              "fixed": "8.0:2020-10-01"
            },
            {
              "introduced": "8.1:0"
            },
            {
              "fixed": "8.1:2020-10-01"
            },
            {
              "introduced": "9:0"
            },
            {
              "fixed": "9:2020-10-01"
            },
            {
              "introduced": "10:0"
            },
            {
              "fixed": "10:2020-10-01"
            },
            {
              "introduced": "11:0"
            },
            {
              "fixed": "11:2020-10-01"
            }
          ]
        }
      ],
      "versions": [
        "8.0",
        "8.1",
        "9",
        "10",
        "11"
      ],
      "ecosystem_specific": {
        "fixes": [
          "https://android.googlesource.com/platform/frameworks/base/+/cbcf477e8b05f092bf6519e3ba4db363247ff4f6"
        ],
        "spl": "2020-10-01",
        "types": [
          "ID"
        ],
        "severity": "High"
      },
      "database_specific": {
        "source": "https://storage.googleapis.com/android-osv/ASB-A-160390416.json"
      }
    }
  ],
  "schema_version": "1.6.0"
}