{
  "id": "ASB-A-174661955",
  "summary": "[Get all package name information without authority]",
  "details": "In getAllPackages of PackageManagerService, there is a possible information disclosure due to a missing permission check. This could lead to local information disclosure of cross-user permissions with no additional execution privileges needed. User interaction is not needed for exploitation.",
  "aliases": [
    "CVE-2021-0521"
  ],
  "modified": "2024-05-14T14:40:15Z",
  "published": "2021-06-01T00:00:00Z",
  "references": [
    {
      "type": "ADVISORY",
      "url": "https://source.android.com/security/bulletin/2021-06-01"
    },
    {
      "type": "FIX",
      "url": "https://android.googlesource.com/platform/frameworks/base/+/9b694ef4d45ca54bcc4b7de6940f5608047a1a16"
    }
  ],
  "affected": [
    {
      "package": {
        "name": "platform/frameworks/base",
        "ecosystem": "Android"
      },
      "ranges": [
        {
          "type": "ECOSYSTEM",
          "events": [
            {
              "introduced": "8.1:0"
            },
            {
              "fixed": "8.1:2021-06-01"
            },
            {
              "introduced": "9:0"
            },
            {
              "fixed": "9:2021-06-01"
            },
            {
              "introduced": "10:0"
            },
            {
              "fixed": "10:2021-06-01"
            },
            {
              "introduced": "11:0"
            },
            {
              "fixed": "11:2021-06-01"
            }
          ]
        }
      ],
      "versions": [
        "8.1",
        "9",
        "10",
        "11"
      ],
      "ecosystem_specific": {
        "fixes": [
          "https://android.googlesource.com/platform/frameworks/base/+/9b694ef4d45ca54bcc4b7de6940f5608047a1a16"
        ],
        "spl": "2021-06-01",
        "types": [
          "ID"
        ],
        "severity": "High"
      },
      "database_specific": {
        "source": "https://storage.googleapis.com/android-osv/ASB-A-174661955.json"
      }
    }
  ],
  "schema_version": "1.6.0"
}