{
  "id": "ASB-A-119041698",
  "summary": "[Unlimited hidden access to microphone, camera etc. on Android 9 when App is in background]",
  "details": "In several functions of NotificationManagerService.java and related files, there is a possible way to record audio from the background without notification to the user due to a permission bypass. This could lead to local escalation of privilege with User execution privileges needed. User interaction is not needed for exploitation.",
  "aliases": [
    "CVE-2019-2219"
  ],
  "modified": "2024-05-14T14:40:15Z",
  "published": "2021-05-01T00:00:00Z",
  "references": [
    {
      "type": "ADVISORY",
      "url": "https://source.android.com/security/bulletin/2021-05-01"
    },
    {
      "type": "FIX",
      "url": "https://android.googlesource.com/platform/frameworks/base/+/d96f50a85f7762f50f672981c194ebb9e6ce4ff6"
    }
  ],
  "affected": [
    {
      "package": {
        "name": "platform/frameworks/base",
        "ecosystem": "Android"
      },
      "ranges": [
        {
          "type": "ECOSYSTEM",
          "events": [
            {
              "introduced": "11:0"
            },
            {
              "fixed": "11:2021-05-05"
            }
          ]
        }
      ],
      "versions": [
        "11"
      ],
      "ecosystem_specific": {
        "fixes": [
          "https://android.googlesource.com/platform/frameworks/base/+/d96f50a85f7762f50f672981c194ebb9e6ce4ff6"
        ],
        "spl": "2021-05-05",
        "types": [
          "ID"
        ],
        "severity": "High"
      },
      "database_specific": {
        "source": "https://storage.googleapis.com/android-osv/ASB-A-119041698.json"
      }
    }
  ],
  "schema_version": "1.6.0"
}