{
  "id": "ASB-A-150226994",
  "summary": "[type confusion problem found in surfaceflinger] - ASAN Write",
  "details": "In createWithSurfaceParent of Client.cpp, there is a possible out of bounds write due to type confusion. This could lead to local escalation of privilege in the graphics server with no additional execution privileges needed. User interaction is not needed for exploitation.",
  "aliases": [
    "CVE-2020-0226"
  ],
  "modified": "2024-05-14T14:40:15Z",
  "published": "2020-07-01T00:00:00Z",
  "references": [
    {
      "type": "ADVISORY",
      "url": "https://source.android.com/security/bulletin/2020-07-01"
    },
    {
      "type": "FIX",
      "url": "https://android.googlesource.com/platform/frameworks/native/+/202515fbdb1281947323f45d3f1eb1ff3f501dda"
    }
  ],
  "affected": [
    {
      "package": {
        "name": "platform/frameworks/native",
        "ecosystem": "Android"
      },
      "ranges": [
        {
          "type": "ECOSYSTEM",
          "events": [
            {
              "introduced": "10:0"
            },
            {
              "fixed": "10:2020-07-01"
            }
          ]
        }
      ],
      "versions": [
        "10"
      ],
      "ecosystem_specific": {
        "fixes": [
          "https://android.googlesource.com/platform/frameworks/native/+/202515fbdb1281947323f45d3f1eb1ff3f501dda"
        ],
        "spl": "2020-07-01",
        "types": [
          "EoP"
        ],
        "severity": "High"
      },
      "database_specific": {
        "source": "https://storage.googleapis.com/android-osv/ASB-A-150226994.json"
      }
    }
  ],
  "schema_version": "1.6.0"
}