{
  "id": "ASB-A-216408350",
  "summary": "Linux kernel vulnerability advisory",
  "details": "In fget() of file.c, there is a possible read after free  due to a race condition. This could lead to local escalation of privilege with no additional execution privileges needed. User interaction is not needed for exploitation.",
  "aliases": [
    "CVE-2021-4083"
  ],
  "modified": "2024-05-14T14:40:15Z",
  "published": "2022-09-01T00:00:00Z",
  "references": [
    {
      "type": "ADVISORY",
      "url": "https://source.android.com/security/bulletin/2022-09-01"
    },
    {
      "type": "FIX",
      "url": "https://android.googlesource.com/kernel/common/+/054aa8d439b9185d4f5eb9a90282d1ce74772969"
    }
  ],
  "affected": [
    {
      "package": {
        "name": ":linux_kernel:",
        "ecosystem": "Android"
      },
      "ranges": [
        {
          "type": "ECOSYSTEM",
          "events": [
            {
              "introduced": ":0"
            },
            {
              "fixed": ":2022-09-05"
            }
          ]
        }
      ],
      "versions": [
        "Kernel"
      ],
      "ecosystem_specific": {
        "fixes": [
          "https://android.googlesource.com/kernel/common/+/054aa8d439b9185d4f5eb9a90282d1ce74772969"
        ],
        "spl": "2022-09-05",
        "types": [
          "EoP"
        ],
        "severity": "High"
      },
      "database_specific": {
        "source": "https://storage.googleapis.com/android-osv/ASB-A-216408350.json"
      }
    }
  ],
  "schema_version": "1.6.0"
}