{
  "id": "ASB-A-159145361",
  "summary": "Incorrect mProviderPkg Display in SlicePermissionActivity",
  "details": "In onCreate of SlicePermissionActivity.java, there is a possible misleading string displayed due to improper input validation. This could lead to local information disclosure with User execution privileges needed. User interaction is needed for exploitation.",
  "aliases": [
    "CVE-2021-0322"
  ],
  "modified": "2024-05-14T14:40:15Z",
  "published": "2021-01-01T00:00:00Z",
  "references": [
    {
      "type": "ADVISORY",
      "url": "https://source.android.com/security/bulletin/2021-01-01"
    },
    {
      "type": "FIX",
      "url": "https://android.googlesource.com/platform/frameworks/base/+/a185996c829a159bb27446697329b01464ab3c03"
    },
    {
      "type": "FIX",
      "url": "https://android.googlesource.com/platform/frameworks/base/+/e237a83f95767f669b83508bb1f594091cbd6bac"
    }
  ],
  "affected": [
    {
      "package": {
        "name": "platform/frameworks/base",
        "ecosystem": "Android"
      },
      "ranges": [
        {
          "type": "ECOSYSTEM",
          "events": [
            {
              "introduced": "9:0"
            },
            {
              "fixed": "9:2021-01-01"
            },
            {
              "introduced": "10:0"
            },
            {
              "fixed": "10:2021-01-01"
            },
            {
              "introduced": "11:0"
            },
            {
              "fixed": "11:2021-01-01"
            }
          ]
        }
      ],
      "versions": [
        "9",
        "10",
        "11"
      ],
      "ecosystem_specific": {
        "fixes": [
          "https://android.googlesource.com/platform/frameworks/base/+/a185996c829a159bb27446697329b01464ab3c03",
          "https://android.googlesource.com/platform/frameworks/base/+/e237a83f95767f669b83508bb1f594091cbd6bac"
        ],
        "spl": "2021-01-01",
        "types": [
          "ID"
        ],
        "severity": "High"
      },
      "database_specific": {
        "source": "https://storage.googleapis.com/android-osv/ASB-A-159145361.json"
      }
    }
  ],
  "schema_version": "1.6.0"
}