{
  "id": "ASB-A-161812320",
  "summary": "AIBinder_Class constructor doesn't initialize onDump or handleShellCommand.",
  "details": "In the AIBinder_Class constructor of ibinder.cpp, there is a possible arbitrary code execution due to uninitialized data. This could lead to local escalation of privilege if a process were using libbinder_ndk in a vulnerable way with no additional execution privileges needed. User interaction is not needed for exploitation.",
  "aliases": [
    "CVE-2020-0438"
  ],
  "modified": "2024-05-14T14:40:15Z",
  "published": "2020-11-01T00:00:00Z",
  "references": [
    {
      "type": "ADVISORY",
      "url": "https://source.android.com/security/bulletin/2020-11-01"
    },
    {
      "type": "FIX",
      "url": "https://android.googlesource.com/platform/frameworks/native/+/10b19f86d9d8bec6f47f31449593711479f336a5"
    }
  ],
  "affected": [
    {
      "package": {
        "name": "platform/frameworks/native",
        "ecosystem": "Android"
      },
      "ranges": [
        {
          "type": "ECOSYSTEM",
          "events": [
            {
              "introduced": "10:0"
            },
            {
              "fixed": "10:2020-11-01"
            },
            {
              "introduced": "11:0"
            },
            {
              "fixed": "11:2020-11-01"
            }
          ]
        }
      ],
      "versions": [
        "10",
        "11"
      ],
      "ecosystem_specific": {
        "fixes": [
          "https://android.googlesource.com/platform/frameworks/native/+/10b19f86d9d8bec6f47f31449593711479f336a5"
        ],
        "spl": "2020-11-01",
        "types": [
          "EoP"
        ],
        "severity": "High"
      },
      "database_specific": {
        "source": "https://storage.googleapis.com/android-osv/ASB-A-161812320.json"
      }
    }
  ],
  "schema_version": "1.6.0"
}