{
  "id": "ASB-A-146398979",
  "summary": "sbcdecoder_fuzzer: Tag-mismatch in oneChannelBitAllocation",
  "details": "In allocExcessBits of bitalloc.c, there is a possible out of bounds write due to an incorrect bounds check. This could lead to remote code execution with no additional execution privileges needed. User interaction is not needed for exploitation.",
  "aliases": [
    "CVE-2020-0380"
  ],
  "modified": "2024-05-14T14:40:15Z",
  "published": "2020-09-01T00:00:00Z",
  "references": [
    {
      "type": "ADVISORY",
      "url": "https://source.android.com/security/bulletin/2020-09-01"
    },
    {
      "type": "FIX",
      "url": "https://android.googlesource.com/platform/system/bt/+/59c234a8fddda37147bb3fe1dd3b3a668828bcab"
    }
  ],
  "affected": [
    {
      "package": {
        "name": "platform/system/bt",
        "ecosystem": "Android"
      },
      "ranges": [
        {
          "type": "ECOSYSTEM",
          "events": [
            {
              "introduced": "8.0:0"
            },
            {
              "fixed": "8.0:2020-09-01"
            },
            {
              "introduced": "8.1:0"
            },
            {
              "fixed": "8.1:2020-09-01"
            },
            {
              "introduced": "9:0"
            },
            {
              "fixed": "9:2020-09-01"
            },
            {
              "introduced": "10:0"
            },
            {
              "fixed": "10:2020-09-01"
            }
          ]
        }
      ],
      "versions": [
        "8.0",
        "8.1",
        "9",
        "10"
      ],
      "ecosystem_specific": {
        "fixes": [
          "https://android.googlesource.com/platform/system/bt/+/59c234a8fddda37147bb3fe1dd3b3a668828bcab"
        ],
        "spl": "2020-09-01",
        "types": [
          "RCE"
        ],
        "severity": "Critical"
      },
      "database_specific": {
        "source": "https://storage.googleapis.com/android-osv/ASB-A-146398979.json"
      }
    }
  ],
  "schema_version": "1.6.0"
}