{
  "id": "ASB-A-206807679",
  "summary": "App can set discoverable timeout of device' s Bluetooth without showing system dialog to user.",
  "details": "In setDiscoverableTimeout of AdapterService.java, there is a possible bypass of user interaction due to a missing permission check. This could lead to local escalation of privilege with User execution privileges needed. User interaction is not needed for exploitation.",
  "aliases": [
    "CVE-2022-20133"
  ],
  "modified": "2024-05-14T14:40:16Z",
  "published": "2022-06-01T00:00:00Z",
  "references": [
    {
      "type": "ADVISORY",
      "url": "https://source.android.com/security/bulletin/2022-06-01"
    },
    {
      "type": "FIX",
      "url": "https://android.googlesource.com/platform/packages/apps/Bluetooth/+/cc22abc0643c66e5873cbd0d15cd128816a186cf"
    }
  ],
  "affected": [
    {
      "package": {
        "name": "platform/packages/modules/Bluetooth",
        "ecosystem": "Android"
      },
      "ranges": [
        {
          "type": "ECOSYSTEM",
          "events": [
            {
              "introduced": "10:0"
            },
            {
              "fixed": "10:2022-06-01"
            },
            {
              "introduced": "11:0"
            },
            {
              "fixed": "11:2022-06-01"
            },
            {
              "introduced": "12:0"
            },
            {
              "fixed": "12:2022-06-01"
            },
            {
              "introduced": "12L:0"
            },
            {
              "fixed": "12L:2022-06-01"
            }
          ]
        }
      ],
      "versions": [
        "10",
        "11",
        "12",
        "12L"
      ],
      "ecosystem_specific": {
        "fixes": [
          "https://android.googlesource.com/platform/packages/modules/Bluetooth/+/e208fcf394b9591a41250de8ee8bdad3bd9af558"
        ],
        "spl": "2022-06-01",
        "types": [
          "EoP"
        ],
        "severity": "High"
      },
      "database_specific": {
        "source": "https://storage.googleapis.com/android-osv/ASB-A-206807679.json"
      }
    }
  ],
  "schema_version": "1.6.0"
}