{
  "id": "ASB-A-150706594",
  "summary": "Integer overflow in pacprocessor's libpac-chromium can lead to RCE, with poc and exploit",
  "details": "In NewFixedDoubleArray of factory.cc, there is a possible out of bounds write due to an integer overflow. This could lead to remote code execution with no additional execution privileges needed. User interaction is needed for exploitation.",
  "aliases": [
    "CVE-2020-0240"
  ],
  "modified": "2024-05-14T14:40:15Z",
  "published": "2020-08-01T00:00:00Z",
  "references": [
    {
      "type": "ADVISORY",
      "url": "https://source.android.com/security/bulletin/2020-08-01"
    },
    {
      "type": "FIX",
      "url": "https://android.googlesource.com/platform/external/v8/+/cb30bc6720cb3864d1a9f9c55b7d53ab2d9a5f7a"
    }
  ],
  "affected": [
    {
      "package": {
        "name": "platform/external/v8",
        "ecosystem": "Android"
      },
      "ranges": [
        {
          "type": "ECOSYSTEM",
          "events": [
            {
              "introduced": "10:0"
            },
            {
              "fixed": "10:2020-08-01"
            }
          ]
        }
      ],
      "versions": [
        "10"
      ],
      "ecosystem_specific": {
        "fixes": [
          "https://android.googlesource.com/platform/external/v8/+/cb30bc6720cb3864d1a9f9c55b7d53ab2d9a5f7a"
        ],
        "spl": "2020-08-01",
        "types": [
          "RCE"
        ],
        "severity": "High"
      },
      "database_specific": {
        "source": "https://storage.googleapis.com/android-osv/ASB-A-150706594.json"
      }
    }
  ],
  "schema_version": "1.6.0"
}