{
  "id": "ASB-A-219546241",
  "summary": "Built-In VPN \"Magically\" Disabled Itself When Entering WiFi",
  "details": "In onDefaultNetworkChanged of Vpn.java, there is a possible way to disable VPN due to a logic error in the code. This could lead to local escalation of privilege with no additional execution privileges needed. User interaction is not needed for exploitation.",
  "aliases": [
    "CVE-2022-20354"
  ],
  "modified": "2024-05-14T14:40:15Z",
  "published": "2022-08-01T00:00:00Z",
  "references": [
    {
      "type": "ADVISORY",
      "url": "https://source.android.com/security/bulletin/2022-08-01"
    },
    {
      "type": "FIX",
      "url": "https://android.googlesource.com/platform/frameworks/base/+/90fece0bec5e4d5c04c422d09c2122ac0b894da5"
    },
    {
      "type": "FIX",
      "url": "https://android.googlesource.com/platform/frameworks/base/+/7e943a04c5f5c6a99292c0b0a8103307548cfd26"
    }
  ],
  "affected": [
    {
      "package": {
        "name": "platform/frameworks/base",
        "ecosystem": "Android"
      },
      "ranges": [
        {
          "type": "ECOSYSTEM",
          "events": [
            {
              "introduced": "11:0"
            },
            {
              "fixed": "11:2022-08-01"
            },
            {
              "introduced": "12:0"
            },
            {
              "fixed": "12:2022-08-01"
            },
            {
              "introduced": "12L:0"
            },
            {
              "fixed": "12L:2022-08-01"
            }
          ]
        }
      ],
      "versions": [
        "11",
        "12",
        "12L"
      ],
      "ecosystem_specific": {
        "fixes": [
          "https://android.googlesource.com/platform/frameworks/base/+/90fece0bec5e4d5c04c422d09c2122ac0b894da5",
          "https://android.googlesource.com/platform/frameworks/base/+/7e943a04c5f5c6a99292c0b0a8103307548cfd26"
        ],
        "spl": "2022-08-01",
        "types": [
          "EoP"
        ],
        "severity": "High"
      },
      "database_specific": {
        "source": "https://storage.googleapis.com/android-osv/ASB-A-219546241.json"
      }
    }
  ],
  "schema_version": "1.6.0"
}