{
  "id": "ASB-A-174904512",
  "summary": "Android Vomit Report",
  "details": "In nf_conntrack_helper_q931 of nf_conntrack_h323_main.c, there is a possible out of bounds write due to a missing bounds check. This could lead to local escalation of privilege with no additional execution privileges needed. User interaction is not required for exploitation.",
  "aliases": [
    "CVE-2020-14305"
  ],
  "modified": "2024-05-14T14:40:15Z",
  "published": "2021-06-01T00:00:00Z",
  "references": [
    {
      "type": "ADVISORY",
      "url": "https://source.android.com/security/bulletin/2021-06-01"
    },
    {
      "type": "FIX",
      "url": "https://android.googlesource.com/kernel/common/+/396ba2fc4f27ef6c44bbc0098bfddf4da76dc4c9"
    }
  ],
  "affected": [
    {
      "package": {
        "name": ":linux_kernel:",
        "ecosystem": "Android"
      },
      "ranges": [
        {
          "type": "ECOSYSTEM",
          "events": [
            {
              "introduced": ":0"
            },
            {
              "fixed": ":2021-06-05"
            }
          ]
        }
      ],
      "versions": [
        "Kernel"
      ],
      "ecosystem_specific": {
        "fixes": [
          "https://android.googlesource.com/kernel/common/+/396ba2fc4f27ef6c44bbc0098bfddf4da76dc4c9"
        ],
        "spl": "2021-06-05",
        "types": [
          "EoP"
        ],
        "severity": "High"
      },
      "database_specific": {
        "source": "https://storage.googleapis.com/android-osv/ASB-A-174904512.json"
      }
    }
  ],
  "schema_version": "1.6.0"
}