{
  "id": "ASB-A-159625731",
  "summary": "libexif: Integer Overflow in exif_entry_get_value",
  "details": "In exif_entry_get_value of exif-entry.c, there is a possible out of bounds write due to an integer overflow. This could lead to remote code execution if a third party app used this library to process remote image data with no additional execution privileges needed. User interaction is not needed for exploitation.",
  "aliases": [
    "CVE-2020-0452"
  ],
  "modified": "2024-05-14T14:40:15Z",
  "published": "2020-11-01T00:00:00Z",
  "references": [
    {
      "type": "ADVISORY",
      "url": "https://source.android.com/security/bulletin/2020-11-01"
    },
    {
      "type": "FIX",
      "url": "https://android.googlesource.com/platform/external/libexif/+/8e7345f3bc0bad06ac369d6cbc1124c8ceaf7d4b"
    }
  ],
  "affected": [
    {
      "package": {
        "name": "platform/external/libexif",
        "ecosystem": "Android"
      },
      "ranges": [
        {
          "type": "ECOSYSTEM",
          "events": [
            {
              "introduced": "8.0:0"
            },
            {
              "fixed": "8.0:2020-11-01"
            },
            {
              "introduced": "8.1:0"
            },
            {
              "fixed": "8.1:2020-11-01"
            },
            {
              "introduced": "9:0"
            },
            {
              "fixed": "9:2020-11-01"
            },
            {
              "introduced": "10:0"
            },
            {
              "fixed": "10:2020-11-01"
            },
            {
              "introduced": "11:0"
            },
            {
              "fixed": "11:2020-11-01"
            }
          ]
        }
      ],
      "versions": [
        "8.0",
        "8.1",
        "9",
        "10",
        "11"
      ],
      "ecosystem_specific": {
        "fixes": [
          "https://android.googlesource.com/platform/external/libexif/+/8e7345f3bc0bad06ac369d6cbc1124c8ceaf7d4b"
        ],
        "spl": "2020-11-01",
        "types": [
          "RCE"
        ],
        "severity": "High"
      },
      "database_specific": {
        "source": "https://storage.googleapis.com/android-osv/ASB-A-159625731.json"
      }
    }
  ],
  "schema_version": "1.6.0"
}