{
  "id": "ASB-A-196926917",
  "summary": "Linux kernel: race condition during SCM_RIGHTS garbage collection",
  "details": "In unix_scm_to_skb of af_unix.c, there is a possible use after free bug due to a race condition. This could lead to local escalation of privilege with System execution privileges needed. User interaction is not needed for exploitation.",
  "aliases": [
    "CVE-2021-0920"
  ],
  "modified": "2024-05-14T14:40:15Z",
  "published": "2021-11-01T00:00:00Z",
  "references": [
    {
      "type": "ADVISORY",
      "url": "https://source.android.com/security/bulletin/2021-11-01"
    },
    {
      "type": "FIX",
      "url": "https://android.googlesource.com/kernel/common/+/cbcf01128d0a92e131bd09f1688fe032480b65ca"
    }
  ],
  "affected": [
    {
      "package": {
        "name": ":linux_kernel:",
        "ecosystem": "Android"
      },
      "ranges": [
        {
          "type": "ECOSYSTEM",
          "events": [
            {
              "introduced": ":0"
            },
            {
              "fixed": ":2021-11-05"
            }
          ]
        }
      ],
      "versions": [
        "Kernel"
      ],
      "ecosystem_specific": {
        "fixes": [
          "https://android.googlesource.com/kernel/common/+/cbcf01128d0a92e131bd09f1688fe032480b65ca"
        ],
        "spl": "2021-11-05",
        "types": [
          "EoP"
        ],
        "severity": "High"
      },
      "database_specific": {
        "source": "https://storage.googleapis.com/android-osv/ASB-A-196926917.json"
      }
    }
  ],
  "schema_version": "1.6.0"
}