{
  "id": "ASB-A-223907044",
  "summary": "Obtaining dangerous platform permission with app update",
  "details": "In PermissionController, there is a possible way to get and retain permissions without user's consent due to a logic error in the code. This could lead to local escalation of privilege with no additional execution privileges needed. User interaction is needed for exploitation.",
  "aliases": [
    "CVE-2022-20218"
  ],
  "modified": "2024-05-14T14:40:15Z",
  "published": "2022-09-01T00:00:00Z",
  "references": [
    {
      "type": "ADVISORY",
      "url": "https://source.android.com/security/bulletin/2022-09-01"
    },
    {
      "type": "FIX",
      "url": "https://android.googlesource.com/platform/packages/modules/Permission/+/8dbba56c6fe90f5559bdcfccd70594efcbba61b6"
    }
  ],
  "affected": [
    {
      "package": {
        "name": "platform/packages/modules/Permission",
        "ecosystem": "Android"
      },
      "ranges": [
        {
          "type": "ECOSYSTEM",
          "events": [
            {
              "introduced": "12:0"
            },
            {
              "fixed": "12:2022-09-01"
            },
            {
              "introduced": "12L:0"
            },
            {
              "fixed": "12L:2022-09-01"
            }
          ]
        }
      ],
      "versions": [
        "12",
        "12L"
      ],
      "ecosystem_specific": {
        "fixes": [
          "https://android.googlesource.com/platform/packages/modules/Permission/+/8dbba56c6fe90f5559bdcfccd70594efcbba61b6"
        ],
        "spl": "2022-09-01",
        "types": [
          "EoP"
        ],
        "severity": "High"
      },
      "database_specific": {
        "source": "https://storage.googleapis.com/android-osv/ASB-A-223907044.json"
      }
    }
  ],
  "schema_version": "1.6.0"
}