{
  "id": "ASB-A-185126319",
  "summary": "Dialer launchVoicemailSettingsIntent PendingIntent could be Hijacked to Access of Sensitive Contacts and ICCID",
  "details": "In sendLegacyVoicemailNotification of LegacyModeSmsHandler.java, there is a possible permissions bypass due to an unsafe PendingIntent. This could lead to local escalation of privilege with User execution privileges needed. User interaction is not needed for exploitation.",
  "aliases": [
    "CVE-2021-39621"
  ],
  "modified": "2024-05-14T14:40:15Z",
  "published": "2022-01-01T00:00:00Z",
  "references": [
    {
      "type": "ADVISORY",
      "url": "https://source.android.com/security/bulletin/2022-01-01"
    },
    {
      "type": "FIX",
      "url": "https://android.googlesource.com/platform/packages/apps/Dialer/+/9c452d9f25d8fb41fd3ec627293a2481fde778d4"
    }
  ],
  "affected": [
    {
      "package": {
        "name": "platform/packages/apps/Dialer",
        "ecosystem": "Android"
      },
      "ranges": [
        {
          "type": "ECOSYSTEM",
          "events": [
            {
              "introduced": "9:0"
            },
            {
              "fixed": "9:2022-01-01"
            },
            {
              "introduced": "10:0"
            },
            {
              "fixed": "10:2022-01-01"
            },
            {
              "introduced": "11:0"
            },
            {
              "fixed": "11:2022-01-01"
            },
            {
              "introduced": "12:0"
            },
            {
              "fixed": "12:2022-01-01"
            }
          ]
        }
      ],
      "versions": [
        "9",
        "10",
        "11",
        "12"
      ],
      "ecosystem_specific": {
        "fixes": [
          "https://android.googlesource.com/platform/packages/apps/Dialer/+/9c452d9f25d8fb41fd3ec627293a2481fde778d4"
        ],
        "spl": "2022-01-01",
        "types": [
          "EoP"
        ],
        "severity": "High"
      },
      "database_specific": {
        "source": "https://storage.googleapis.com/android-osv/ASB-A-185126319.json"
      }
    }
  ],
  "schema_version": "1.6.0"
}