{
  "id": "ASB-A-150160041",
  "summary": "[libsonivox: heap-overflow-in-function-parse_rgn] - ASAN WRITE",
  "details": "In Parse_insh of eas_mdls.c, there is a possible out of bounds write due to an incorrect bounds check. This could lead to remote information disclosure in the media extractor with no additional execution privileges needed. User interaction is needed for exploitation.",
  "aliases": [
    "CVE-2020-0385"
  ],
  "modified": "2024-05-14T14:40:15Z",
  "published": "2020-09-01T00:00:00Z",
  "references": [
    {
      "type": "ADVISORY",
      "url": "https://source.android.com/security/bulletin/2020-09-01"
    },
    {
      "type": "FIX",
      "url": "https://android.googlesource.com/platform/external/sonivox/+/e689e94f3b7473497052e81d906a10a82407e559"
    }
  ],
  "affected": [
    {
      "package": {
        "name": "platform/external/sonivox",
        "ecosystem": "Android"
      },
      "ranges": [
        {
          "type": "ECOSYSTEM",
          "events": [
            {
              "introduced": "8.0:0"
            },
            {
              "fixed": "8.0:2020-09-01"
            },
            {
              "introduced": "8.1:0"
            },
            {
              "fixed": "8.1:2020-09-01"
            },
            {
              "introduced": "9:0"
            },
            {
              "fixed": "9:2020-09-01"
            },
            {
              "introduced": "10:0"
            },
            {
              "fixed": "10:2020-09-01"
            }
          ]
        }
      ],
      "versions": [
        "8.0",
        "8.1",
        "9",
        "10"
      ],
      "ecosystem_specific": {
        "fixes": [
          "https://android.googlesource.com/platform/external/sonivox/+/e689e94f3b7473497052e81d906a10a82407e559"
        ],
        "spl": "2020-09-01",
        "types": [
          "ID"
        ],
        "severity": "High"
      },
      "database_specific": {
        "source": "https://storage.googleapis.com/android-osv/ASB-A-150160041.json"
      }
    }
  ],
  "schema_version": "1.6.0"
}