{
  "id": "ASB-A-205460459",
  "summary": "Misleading UI design: Settings -> VPN",
  "details": "In onResume of AppManagementFragment.java, there is a possible way to prevent users from forgetting a previously connected VPN due to improper input validation. This could lead to local escalation of privilege with no additional execution privileges needed. User interaction is not needed for exploitation.",
  "aliases": [
    "CVE-2023-21121"
  ],
  "modified": "2024-05-14T14:40:15Z",
  "published": "2023-06-01T00:00:00Z",
  "references": [
    {
      "type": "ADVISORY",
      "url": "https://source.android.com/security/bulletin/2023-06-01"
    }
  ],
  "affected": [
    {
      "package": {
        "name": "platform/packages/apps/Settings",
        "ecosystem": "Android"
      },
      "ranges": [
        {
          "type": "ECOSYSTEM",
          "events": [
            {
              "introduced": "11:0"
            },
            {
              "fixed": "11:2023-06-01"
            },
            {
              "introduced": "12:0"
            },
            {
              "fixed": "12:2023-06-01"
            }
          ]
        }
      ],
      "versions": [
        "11",
        "12"
      ],
      "ecosystem_specific": {
        "fixes": [
          "https://android.googlesource.com/platform/packages/apps/Settings/+/144f295d7aa66bae8556ba030553a49615eab0b2"
        ],
        "spl": "2023-06-01",
        "types": [
          "EoP"
        ],
        "severity": "High"
      },
      "database_specific": {
        "source": "https://storage.googleapis.com/android-osv/ASB-A-205460459.json"
      }
    }
  ],
  "schema_version": "1.6.0"
}