{
  "id": "ASB-A-157748906",
  "summary": "Connected Wi-Fi AP BSSID broadcast without requiring location permissions by PasspointManager",
  "details": "In onWnmFrameReceived of PasspointManager.java, there is a missing permission check. This could lead to local information disclosure of location data with User execution privileges needed. User interaction is not needed for exploitation.",
  "aliases": [
    "CVE-2020-0378"
  ],
  "modified": "2024-05-14T14:40:15Z",
  "published": "2020-10-01T00:00:00Z",
  "references": [
    {
      "type": "ADVISORY",
      "url": "https://source.android.com/security/bulletin/2020-10-01"
    },
    {
      "type": "FIX",
      "url": "https://android.googlesource.com/platform/frameworks/opt/net/wifi/+/6f1aafe2d4b979cf64ab7a5150a021f977cfed37"
    }
  ],
  "affected": [
    {
      "package": {
        "name": "platform/frameworks/opt/net/wifi",
        "ecosystem": "Android"
      },
      "ranges": [
        {
          "type": "ECOSYSTEM",
          "events": [
            {
              "introduced": "9:0"
            },
            {
              "fixed": "9:2020-10-01"
            },
            {
              "introduced": "10:0"
            },
            {
              "fixed": "10:2020-10-01"
            }
          ]
        }
      ],
      "versions": [
        "9",
        "10"
      ],
      "ecosystem_specific": {
        "fixes": [
          "https://android.googlesource.com/platform/frameworks/opt/net/wifi/+/6f1aafe2d4b979cf64ab7a5150a021f977cfed37"
        ],
        "spl": "2020-10-01",
        "types": [
          "ID"
        ],
        "severity": "High"
      },
      "database_specific": {
        "source": "https://storage.googleapis.com/android-osv/ASB-A-157748906.json"
      }
    }
  ],
  "schema_version": "1.6.0"
}