{
  "id": "ASB-A-170474245",
  "summary": "Screenshots across multiple users on Android 11",
  "details": "In several functions of ScreenshotHelper.java and related files, there is a possible incorrectly saved screenshot due to a race condition. This could lead to local information disclosure across user profiles with no additional execution privileges needed. User interaction is needed for exploitation.",
  "aliases": [
    "CVE-2021-0443"
  ],
  "modified": "2024-05-14T14:40:15Z",
  "published": "2021-04-01T00:00:00Z",
  "references": [
    {
      "type": "ADVISORY",
      "url": "https://source.android.com/security/bulletin/2021-04-01"
    },
    {
      "type": "FIX",
      "url": "https://android.googlesource.com/platform/frameworks/base/+/02d2eb5204eecfeba7aeb24f3abce9e2e9bba9f0"
    }
  ],
  "affected": [
    {
      "package": {
        "name": "platform/frameworks/base",
        "ecosystem": "Android"
      },
      "ranges": [
        {
          "type": "ECOSYSTEM",
          "events": [
            {
              "introduced": "8.1:0"
            },
            {
              "fixed": "8.1:2021-04-01"
            },
            {
              "introduced": "9:0"
            },
            {
              "fixed": "9:2021-04-01"
            },
            {
              "introduced": "10:0"
            },
            {
              "fixed": "10:2021-04-01"
            },
            {
              "introduced": "11:0"
            },
            {
              "fixed": "11:2021-04-01"
            }
          ]
        }
      ],
      "versions": [
        "8.1",
        "9",
        "10",
        "11"
      ],
      "ecosystem_specific": {
        "fixes": [
          "https://android.googlesource.com/platform/frameworks/base/+/02d2eb5204eecfeba7aeb24f3abce9e2e9bba9f0"
        ],
        "spl": "2021-04-01",
        "types": [
          "ID"
        ],
        "severity": "High"
      },
      "database_specific": {
        "source": "https://storage.googleapis.com/android-osv/ASB-A-170474245.json"
      }
    }
  ],
  "schema_version": "1.6.0"
}