{
  "id": "ASB-A-197228210",
  "summary": "[startActivity() with system privileges]",
  "details": "In writeThrowable of AndroidFuture.java, there is a possible parcel serialization/deserialization mismatch due to improper input validation. This could lead to local escalation of privilege with no additional execution privileges needed. User interaction is not needed for exploitation.",
  "aliases": [
    "CVE-2021-39676"
  ],
  "modified": "2024-05-14T14:40:15Z",
  "published": "2022-02-01T00:00:00Z",
  "references": [
    {
      "type": "ADVISORY",
      "url": "https://source.android.com/security/bulletin/2022-02-01"
    }
  ],
  "affected": [
    {
      "package": {
        "name": ":unknown:",
        "ecosystem": "Android"
      },
      "ranges": [
        {
          "type": "ECOSYSTEM",
          "events": [
            {
              "introduced": "11:0"
            },
            {
              "fixed": "11:2022-02-01"
            }
          ]
        }
      ],
      "versions": [
        "11"
      ],
      "ecosystem_specific": {
        "spl": "2022-02-01",
        "types": [
          "EoP"
        ],
        "severity": "High"
      },
      "database_specific": {
        "source": "https://storage.googleapis.com/android-osv/ASB-A-197228210.json"
      }
    }
  ],
  "schema_version": "1.6.0"
}