{
  "id": "ASB-A-196046570",
  "summary": "281334 Information disclosure vulnerability has been discovered in the Android kernel 5.4 branch",
  "details": "In quota_proc_write of xt_quota2.c, there is a possible way to read kernel memory due to uninitialized data. This could lead to local information disclosure with System execution privileges needed. User interaction is not needed for exploitation.",
  "aliases": [
    "CVE-2021-0961"
  ],
  "modified": "2024-05-14T14:40:15Z",
  "published": "2021-12-01T00:00:00Z",
  "references": [
    {
      "type": "ADVISORY",
      "url": "https://source.android.com/security/bulletin/2021-12-01"
    },
    {
      "type": "FIX",
      "url": "https://android.googlesource.com/kernel/common/+/e113eb454e92"
    },
    {
      "type": "FIX",
      "url": "https://android.googlesource.com/kernel/common/+/60a4c35570d9"
    },
    {
      "type": "FIX",
      "url": "https://android.googlesource.com/kernel/common/+/4b05a506bda0"
    }
  ],
  "affected": [
    {
      "package": {
        "name": ":linux_kernel:",
        "ecosystem": "Android"
      },
      "ranges": [
        {
          "type": "ECOSYSTEM",
          "events": [
            {
              "introduced": ":0"
            },
            {
              "fixed": ":2021-12-05"
            }
          ]
        }
      ],
      "versions": [
        "Kernel"
      ],
      "ecosystem_specific": {
        "fixes": [
          "https://android.googlesource.com/kernel/common/+/e113eb454e92",
          "https://android.googlesource.com/kernel/common/+/60a4c35570d9",
          "https://android.googlesource.com/kernel/common/+/4b05a506bda0"
        ],
        "spl": "2021-12-05",
        "types": [
          "ID"
        ],
        "severity": "Moderate"
      },
      "database_specific": {
        "source": "https://storage.googleapis.com/android-osv/ASB-A-196046570.json"
      }
    }
  ],
  "schema_version": "1.6.0"
}