{
  "id": "ASB-A-193444889",
  "summary": "Disable Arbitrary App Components on Android 10 and higher",
  "details": "In startListening of PluginManagerImpl.java, there is a possible way to disable arbitrary app components due to a missing permission check. This could lead to local denial of service with no additional execution privileges needed. User interaction is not needed for exploitation.",
  "aliases": [
    "CVE-2021-0706"
  ],
  "modified": "2024-05-14T14:40:15Z",
  "published": "2022-02-01T00:00:00Z",
  "references": [
    {
      "type": "ADVISORY",
      "url": "https://source.android.com/security/bulletin/2022-02-01"
    }
  ],
  "affected": [
    {
      "package": {
        "name": ":unknown:",
        "ecosystem": "Android"
      },
      "ranges": [
        {
          "type": "ECOSYSTEM",
          "events": [
            {
              "introduced": "10:0"
            },
            {
              "fixed": "10:2022-02-01"
            },
            {
              "introduced": "11:0"
            },
            {
              "fixed": "11:2022-02-01"
            }
          ]
        }
      ],
      "versions": [
        "10",
        "11"
      ],
      "ecosystem_specific": {
        "spl": "2022-02-01",
        "types": [
          "DoS"
        ],
        "severity": "High"
      },
      "database_specific": {
        "source": "https://storage.googleapis.com/android-osv/ASB-A-193444889.json"
      }
    }
  ],
  "schema_version": "1.6.0"
}