{
  "id": "ASB-A-191053931",
  "summary": "AOSP Contacts - Bypass WRITE_CONTACTS permission to add a new contact",
  "details": "In onCreate of NfcImportVCardActivity.java, there is a possible way to add a contact without user's consent due to a missing permission check. This could lead to local escalation of privilege with no additional execution privileges needed. User interaction is not needed for exploitation.",
  "aliases": [
    "CVE-2021-0926"
  ],
  "modified": "2024-05-14T14:40:15Z",
  "published": "2021-11-01T00:00:00Z",
  "references": [
    {
      "type": "ADVISORY",
      "url": "https://source.android.com/security/bulletin/2021-11-01"
    },
    {
      "type": "FIX",
      "url": "https://android.googlesource.com/platform/packages/apps/Contacts/+/80dd1abacb5f08f8022e43ef5465c407169e9fd5"
    }
  ],
  "affected": [
    {
      "package": {
        "name": "platform/packages/apps/Contacts",
        "ecosystem": "Android"
      },
      "ranges": [
        {
          "type": "ECOSYSTEM",
          "events": [
            {
              "introduced": "9:0"
            },
            {
              "fixed": "9:2021-11-01"
            },
            {
              "introduced": "10:0"
            },
            {
              "fixed": "10:2021-11-01"
            },
            {
              "introduced": "11:0"
            },
            {
              "fixed": "11:2021-11-01"
            },
            {
              "introduced": "12:0"
            },
            {
              "fixed": "12:2021-11-01"
            }
          ]
        }
      ],
      "versions": [
        "9",
        "10",
        "11",
        "12"
      ],
      "ecosystem_specific": {
        "fixes": [
          "https://android.googlesource.com/platform/packages/apps/Contacts/+/80dd1abacb5f08f8022e43ef5465c407169e9fd5"
        ],
        "spl": "2021-11-01",
        "types": [
          "EoP"
        ],
        "severity": "High"
      },
      "database_specific": {
        "source": "https://storage.googleapis.com/android-osv/ASB-A-191053931.json"
      }
    }
  ],
  "schema_version": "1.6.0"
}