{
  "id": "ASB-A-209446496",
  "summary": "[Owner's NFC can be used by the guest without authorization]",
  "details": "In handleNfcStateChanged of SecureNfcEnabler.java, there is a possible way to enable NFC from the Guest account due to a missing permission check. This could lead to local escalation of privilege from the Guest account with no additional execution privileges needed. User interaction is not needed for exploitation.",
  "aliases": [
    "CVE-2021-39807"
  ],
  "modified": "2024-05-14T14:40:15Z",
  "published": "2022-04-01T00:00:00Z",
  "references": [
    {
      "type": "ADVISORY",
      "url": "https://source.android.com/security/bulletin/2022-04-01"
    },
    {
      "type": "FIX",
      "url": "https://android.googlesource.com/platform/packages/apps/Settings/+/c59ecb07f5b16d38f3976ce393cc5c29a241963a"
    }
  ],
  "affected": [
    {
      "package": {
        "name": "platform/packages/apps/Settings",
        "ecosystem": "Android"
      },
      "ranges": [
        {
          "type": "ECOSYSTEM",
          "events": [
            {
              "introduced": "10:0"
            },
            {
              "fixed": "10:2022-04-05"
            },
            {
              "introduced": "11:0"
            },
            {
              "fixed": "11:2022-04-05"
            },
            {
              "introduced": "12:0"
            },
            {
              "fixed": "12:2022-04-05"
            },
            {
              "introduced": "12L:0"
            },
            {
              "fixed": "12L:2022-04-05"
            }
          ]
        }
      ],
      "versions": [
        "10",
        "11",
        "12",
        "12L"
      ],
      "ecosystem_specific": {
        "fixes": [
          "https://android.googlesource.com/platform/packages/apps/Settings/+/c59ecb07f5b16d38f3976ce393cc5c29a241963a"
        ],
        "spl": "2022-04-05",
        "types": [
          "EoP"
        ],
        "severity": "High"
      },
      "database_specific": {
        "source": "https://storage.googleapis.com/android-osv/ASB-A-209446496.json"
      }
    }
  ],
  "schema_version": "1.6.0"
}