{
  "id": "ASB-A-204906124",
  "summary": "InputMethodManager#getInputMethodWindowVisibleHeight() leaks user activity to any app",
  "details": "In getInputMethodWindowVisibleHeight of InputMethodManagerService.java, there is a possible way to determine when another app is showing an IME due to a missing permission check. This could lead to local information disclosure with no additional execution privileges needed. User interaction is needed for exploitation.",
  "aliases": [
    "CVE-2022-20394"
  ],
  "modified": "2024-05-14T14:40:15Z",
  "published": "2022-10-01T00:00:00Z",
  "references": [
    {
      "type": "ADVISORY",
      "url": "https://source.android.com/security/bulletin/2022-10-01"
    },
    {
      "type": "FIX",
      "url": "https://android.googlesource.com/platform/frameworks/base/+/9df1f523f1193a653df37d27cfc1b91179b5204f"
    }
  ],
  "affected": [
    {
      "package": {
        "name": "platform/frameworks/base",
        "ecosystem": "Android"
      },
      "ranges": [
        {
          "type": "ECOSYSTEM",
          "events": [
            {
              "introduced": "10:0"
            },
            {
              "fixed": "10:2022-10-01"
            },
            {
              "introduced": "11:0"
            },
            {
              "fixed": "11:2022-10-01"
            },
            {
              "introduced": "12:0"
            },
            {
              "fixed": "12:2022-10-01"
            },
            {
              "introduced": "12L:0"
            },
            {
              "fixed": "12L:2022-10-01"
            }
          ]
        }
      ],
      "versions": [
        "10",
        "11",
        "12",
        "12L"
      ],
      "ecosystem_specific": {
        "fixes": [
          "https://android.googlesource.com/platform/frameworks/base/+/9df1f523f1193a653df37d27cfc1b91179b5204f"
        ],
        "spl": "2022-10-01",
        "types": [
          "ID"
        ],
        "severity": "High"
      },
      "database_specific": {
        "source": "https://storage.googleapis.com/android-osv/ASB-A-204906124.json"
      }
    }
  ],
  "schema_version": "1.6.0"
}