{
  "id": "ASB-A-199922685",
  "summary": "Settings crash when a Passpoint network with uninitialized OSU Friendly name exists in the area",
  "details": "In getTitle of AccessPoint.java, there is a possible unhandled exception due to a missing null check. This could lead to remote denial of service if a proximal Wi-Fi AP provides invalid information with no additional execution privileges needed. User interaction is needed for exploitation.",
  "aliases": [
    "CVE-2021-0969"
  ],
  "modified": "2024-05-14T14:40:15Z",
  "published": "2021-12-01T00:00:00Z",
  "references": [
    {
      "type": "ADVISORY",
      "url": "https://source.android.com/security/bulletin/2021-12-01"
    }
  ],
  "affected": [
    {
      "package": {
        "name": ":unknown:",
        "ecosystem": "Android"
      },
      "ranges": [
        {
          "type": "ECOSYSTEM",
          "events": [
            {
              "introduced": "10:0"
            },
            {
              "fixed": "10:2021-12-01"
            },
            {
              "introduced": "11:0"
            },
            {
              "fixed": "11:2021-12-01"
            }
          ]
        }
      ],
      "versions": [
        "10",
        "11"
      ],
      "ecosystem_specific": {
        "spl": "2021-12-01",
        "types": [
          "DoS"
        ],
        "severity": "Moderate"
      },
      "database_specific": {
        "source": "https://storage.googleapis.com/android-osv/ASB-A-199922685.json"
      }
    }
  ],
  "schema_version": "1.6.0"
}