{
  "id": "ASB-A-180745296",
  "summary": "Unauthorized pairing and hijacking of Android TV device",
  "details": "In Android TV , there is a possible silent pairing due to lack of rate limiting in the pairing flow. This could lead to remote code execution with no additional execution privileges needed. User interaction is not needed for exploitation.",
  "aliases": [
    "CVE-2021-0889"
  ],
  "modified": "2024-05-14T14:40:15Z",
  "published": "2021-11-01T00:00:00Z",
  "references": [
    {
      "type": "ADVISORY",
      "url": "https://source.android.com/security/bulletin/2021-11-01"
    }
  ],
  "affected": [
    {
      "package": {
        "name": ":unknown:",
        "ecosystem": "Android"
      },
      "ranges": [
        {
          "type": "ECOSYSTEM",
          "events": [
            {
              "introduced": "8.1:0"
            },
            {
              "fixed": "8.1:2021-11-05"
            },
            {
              "introduced": "9:0"
            },
            {
              "fixed": "9:2021-11-05"
            },
            {
              "introduced": "10:0"
            },
            {
              "fixed": "10:2021-11-05"
            },
            {
              "introduced": "11:0"
            },
            {
              "fixed": "11:2021-11-05"
            },
            {
              "introduced": "12:0"
            },
            {
              "fixed": "12:2021-11-05"
            }
          ]
        }
      ],
      "versions": [
        "8.1",
        "9",
        "10",
        "11",
        "12"
      ],
      "ecosystem_specific": {
        "spl": "2021-11-05",
        "types": [
          "RCE"
        ],
        "severity": "Critical"
      },
      "database_specific": {
        "source": "https://storage.googleapis.com/android-osv/ASB-A-180745296.json"
      }
    }
  ],
  "schema_version": "1.6.0"
}