{
  "id": "ASB-A-193445603",
  "summary": "Starting Arbitrary Intent in the Name of SystemUI by Publishing Malicious Controls from ControlsProviderService",
  "details": "In onActivityViewReady of DetailDialog.kt, there is a possible Intent Redirect due to a confused deputy. This could lead to local escalation of privilege that allows actions performed as the System UI, with no additional execution privileges needed. User interaction is needed for exploitation.",
  "aliases": [
    "CVE-2021-39668"
  ],
  "modified": "2024-05-14T14:40:15Z",
  "published": "2022-02-01T00:00:00Z",
  "references": [
    {
      "type": "ADVISORY",
      "url": "https://source.android.com/security/bulletin/2022-02-01"
    },
    {
      "type": "FIX",
      "url": "https://android.googlesource.com/platform/frameworks/base/+/f84fdf2e6a98b81c7b55517227bd4cb53318d5aa"
    }
  ],
  "affected": [
    {
      "package": {
        "name": "platform/frameworks/base",
        "ecosystem": "Android"
      },
      "ranges": [
        {
          "type": "ECOSYSTEM",
          "events": [
            {
              "introduced": "11:0"
            },
            {
              "fixed": "11:2022-02-01"
            },
            {
              "introduced": "12:0"
            },
            {
              "fixed": "12:2022-02-01"
            }
          ]
        }
      ],
      "versions": [
        "11",
        "12"
      ],
      "ecosystem_specific": {
        "fixes": [
          "https://android.googlesource.com/platform/frameworks/base/+/f84fdf2e6a98b81c7b55517227bd4cb53318d5aa"
        ],
        "spl": "2022-02-01",
        "types": [
          "EoP"
        ],
        "severity": "High"
      },
      "database_specific": {
        "source": "https://storage.googleapis.com/android-osv/ASB-A-193445603.json"
      }
    }
  ],
  "schema_version": "1.6.0"
}