{
  "id": "ASB-A-135368228",
  "summary": "Android Vomit Report",
  "details": "In i915_gem_execbuffer2_ioctl of i915_gem_execbuffer.c, there is a possible arbitrary kernel memory write due to a missing validation of a userspace pointer. This could lead to local escalation of privilege with no additional execution privileges needed. User interaction is not needed for exploitation.",
  "aliases": [
    "CVE-2018-20669"
  ],
  "modified": "2024-05-14T14:40:15Z",
  "published": "2020-07-01T00:00:00Z",
  "references": [
    {
      "type": "ADVISORY",
      "url": "https://source.android.com/security/bulletin/2020-07-01"
    },
    {
      "type": "FIX",
      "url": "https://android.googlesource.com/kernel/common/+/594cc251fdd0d231d342d88b2fdff4bc42fb0690"
    }
  ],
  "affected": [
    {
      "package": {
        "name": ":linux_kernel:",
        "ecosystem": "Android"
      },
      "ranges": [
        {
          "type": "ECOSYSTEM",
          "events": [
            {
              "introduced": ":0"
            },
            {
              "fixed": ":2020-07-05"
            }
          ]
        }
      ],
      "versions": [
        "Kernel"
      ],
      "ecosystem_specific": {
        "fixes": [
          "https://android.googlesource.com/kernel/common/+/594cc251fdd0d231d342d88b2fdff4bc42fb0690"
        ],
        "spl": "2020-07-05",
        "types": [
          "EoP"
        ],
        "severity": "High"
      },
      "database_specific": {
        "source": "https://storage.googleapis.com/android-osv/ASB-A-135368228.json"
      }
    }
  ],
  "schema_version": "1.6.0"
}