{
  "id": "ASB-A-153352319",
  "summary": "Stack overflow vulnerability in SQLite, the built-in default database in Android",
  "details": "In sqlite3_str_vappendf of sqlite3.c, there is a possible out of bounds write due to improper input validation. This could lead to local escalation of privilege if the user can also inject a printf into a privileged process's SQL with no additional execution privileges needed. User interaction is not needed for exploitation.",
  "aliases": [
    "CVE-2021-0646"
  ],
  "modified": "2024-05-14T14:40:15Z",
  "published": "2021-08-01T00:00:00Z",
  "references": [
    {
      "type": "ADVISORY",
      "url": "https://source.android.com/security/bulletin/2021-08-01"
    },
    {
      "type": "FIX",
      "url": "https://android.googlesource.com/platform/external/sqlite/+/c072485125763d11da918aec3232b9e3b113d8dd"
    }
  ],
  "affected": [
    {
      "package": {
        "name": "platform/external/sqlite",
        "ecosystem": "Android"
      },
      "ranges": [
        {
          "type": "ECOSYSTEM",
          "events": [
            {
              "introduced": "8.1:0"
            },
            {
              "fixed": "8.1:2021-08-01"
            },
            {
              "introduced": "9:0"
            },
            {
              "fixed": "9:2021-08-01"
            },
            {
              "introduced": "10:0"
            },
            {
              "fixed": "10:2021-08-01"
            },
            {
              "introduced": "11:0"
            },
            {
              "fixed": "11:2021-08-01"
            }
          ]
        }
      ],
      "versions": [
        "8.1",
        "9",
        "10",
        "11"
      ],
      "ecosystem_specific": {
        "fixes": [
          "https://android.googlesource.com/platform/external/sqlite/+/c072485125763d11da918aec3232b9e3b113d8dd"
        ],
        "spl": "2021-08-01",
        "types": [
          "EoP"
        ],
        "severity": "High"
      },
      "database_specific": {
        "source": "https://storage.googleapis.com/android-osv/ASB-A-153352319.json"
      }
    }
  ],
  "schema_version": "1.6.0"
}