{
  "id": "ASB-A-180747689",
  "summary": "[Making BluetoothPermissionActivity Show Deceptive Text to Trick User Into Granting PBAP Access After setRemoteAlias with CRLF Characters]",
  "details": "In getAlias of BluetoothDevice.java, there is a possible way to create misleading permission dialogs due to missing data filtering. This could lead to local information disclosure with User execution privileges needed. User interaction is needed for exploitation.",
  "aliases": [
    "CVE-2021-0931"
  ],
  "modified": "2024-05-14T14:40:15Z",
  "published": "2021-11-01T00:00:00Z",
  "references": [
    {
      "type": "ADVISORY",
      "url": "https://source.android.com/security/bulletin/2021-11-01"
    },
    {
      "type": "FIX",
      "url": "https://android.googlesource.com/platform/frameworks/base/+/afa5f3c37aea6dd0e14576c035d12fa84c95f2cb"
    }
  ],
  "affected": [
    {
      "package": {
        "name": "platform/frameworks/base",
        "ecosystem": "Android"
      },
      "ranges": [
        {
          "type": "ECOSYSTEM",
          "events": [
            {
              "introduced": "9:0"
            },
            {
              "fixed": "9:2021-11-01"
            },
            {
              "introduced": "10:0"
            },
            {
              "fixed": "10:2021-11-01"
            },
            {
              "introduced": "11:0"
            },
            {
              "fixed": "11:2021-11-01"
            },
            {
              "introduced": "12:0"
            },
            {
              "fixed": "12:2021-11-01"
            }
          ]
        }
      ],
      "versions": [
        "9",
        "10",
        "11",
        "12"
      ],
      "ecosystem_specific": {
        "fixes": [
          "https://android.googlesource.com/platform/frameworks/base/+/afa5f3c37aea6dd0e14576c035d12fa84c95f2cb"
        ],
        "spl": "2021-11-01",
        "types": [
          "ID"
        ],
        "severity": "High"
      },
      "database_specific": {
        "source": "https://storage.googleapis.com/android-osv/ASB-A-180747689.json"
      }
    }
  ],
  "schema_version": "1.6.0"
}