{
  "id": "ASB-A-205130886",
  "summary": "Presentation can make the app start activities in the background",
  "details": "In createPresentationContext of Presentation.java, there is a possible way to start a foreground activity from background due to a missing permission check. This could lead to local escalation of privilege with no additional execution privileges needed. User interaction is not needed for exploitation.",
  "aliases": [
    "CVE-2021-39758"
  ],
  "modified": "2024-05-14T14:40:15Z",
  "published": "2022-10-01T00:00:00Z",
  "references": [
    {
      "type": "ADVISORY",
      "url": "https://source.android.com/security/bulletin/2022-10-01"
    },
    {
      "type": "FIX",
      "url": "https://android.googlesource.com/platform/frameworks/base/+/8e4efdb653ed38a6b9c3d306208557352d52cbd5"
    }
  ],
  "affected": [
    {
      "package": {
        "name": "platform/frameworks/base",
        "ecosystem": "Android"
      },
      "ranges": [
        {
          "type": "ECOSYSTEM",
          "events": [
            {
              "introduced": "10:0"
            },
            {
              "fixed": "10:2022-10-01"
            },
            {
              "introduced": "11:0"
            },
            {
              "fixed": "11:2022-10-01"
            },
            {
              "introduced": "12:0"
            },
            {
              "fixed": "12:2022-10-01"
            }
          ]
        }
      ],
      "versions": [
        "10",
        "11",
        "12"
      ],
      "ecosystem_specific": {
        "fixes": [
          "https://android.googlesource.com/platform/frameworks/base/+/8e4efdb653ed38a6b9c3d306208557352d52cbd5"
        ],
        "spl": "2022-10-01",
        "types": [
          "EoP"
        ],
        "severity": "Moderate"
      },
      "database_specific": {
        "source": "https://storage.googleapis.com/android-osv/ASB-A-205130886.json"
      }
    }
  ],
  "schema_version": "1.6.0"
}