{
  "id": "ASB-A-185235454",
  "summary": "App can read iccId of sim card(s) without requiring READ_PRIVILEGED_PHONE_STATE permission.",
  "details": "In getAvailableSubscriptionInfoList of SubscriptionController.java, there is a possible disclosure of unique identifiers due to a missing permission check. This could lead to local information disclosure with no additional execution privileges needed. User interaction is not needed for exploitation.",
  "aliases": [
    "CVE-2021-0641"
  ],
  "modified": "2024-05-14T14:40:15Z",
  "published": "2021-08-01T00:00:00Z",
  "references": [
    {
      "type": "ADVISORY",
      "url": "https://source.android.com/security/bulletin/2021-08-01"
    },
    {
      "type": "FIX",
      "url": "https://android.googlesource.com/platform/frameworks/opt/telephony/+/3987dc05c4cbf727d73c2e847692856df9aee6d2"
    }
  ],
  "affected": [
    {
      "package": {
        "name": "platform/frameworks/opt/telephony",
        "ecosystem": "Android"
      },
      "ranges": [
        {
          "type": "ECOSYSTEM",
          "events": [
            {
              "introduced": "8.1:0"
            },
            {
              "fixed": "8.1:2021-08-01"
            },
            {
              "introduced": "9:0"
            },
            {
              "fixed": "9:2021-08-01"
            },
            {
              "introduced": "10:0"
            },
            {
              "fixed": "10:2021-08-01"
            },
            {
              "introduced": "11:0"
            },
            {
              "fixed": "11:2021-08-01"
            }
          ]
        }
      ],
      "versions": [
        "8.1",
        "9",
        "10",
        "11"
      ],
      "ecosystem_specific": {
        "fixes": [
          "https://android.googlesource.com/platform/frameworks/opt/telephony/+/3987dc05c4cbf727d73c2e847692856df9aee6d2"
        ],
        "spl": "2021-08-01",
        "types": [
          "ID"
        ],
        "severity": "High"
      },
      "database_specific": {
        "source": "https://storage.googleapis.com/android-osv/ASB-A-185235454.json"
      }
    }
  ],
  "schema_version": "1.6.0"
}