{
  "id": "ASB-A-176168330",
  "summary": "[Double free in frameworks/av/drm/mediadrm/plugins/clearkey/hidl/DrmPlugin.cpp#307]",
  "details": "In setPlayPolicy of DrmPlugin.cpp, there is a possible double free. This could lead to local escalation of privilege in a privileged process with no additional execution privileges needed. User interaction is not needed for exploitation.",
  "aliases": [
    "CVE-2021-0437"
  ],
  "modified": "2024-05-14T14:40:15Z",
  "published": "2021-04-01T00:00:00Z",
  "references": [
    {
      "type": "ADVISORY",
      "url": "https://source.android.com/security/bulletin/2021-04-01"
    },
    {
      "type": "FIX",
      "url": "https://android.googlesource.com/platform/frameworks/av/+/e5bfb560a63daedbe1adf8bf41a20b572654f999"
    }
  ],
  "affected": [
    {
      "package": {
        "name": "platform/frameworks/av",
        "ecosystem": "Android"
      },
      "ranges": [
        {
          "type": "ECOSYSTEM",
          "events": [
            {
              "introduced": "8.1:0"
            },
            {
              "fixed": "8.1:2021-04-01"
            },
            {
              "introduced": "9:0"
            },
            {
              "fixed": "9:2021-04-01"
            },
            {
              "introduced": "10:0"
            },
            {
              "fixed": "10:2021-04-01"
            },
            {
              "introduced": "11:0"
            },
            {
              "fixed": "11:2021-04-01"
            }
          ]
        }
      ],
      "versions": [
        "8.1",
        "9",
        "10",
        "11"
      ],
      "ecosystem_specific": {
        "fixes": [
          "https://android.googlesource.com/platform/frameworks/av/+/e5bfb560a63daedbe1adf8bf41a20b572654f999"
        ],
        "spl": "2021-04-01",
        "types": [
          "EoP"
        ],
        "severity": "High"
      },
      "database_specific": {
        "source": "https://storage.googleapis.com/android-osv/ASB-A-176168330.json"
      }
    }
  ],
  "schema_version": "1.6.0"
}