{
  "id": "ASB-A-197353344",
  "summary": "Use after free (race condition?) in phTmlNfc_TmlThread",
  "details": "In phTmlNfc_Init and phTmlNfc_CleanUp of phTmlNfc.cc, there is a possible use after free due to a race condition. This could lead to local escalation of privilege with no additional execution privileges needed. User interaction is not needed for exploitation.",
  "aliases": [
    "CVE-2021-39629"
  ],
  "modified": "2024-05-14T14:40:15Z",
  "published": "2022-01-01T00:00:00Z",
  "references": [
    {
      "type": "ADVISORY",
      "url": "https://source.android.com/security/bulletin/2022-01-01"
    },
    {
      "type": "FIX",
      "url": "https://android.googlesource.com/platform/hardware/nxp/nfc/+/63162916491d3ad034e0288fb2e254cf2b66db92"
    }
  ],
  "affected": [
    {
      "package": {
        "name": "platform/hardware/nxp/nfc",
        "ecosystem": "Android"
      },
      "ranges": [
        {
          "type": "ECOSYSTEM",
          "events": [
            {
              "introduced": "9:0"
            },
            {
              "fixed": "9:2022-01-01"
            },
            {
              "introduced": "10:0"
            },
            {
              "fixed": "10:2022-01-01"
            },
            {
              "introduced": "11:0"
            },
            {
              "fixed": "11:2022-01-01"
            },
            {
              "introduced": "12:0"
            },
            {
              "fixed": "12:2022-01-01"
            }
          ]
        }
      ],
      "versions": [
        "9",
        "10",
        "11",
        "12"
      ],
      "ecosystem_specific": {
        "fixes": [
          "https://android.googlesource.com/platform/hardware/nxp/nfc/+/63162916491d3ad034e0288fb2e254cf2b66db92"
        ],
        "spl": "2022-01-01",
        "types": [
          "EoP"
        ],
        "severity": "High"
      },
      "database_specific": {
        "source": "https://storage.googleapis.com/android-osv/ASB-A-197353344.json"
      }
    }
  ],
  "schema_version": "1.6.0"
}