{
  "id": "ASB-A-225876506",
  "summary": "[Out of Bounds Read in process_service_search_rsp Function in sdp_discoverty.cc in Bluetooth]",
  "details": "In process_service_search_rsp of sdp_discovery.cc, there is a possible out of bounds read due to improper input validation. This could lead to remote information disclosure with no additional execution privileges needed. User interaction is not needed for exploitation.",
  "aliases": [
    "CVE-2022-20445"
  ],
  "modified": "2024-05-14T14:40:15Z",
  "published": "2022-11-01T00:00:00Z",
  "references": [
    {
      "type": "ADVISORY",
      "url": "https://source.android.com/security/bulletin/2022-11-01"
    },
    {
      "type": "FIX",
      "url": "https://android.googlesource.com/platform/packages/modules/Bluetooth/+/83d9a99f1d469878bba45d5b1fad7174311f6cdd"
    }
  ],
  "affected": [
    {
      "package": {
        "name": "platform/packages/modules/Bluetooth",
        "ecosystem": "Android"
      },
      "ranges": [
        {
          "type": "ECOSYSTEM",
          "events": [
            {
              "introduced": "10:0"
            },
            {
              "fixed": "10:2022-11-01"
            },
            {
              "introduced": "11:0"
            },
            {
              "fixed": "11:2022-11-01"
            },
            {
              "introduced": "12:0"
            },
            {
              "fixed": "12:2022-11-01"
            },
            {
              "introduced": "12L:0"
            },
            {
              "fixed": "12L:2022-11-01"
            },
            {
              "introduced": "13:0"
            },
            {
              "fixed": "13:2022-11-01"
            }
          ]
        }
      ],
      "versions": [
        "10",
        "11",
        "12",
        "12L",
        "13"
      ],
      "ecosystem_specific": {
        "fixes": [
          "https://android.googlesource.com/platform/packages/modules/Bluetooth/+/83d9a99f1d469878bba45d5b1fad7174311f6cdd"
        ],
        "spl": "2022-11-01",
        "types": [
          "ID"
        ],
        "severity": "High"
      },
      "database_specific": {
        "source": "https://storage.googleapis.com/android-osv/ASB-A-225876506.json"
      }
    }
  ],
  "schema_version": "1.6.0"
}