{
  "id": "ASB-A-172670415",
  "summary": "[Scaning BLE without the location permission using batchscan]",
  "details": "In onBatchScanReports and deliverBatchScan of GattService.java, there is a possible way to retrieve Bluetooth scan results without permissions due to a missing permission check. This could lead to local escalation of privilege with no additional execution privileges needed. User interaction is not needed for exploitation.",
  "aliases": [
    "CVE-2021-0328"
  ],
  "modified": "2024-05-14T14:40:15Z",
  "published": "2021-02-01T00:00:00Z",
  "references": [
    {
      "type": "ADVISORY",
      "url": "https://source.android.com/security/bulletin/2021-02-01"
    },
    {
      "type": "FIX",
      "url": "https://android.googlesource.com/platform/packages/apps/Bluetooth/+/6f7f9bbf46acaaf266537256da4d0345909ea1c4"
    }
  ],
  "affected": [
    {
      "package": {
        "name": "platform/packages/apps/Bluetooth",
        "ecosystem": "Android"
      },
      "ranges": [
        {
          "type": "ECOSYSTEM",
          "events": [
            {
              "introduced": "8.0:0"
            },
            {
              "fixed": "8.0:2021-02-01"
            },
            {
              "introduced": "8.1:0"
            },
            {
              "fixed": "8.1:2021-02-01"
            },
            {
              "introduced": "9:0"
            },
            {
              "fixed": "9:2021-02-01"
            },
            {
              "introduced": "10:0"
            },
            {
              "fixed": "10:2021-02-01"
            },
            {
              "introduced": "11:0"
            },
            {
              "fixed": "11:2021-02-01"
            }
          ]
        }
      ],
      "versions": [
        "8.0",
        "8.1",
        "9",
        "10",
        "11"
      ],
      "ecosystem_specific": {
        "fixes": [
          "https://android.googlesource.com/platform/packages/apps/Bluetooth/+/6f7f9bbf46acaaf266537256da4d0345909ea1c4"
        ],
        "spl": "2021-02-01",
        "types": [
          "EoP"
        ],
        "severity": "High"
      },
      "database_specific": {
        "source": "https://storage.googleapis.com/android-osv/ASB-A-172670415.json"
      }
    }
  ],
  "schema_version": "1.6.0"
}