{
  "id": "ASB-A-157038281",
  "summary": "(Silent pairing with contact tracing apps)",
  "details": "In smp_decide_association_model of smp_act.cc, there is a possible silent bluetooth pairing due to a confused deputy. This could lead to local escalation of privilege with no additional execution privileges needed. User interaction is not needed for exploitation.",
  "aliases": [
    "CVE-2020-12856"
  ],
  "modified": "2024-05-14T14:40:15Z",
  "published": "2020-11-01T00:00:00Z",
  "references": [
    {
      "type": "ADVISORY",
      "url": "https://source.android.com/security/bulletin/2020-11-01"
    },
    {
      "type": "FIX",
      "url": "https://android.googlesource.com/platform/packages/apps/Bluetooth/+/81c1c7d2d1681434413a615eea532e85fee43db0"
    },
    {
      "type": "FIX",
      "url": "https://android.googlesource.com/platform/system/bt/+/73b4e5c4ba4c0c96a26ec84564cd9653da50a26c"
    },
    {
      "type": "FIX",
      "url": "https://android.googlesource.com/platform/system/bt/+/b3f12befdc4def7d695b6f1049cd02238eb1e4a8"
    },
    {
      "type": "FIX",
      "url": "https://android.googlesource.com/platform/system/bt/+/05243b881764136d3ca67b438d2e500d6f134f6a"
    }
  ],
  "affected": [
    {
      "package": {
        "name": "platform/packages/apps/Bluetooth",
        "ecosystem": "Android"
      },
      "ranges": [
        {
          "type": "ECOSYSTEM",
          "events": [
            {
              "introduced": "8.0:0"
            },
            {
              "fixed": "8.0:2020-11-01"
            },
            {
              "introduced": "8.1:0"
            },
            {
              "fixed": "8.1:2020-11-01"
            },
            {
              "introduced": "9:0"
            },
            {
              "fixed": "9:2020-11-01"
            },
            {
              "introduced": "10:0"
            },
            {
              "fixed": "10:2020-11-01"
            },
            {
              "introduced": "11:0"
            },
            {
              "fixed": "11:2020-11-01"
            }
          ]
        }
      ],
      "versions": [
        "8.0",
        "8.1",
        "9",
        "10",
        "11"
      ],
      "ecosystem_specific": {
        "fixes": [
          "https://android.googlesource.com/platform/packages/apps/Bluetooth/+/81c1c7d2d1681434413a615eea532e85fee43db0"
        ],
        "spl": "2020-11-01",
        "types": [
          "EoP"
        ],
        "severity": "High"
      },
      "database_specific": {
        "source": "https://storage.googleapis.com/android-osv/ASB-A-157038281.json"
      }
    },
    {
      "package": {
        "name": "platform/system/bt",
        "ecosystem": "Android"
      },
      "ranges": [
        {
          "type": "ECOSYSTEM",
          "events": [
            {
              "introduced": "8.0:0"
            },
            {
              "fixed": "8.0:2020-11-01"
            },
            {
              "introduced": "8.1:0"
            },
            {
              "fixed": "8.1:2020-11-01"
            },
            {
              "introduced": "9:0"
            },
            {
              "fixed": "9:2020-11-01"
            },
            {
              "introduced": "10:0"
            },
            {
              "fixed": "10:2020-11-01"
            },
            {
              "introduced": "11:0"
            },
            {
              "fixed": "11:2020-11-01"
            }
          ]
        }
      ],
      "versions": [
        "8.0",
        "8.1",
        "9",
        "10",
        "11"
      ],
      "ecosystem_specific": {
        "fixes": [
          "https://android.googlesource.com/platform/system/bt/+/73b4e5c4ba4c0c96a26ec84564cd9653da50a26c",
          "https://android.googlesource.com/platform/system/bt/+/b3f12befdc4def7d695b6f1049cd02238eb1e4a8",
          "https://android.googlesource.com/platform/system/bt/+/05243b881764136d3ca67b438d2e500d6f134f6a"
        ],
        "spl": "2020-11-01",
        "types": [
          "EoP"
        ],
        "severity": "High"
      },
      "database_specific": {
        "source": "https://storage.googleapis.com/android-osv/ASB-A-157038281.json"
      }
    }
  ],
  "schema_version": "1.6.0"
}