{
  "id": "ASB-A-174052148",
  "summary": "bluetooth stack use after free, we have already implement a remote code execution",
  "details": "In sdp_copy_raw_data of sdp_discovery.cc, there is a possible system compromise due to a double free. This could lead to remote code execution with no additional execution privileges needed. User interaction is not needed for exploitation.",
  "aliases": [
    "CVE-2021-0397"
  ],
  "modified": "2024-05-14T14:40:15Z",
  "published": "2021-03-01T00:00:00Z",
  "references": [
    {
      "type": "ADVISORY",
      "url": "https://source.android.com/security/bulletin/2021-03-01"
    },
    {
      "type": "FIX",
      "url": "https://android.googlesource.com/platform/system/bt/+/437adc1a143f22fd7792d033d1ff64a364888f44"
    }
  ],
  "affected": [
    {
      "package": {
        "name": "platform/system/bt",
        "ecosystem": "Android"
      },
      "ranges": [
        {
          "type": "ECOSYSTEM",
          "events": [
            {
              "introduced": "8.1:0"
            },
            {
              "fixed": "8.1:2021-03-01"
            },
            {
              "introduced": "9:0"
            },
            {
              "fixed": "9:2021-03-01"
            },
            {
              "introduced": "10:0"
            },
            {
              "fixed": "10:2021-03-01"
            },
            {
              "introduced": "11:0"
            },
            {
              "fixed": "11:2021-03-01"
            }
          ]
        }
      ],
      "versions": [
        "8.1",
        "9",
        "10",
        "11"
      ],
      "ecosystem_specific": {
        "fixes": [
          "https://android.googlesource.com/platform/system/bt/+/437adc1a143f22fd7792d033d1ff64a364888f44"
        ],
        "spl": "2021-03-01",
        "types": [
          "RCE"
        ],
        "severity": "Critical"
      },
      "database_specific": {
        "source": "https://storage.googleapis.com/android-osv/ASB-A-174052148.json"
      }
    }
  ],
  "schema_version": "1.6.0"
}