{
  "id": "ASB-A-183612370",
  "summary": "App can read iccId of sim card(s)  without requiring READ_PRIVILEGED_PHONE_STATE permission.",
  "details": "In getAllSubInfoList of SubscriptionController.java, there is a possible way to retrieve a long term identifier without the correct permissions due to a missing permission check. This could lead to local information disclosure with User execution privileges needed. User interaction is not needed for exploitation.",
  "aliases": [
    "CVE-2021-0643"
  ],
  "modified": "2024-05-14T14:40:15Z",
  "published": "2022-01-01T00:00:00Z",
  "references": [
    {
      "type": "ADVISORY",
      "url": "https://source.android.com/security/bulletin/2022-01-01"
    },
    {
      "type": "FIX",
      "url": "https://android.googlesource.com/platform/frameworks/opt/telephony/+/f6bb9b20840c29e74a37ea2b880e63b3fc9470ff"
    }
  ],
  "affected": [
    {
      "package": {
        "name": "platform/frameworks/opt/telephony",
        "ecosystem": "Android"
      },
      "ranges": [
        {
          "type": "ECOSYSTEM",
          "events": [
            {
              "introduced": "10:0"
            },
            {
              "fixed": "10:2022-01-01"
            },
            {
              "introduced": "11:0"
            },
            {
              "fixed": "11:2022-01-01"
            },
            {
              "introduced": "12:0"
            },
            {
              "fixed": "12:2022-01-01"
            }
          ]
        }
      ],
      "versions": [
        "10",
        "11",
        "12"
      ],
      "ecosystem_specific": {
        "fixes": [
          "https://android.googlesource.com/platform/frameworks/opt/telephony/+/f6bb9b20840c29e74a37ea2b880e63b3fc9470ff"
        ],
        "spl": "2022-01-01",
        "types": [
          "ID"
        ],
        "severity": "High"
      },
      "database_specific": {
        "source": "https://storage.googleapis.com/android-osv/ASB-A-183612370.json"
      }
    }
  ],
  "schema_version": "1.6.0"
}