{
  "id": "ASB-A-154627439",
  "summary": "[Hijacking helpCenterIntent PendingIntent to Access SystemUI Protected Provider]",
  "details": "In postInstantAppNotif of InstantAppNotifier.java, there is a possible permission bypass due to a PendingIntent error. This could lead to local information disclosure with User execution privileges needed. User interaction is not needed for exploitation.",
  "aliases": [
    "CVE-2020-0248"
  ],
  "modified": "2024-05-14T14:40:15Z",
  "published": "2020-08-01T00:00:00Z",
  "references": [
    {
      "type": "ADVISORY",
      "url": "https://source.android.com/security/bulletin/2020-08-01"
    },
    {
      "type": "FIX",
      "url": "https://android.googlesource.com/platform/frameworks/base/+/c4d6e387984e09e86a58e6485555a2d651f0481f"
    }
  ],
  "affected": [
    {
      "package": {
        "name": "platform/frameworks/base",
        "ecosystem": "Android"
      },
      "ranges": [
        {
          "type": "ECOSYSTEM",
          "events": [
            {
              "introduced": "10:0"
            },
            {
              "fixed": "10:2020-08-01"
            }
          ]
        }
      ],
      "versions": [
        "10"
      ],
      "ecosystem_specific": {
        "fixes": [
          "https://android.googlesource.com/platform/frameworks/base/+/c4d6e387984e09e86a58e6485555a2d651f0481f"
        ],
        "spl": "2020-08-01",
        "types": [
          "ID"
        ],
        "severity": "High"
      },
      "database_specific": {
        "source": "https://storage.googleapis.com/android-osv/ASB-A-154627439.json"
      }
    }
  ],
  "schema_version": "1.6.0"
}