{
  "id": "ASB-A-187702830",
  "summary": "Incomplete fix found for CVE-2021-0481 - Arbitrary System App File Could be Copied to content://com.android.settings.files/ When Editing User Photo",
  "details": "In cropPhoto of EditUserPhotoController.java, there is a possible access to content owned by system content providers due to a confused deputy. This could lead to local escalation of privilege with no additional execution privileges needed. User interaction is not needed for exploitation.",
  "aliases": [
    "CVE-2022-20144"
  ],
  "modified": "2024-05-14T14:40:15Z",
  "published": "2022-12-01T00:00:00Z",
  "references": [
    {
      "type": "ADVISORY",
      "url": "https://source.android.com/security/bulletin/2022-12-01"
    },
    {
      "type": "FIX",
      "url": "https://android.googlesource.com/platform/frameworks/base/+/b76141eb2bace631aabe4c6b55630e7b219044b1"
    },
    {
      "type": "FIX",
      "url": "https://android.googlesource.com/platform/packages/apps/EmergencyInfo/+/5981e18eb50c54088dc29f8a1e1dc8efdd4bb887"
    }
  ],
  "affected": [
    {
      "package": {
        "name": "platform/frameworks/base",
        "ecosystem": "Android"
      },
      "ranges": [
        {
          "type": "ECOSYSTEM",
          "events": [
            {
              "introduced": "10:0"
            },
            {
              "fixed": "10:2022-12-01"
            },
            {
              "introduced": "11:0"
            },
            {
              "fixed": "11:2022-12-01"
            },
            {
              "introduced": "12:0"
            },
            {
              "fixed": "12:2022-12-01"
            },
            {
              "introduced": "12L:0"
            },
            {
              "fixed": "12L:2022-12-01"
            },
            {
              "introduced": "13:0"
            },
            {
              "fixed": "13:2022-12-01"
            }
          ]
        }
      ],
      "versions": [
        "10",
        "11",
        "12",
        "12L",
        "13"
      ],
      "ecosystem_specific": {
        "fixes": [
          "https://android.googlesource.com/platform/frameworks/base/+/b76141eb2bace631aabe4c6b55630e7b219044b1"
        ],
        "spl": "2022-12-01",
        "types": [
          "EoP"
        ],
        "severity": "High"
      },
      "database_specific": {
        "source": "https://storage.googleapis.com/android-osv/ASB-A-187702830.json"
      }
    },
    {
      "package": {
        "name": "platform/packages/apps/EmergencyInfo",
        "ecosystem": "Android"
      },
      "ranges": [
        {
          "type": "ECOSYSTEM",
          "events": [
            {
              "introduced": "10:0"
            },
            {
              "fixed": "10:2022-12-01"
            },
            {
              "introduced": "11:0"
            },
            {
              "fixed": "11:2022-12-01"
            },
            {
              "introduced": "12:0"
            },
            {
              "fixed": "12:2022-12-01"
            },
            {
              "introduced": "12L:0"
            },
            {
              "fixed": "12L:2022-12-01"
            },
            {
              "introduced": "13:0"
            },
            {
              "fixed": "13:2022-12-01"
            }
          ]
        }
      ],
      "versions": [
        "10",
        "11",
        "12",
        "12L",
        "13"
      ],
      "ecosystem_specific": {
        "fixes": [
          "https://android.googlesource.com/platform/packages/apps/EmergencyInfo/+/5981e18eb50c54088dc29f8a1e1dc8efdd4bb887"
        ],
        "spl": "2022-12-01",
        "types": [
          "EoP"
        ],
        "severity": "High"
      },
      "database_specific": {
        "source": "https://storage.googleapis.com/android-osv/ASB-A-187702830.json"
      }
    }
  ],
  "schema_version": "1.6.0"
}