{
  "id": "ASB-A-140256621",
  "summary": "Instant app restriction may not be verified correctly in restorePermissionState",
  "details": "In generatePackageInfo of PackageManagerService.java, there is a possible permissions bypass due to an incorrect permission check. This could lead to local escalation of privilege that allows instant apps access to permissions not allowed for instant apps, with no additional execution privileges needed. User interaction is not needed for exploitation.",
  "aliases": [
    "CVE-2020-0439"
  ],
  "modified": "2024-05-14T14:40:15Z",
  "published": "2020-11-01T00:00:00Z",
  "references": [
    {
      "type": "ADVISORY",
      "url": "https://source.android.com/security/bulletin/2020-11-01"
    },
    {
      "type": "FIX",
      "url": "https://android.googlesource.com/platform/frameworks/base/+/e752ae55522f2657bb26bd2351ef879a73fa6efb"
    },
    {
      "type": "FIX",
      "url": "https://android.googlesource.com/platform/frameworks/base/+/c46491e7da14c620fbe490d50b61aa65f256c5d3"
    }
  ],
  "affected": [
    {
      "package": {
        "name": "platform/frameworks/base",
        "ecosystem": "Android"
      },
      "ranges": [
        {
          "type": "ECOSYSTEM",
          "events": [
            {
              "introduced": "8.0:0"
            },
            {
              "fixed": "8.0:2020-11-01"
            },
            {
              "introduced": "8.1:0"
            },
            {
              "fixed": "8.1:2020-11-01"
            },
            {
              "introduced": "9:0"
            },
            {
              "fixed": "9:2020-11-01"
            },
            {
              "introduced": "10:0"
            },
            {
              "fixed": "10:2020-11-01"
            },
            {
              "introduced": "11:0"
            },
            {
              "fixed": "11:2020-11-01"
            }
          ]
        }
      ],
      "versions": [
        "8.0",
        "8.1",
        "9",
        "10",
        "11"
      ],
      "ecosystem_specific": {
        "fixes": [
          "https://android.googlesource.com/platform/frameworks/base/+/e752ae55522f2657bb26bd2351ef879a73fa6efb",
          "https://android.googlesource.com/platform/frameworks/base/+/c46491e7da14c620fbe490d50b61aa65f256c5d3"
        ],
        "spl": "2020-11-01",
        "types": [
          "EoP"
        ],
        "severity": "High"
      },
      "database_specific": {
        "source": "https://storage.googleapis.com/android-osv/ASB-A-140256621.json"
      }
    }
  ],
  "schema_version": "1.6.0"
}