{
  "id": "ASB-A-213170822",
  "summary": "CursorWindow object writeToParcel leak uninitialized heap content to low privilege process",
  "details": "In writeToParcel of CursorWindow.cpp, there is a possible information disclosure due to uninitialized data. This could lead to local information disclosure with no additional execution privileges needed. User interaction is not needed for exploitation.",
  "aliases": [
    "CVE-2023-21276"
  ],
  "modified": "2024-05-14T14:40:17Z",
  "published": "2023-08-01T00:00:00Z",
  "references": [
    {
      "type": "ADVISORY",
      "url": "https://source.android.com/security/bulletin/2023-08-01"
    },
    {
      "type": "FIX",
      "url": "https://android.googlesource.com/platform/frameworks/base/+/1272eec833fb49c30a4d8bdc432765e7c4413b3f"
    }
  ],
  "affected": [
    {
      "package": {
        "name": "platform/frameworks/base",
        "ecosystem": "Android"
      },
      "ranges": [
        {
          "type": "ECOSYSTEM",
          "events": [
            {
              "introduced": "12:0"
            },
            {
              "fixed": "12:2023-08-01"
            },
            {
              "introduced": "12L:0"
            },
            {
              "fixed": "12L:2023-08-01"
            },
            {
              "introduced": "13:0"
            },
            {
              "fixed": "13:2023-08-01"
            }
          ]
        }
      ],
      "versions": [
        "12",
        "12L",
        "13"
      ],
      "ecosystem_specific": {
        "fixes": [
          "https://android.googlesource.com/platform/frameworks/base/+/5d4afa0986cbc440f458b4b8db05fd176ef3e6d2"
        ],
        "spl": "2023-08-01",
        "types": [
          "ID"
        ],
        "severity": "High"
      },
      "database_specific": {
        "source": "https://storage.googleapis.com/android-osv/ASB-A-213170822.json"
      }
    }
  ],
  "schema_version": "1.6.0"
}