{
  "id": "ASB-A-225880741",
  "summary": "Bypassing check of isBluetoothShareUri to force Bluetooth app to grant its accessible ContentProviders' access",
  "details": "In isBluetoothShareUri of BluetoothOppUtility.java, there is a possible incorrect file read due to a confused deputy. This could lead to local information disclosure with no additional execution privileges needed. User interaction is needed for exploitation.",
  "aliases": [
    "CVE-2022-20467"
  ],
  "modified": "2024-05-14T14:40:15Z",
  "published": "2023-03-01T00:00:00Z",
  "references": [
    {
      "type": "ADVISORY",
      "url": "https://source.android.com/security/bulletin/2023-03-01"
    },
    {
      "type": "FIX",
      "url": "https://android.googlesource.com/platform/packages/modules/Bluetooth/+/29a297b4c31acac87fe854fa28a2054226fd9e8c"
    }
  ],
  "affected": [
    {
      "package": {
        "name": "platform/packages/modules/Bluetooth",
        "ecosystem": "Android"
      },
      "ranges": [
        {
          "type": "ECOSYSTEM",
          "events": [
            {
              "introduced": "11:0"
            },
            {
              "fixed": "11:2023-03-01"
            },
            {
              "introduced": "12:0"
            },
            {
              "fixed": "12:2023-03-01"
            },
            {
              "introduced": "12L:0"
            },
            {
              "fixed": "12L:2023-03-01"
            },
            {
              "introduced": "13:0"
            },
            {
              "fixed": "13:2023-03-01"
            }
          ]
        }
      ],
      "versions": [
        "11",
        "12",
        "12L",
        "13"
      ],
      "ecosystem_specific": {
        "fixes": [
          "https://android.googlesource.com/platform/packages/modules/Bluetooth/+/153caf081381c896ea2808092db265b21e95b79c"
        ],
        "spl": "2023-03-01",
        "types": [
          "ID"
        ],
        "severity": "High"
      },
      "database_specific": {
        "source": "https://storage.googleapis.com/android-osv/ASB-A-225880741.json"
      }
    }
  ],
  "schema_version": "1.6.0"
}