{
  "id": "ASB-A-156959408",
  "summary": "ContentIntent in Screen Record Notification Could be Hijacked to Read or Write Protected Providers of SystemUI",
  "details": "In createSaveNotification of RecordingService.java, there is a possible permission bypass due to an unsafe PendingIntent. This could lead to local information disclosure with User execution privileges needed. User interaction is not needed for exploitation.",
  "aliases": [
    "CVE-2020-0389"
  ],
  "modified": "2024-05-14T14:40:15Z",
  "published": "2020-09-01T00:00:00Z",
  "references": [
    {
      "type": "ADVISORY",
      "url": "https://source.android.com/security/bulletin/2020-09-01"
    },
    {
      "type": "FIX",
      "url": "https://android.googlesource.com/platform/frameworks/base/+/6ae2bd0e59636254c32896f7f01379d1d704f42d"
    }
  ],
  "affected": [
    {
      "package": {
        "name": "platform/frameworks/base",
        "ecosystem": "Android"
      },
      "ranges": [
        {
          "type": "ECOSYSTEM",
          "events": [
            {
              "introduced": "10:0"
            },
            {
              "fixed": "10:2020-09-01"
            }
          ]
        }
      ],
      "versions": [
        "10"
      ],
      "ecosystem_specific": {
        "fixes": [
          "https://android.googlesource.com/platform/frameworks/base/+/6ae2bd0e59636254c32896f7f01379d1d704f42d"
        ],
        "spl": "2020-09-01",
        "types": [
          "ID"
        ],
        "severity": "High"
      },
      "database_specific": {
        "source": "https://storage.googleapis.com/android-osv/ASB-A-156959408.json"
      }
    }
  ],
  "schema_version": "1.6.0"
}