{
  "id": "ASB-A-162741784",
  "summary": "Tempering  Cell Broadcast Read State",
  "details": "In CellBroadcastReceiver's intent handlers, there is a possible denial of service due to a missing permission check. This could lead to local denial of service of emergency alerts with no additional execution privileges needed. User interaction is not needed for exploitation.",
  "aliases": [
    "CVE-2020-0437"
  ],
  "modified": "2024-05-14T14:40:15Z",
  "published": "2020-11-01T00:00:00Z",
  "references": [
    {
      "type": "ADVISORY",
      "url": "https://source.android.com/security/bulletin/2020-11-01"
    },
    {
      "type": "FIX",
      "url": "https://android.googlesource.com/platform/packages/apps/CellBroadcastReceiver/+/ceb90c636ce0d766f80cfcd522bb27b37e6d37c9"
    }
  ],
  "affected": [
    {
      "package": {
        "name": "platform/packages/apps/CellBroadcastReceiver",
        "ecosystem": "Android"
      },
      "ranges": [
        {
          "type": "ECOSYSTEM",
          "events": [
            {
              "introduced": "8.0:0"
            },
            {
              "fixed": "8.0:2020-11-01"
            },
            {
              "introduced": "8.1:0"
            },
            {
              "fixed": "8.1:2020-11-01"
            },
            {
              "introduced": "9:0"
            },
            {
              "fixed": "9:2020-11-01"
            },
            {
              "introduced": "10:0"
            },
            {
              "fixed": "10:2020-11-01"
            },
            {
              "introduced": "11:0"
            },
            {
              "fixed": "11:2020-11-01"
            }
          ]
        }
      ],
      "versions": [
        "8.0",
        "8.1",
        "9",
        "10",
        "11"
      ],
      "ecosystem_specific": {
        "fixes": [
          "https://android.googlesource.com/platform/packages/apps/CellBroadcastReceiver/+/ceb90c636ce0d766f80cfcd522bb27b37e6d37c9"
        ],
        "spl": "2020-11-01",
        "types": [
          "DoS"
        ],
        "severity": "High"
      },
      "database_specific": {
        "source": "https://storage.googleapis.com/android-osv/ASB-A-162741784.json"
      }
    }
  ],
  "schema_version": "1.6.0"
}