{
  "id": "ASB-A-161718556",
  "summary": "Hijack PendingIntent containing implicit Intent to read contacts",
  "details": "In constructImportFailureNotification of NotificationImportExportListener.java, there is a possible permissions bypass due to an unsafe PendingIntent. This could lead to local information disclosure of contact data with User execution privileges needed. User interaction is not needed for exploitation.",
  "aliases": [
    "CVE-2020-0422"
  ],
  "modified": "2024-05-14T14:40:15Z",
  "published": "2020-10-01T00:00:00Z",
  "references": [
    {
      "type": "ADVISORY",
      "url": "https://source.android.com/security/bulletin/2020-10-01"
    },
    {
      "type": "FIX",
      "url": "https://android.googlesource.com/platform/packages/apps/Contacts/+/c987095255ee953de27ea1de360c44aa99b1b856"
    }
  ],
  "affected": [
    {
      "package": {
        "name": "platform/packages/apps/Contacts",
        "ecosystem": "Android"
      },
      "ranges": [
        {
          "type": "ECOSYSTEM",
          "events": [
            {
              "introduced": "8.0:0"
            },
            {
              "fixed": "8.0:2020-10-01"
            },
            {
              "introduced": "8.1:0"
            },
            {
              "fixed": "8.1:2020-10-01"
            },
            {
              "introduced": "9:0"
            },
            {
              "fixed": "9:2020-10-01"
            },
            {
              "introduced": "10:0"
            },
            {
              "fixed": "10:2020-10-01"
            },
            {
              "introduced": "11:0"
            },
            {
              "fixed": "11:2020-10-01"
            }
          ]
        }
      ],
      "versions": [
        "8.0",
        "8.1",
        "9",
        "10",
        "11"
      ],
      "ecosystem_specific": {
        "fixes": [
          "https://android.googlesource.com/platform/packages/apps/Contacts/+/c987095255ee953de27ea1de360c44aa99b1b856"
        ],
        "spl": "2020-10-01",
        "types": [
          "ID"
        ],
        "severity": "High"
      },
      "database_specific": {
        "source": "https://storage.googleapis.com/android-osv/ASB-A-161718556.json"
      }
    }
  ],
  "schema_version": "1.6.0"
}