{
  "id": "ASB-A-219808546",
  "summary": "Mac addresses accessible without requiring any permissions or special privileges [kernel side fix]",
  "details": "In the SEPolicy configuration of system apps, there is a possible access to the 'ip' utility due to an insecure default value. This could lead to local information disclosure of network data with no additional execution privileges needed. User interaction is not needed for exploitation.",
  "aliases": [
    "CVE-2022-20399"
  ],
  "modified": "2024-05-14T14:40:15Z",
  "published": "2022-09-01T00:00:00Z",
  "references": [
    {
      "type": "ADVISORY",
      "url": "https://source.android.com/security/bulletin/2022-09-01"
    },
    {
      "type": "FIX",
      "url": "https://android.googlesource.com/kernel/common/+/9152b8d66c22c271e29ccfb381a121f1ec6eaeac"
    }
  ],
  "affected": [
    {
      "package": {
        "name": ":linux_kernel:",
        "ecosystem": "Android"
      },
      "ranges": [
        {
          "type": "ECOSYSTEM",
          "events": [
            {
              "introduced": ":0"
            },
            {
              "fixed": ":2022-09-05"
            }
          ]
        }
      ],
      "versions": [
        "Kernel"
      ],
      "ecosystem_specific": {
        "fixes": [
          "https://android.googlesource.com/kernel/common/+/9152b8d66c22c271e29ccfb381a121f1ec6eaeac"
        ],
        "spl": "2022-09-05",
        "types": [
          "ID"
        ],
        "severity": "High"
      },
      "database_specific": {
        "source": "https://storage.googleapis.com/android-osv/ASB-A-219808546.json"
      }
    }
  ],
  "schema_version": "1.6.0"
}