{
  "id": "ASB-A-179053823",
  "summary": "Assessment Bug for Security Vulnerability -  Fi VPN prevents Chrome from working",
  "details": "In updateCapabilities of ConnectivityService.java, there is a possible incorrect network state determination due to a logic error in the code. This could lead to biasing of networking tasks to occur on non-VPN networks, which could lead to remote information disclosure, with no additional execution privileges needed. User interaction is not needed for exploitation.",
  "aliases": [
    "CVE-2021-0517"
  ],
  "modified": "2024-05-14T14:40:15Z",
  "published": "2021-06-01T00:00:00Z",
  "references": [
    {
      "type": "ADVISORY",
      "url": "https://source.android.com/security/bulletin/2021-06-01"
    },
    {
      "type": "FIX",
      "url": "https://android.googlesource.com/platform/frameworks/base/+/5b90ebaf4d9edefcd9648b46cd0226f882169476"
    }
  ],
  "affected": [
    {
      "package": {
        "name": "platform/frameworks/base",
        "ecosystem": "Android"
      },
      "ranges": [
        {
          "type": "ECOSYSTEM",
          "events": [
            {
              "introduced": "11:0"
            },
            {
              "fixed": "11:2021-06-01"
            }
          ]
        }
      ],
      "versions": [
        "11"
      ],
      "ecosystem_specific": {
        "fixes": [
          "https://android.googlesource.com/platform/frameworks/base/+/5b90ebaf4d9edefcd9648b46cd0226f882169476"
        ],
        "spl": "2021-06-01",
        "types": [
          "ID"
        ],
        "severity": "High"
      },
      "database_specific": {
        "source": "https://storage.googleapis.com/android-osv/ASB-A-179053823.json"
      }
    }
  ],
  "schema_version": "1.6.0"
}