{
  "id": "ASB-A-189575031",
  "summary": "Reading Notifications Without Unlocking Device When On Call",
  "details": "In StatusBar.java, there is a possible disclosure of notification content on the lockscreen due to a logic error in the code. This could lead to local information disclosure with no additional execution privileges needed. User interaction is not needed for exploitation.",
  "aliases": [
    "CVE-2021-39628"
  ],
  "modified": "2024-05-14T14:40:15Z",
  "published": "2022-01-01T00:00:00Z",
  "references": [
    {
      "type": "ADVISORY",
      "url": "https://source.android.com/security/bulletin/2022-01-01"
    },
    {
      "type": "FIX",
      "url": "https://android.googlesource.com/platform/frameworks/base/+/9be6207510c2e39e2899a9ce7a93fb09f83134c6"
    }
  ],
  "affected": [
    {
      "package": {
        "name": "platform/frameworks/base",
        "ecosystem": "Android"
      },
      "ranges": [
        {
          "type": "ECOSYSTEM",
          "events": [
            {
              "introduced": "10:0"
            },
            {
              "fixed": "10:2022-01-01"
            },
            {
              "introduced": "11:0"
            },
            {
              "fixed": "11:2022-01-01"
            }
          ]
        }
      ],
      "versions": [
        "10",
        "11"
      ],
      "ecosystem_specific": {
        "fixes": [
          "https://android.googlesource.com/platform/frameworks/base/+/9be6207510c2e39e2899a9ce7a93fb09f83134c6"
        ],
        "spl": "2022-01-01",
        "types": [
          "ID"
        ],
        "severity": "High"
      },
      "database_specific": {
        "source": "https://storage.googleapis.com/android-osv/ASB-A-189575031.json"
      }
    }
  ],
  "schema_version": "1.6.0"
}