{
  "id": "ASB-A-155288585",
  "summary": "Use setFilterTouchesWhenObscured() for potentially dangerous screens in Settings",
  "details": "In multiple settings screens, there are possible tapjacking attacks due to an insecure default value. This could lead to local escalation of privilege and permissions with no additional execution privileges needed. User interaction is needed for exploitation.",
  "aliases": [
    "CVE-2020-0416"
  ],
  "modified": "2024-05-14T14:40:15Z",
  "published": "2020-10-01T00:00:00Z",
  "references": [
    {
      "type": "ADVISORY",
      "url": "https://source.android.com/security/bulletin/2020-10-01"
    },
    {
      "type": "FIX",
      "url": "https://android.googlesource.com/platform/packages/apps/Settings/+/4794b798c427c53a9d0f8c608c367a3e6469ed5f"
    },
    {
      "type": "FIX",
      "url": "https://android.googlesource.com/platform/packages/apps/Settings/+/ee4ec4b33fddb16606136f656db186ada767e8a5"
    }
  ],
  "affected": [
    {
      "package": {
        "name": "platform/packages/apps/Settings",
        "ecosystem": "Android"
      },
      "ranges": [
        {
          "type": "ECOSYSTEM",
          "events": [
            {
              "introduced": "8.0:0"
            },
            {
              "fixed": "8.0:2020-10-01"
            },
            {
              "introduced": "8.1:0"
            },
            {
              "fixed": "8.1:2020-10-01"
            },
            {
              "introduced": "9:0"
            },
            {
              "fixed": "9:2020-10-01"
            },
            {
              "introduced": "10:0"
            },
            {
              "fixed": "10:2020-10-01"
            }
          ]
        }
      ],
      "versions": [
        "8.0",
        "8.1",
        "9",
        "10"
      ],
      "ecosystem_specific": {
        "fixes": [
          "https://android.googlesource.com/platform/packages/apps/Settings/+/4794b798c427c53a9d0f8c608c367a3e6469ed5f",
          "https://android.googlesource.com/platform/packages/apps/Settings/+/ee4ec4b33fddb16606136f656db186ada767e8a5"
        ],
        "spl": "2020-10-01",
        "types": [
          "EoP"
        ],
        "severity": "High"
      },
      "database_specific": {
        "source": "https://storage.googleapis.com/android-osv/ASB-A-155288585.json"
      }
    }
  ],
  "schema_version": "1.6.0"
}