{
  "id": "ASB-A-157708122",
  "summary": "[AOSP] getting microphone from chrome with a getusermedia and echo cancellation active can lead to privacy concern",
  "details": "In AudioFlinger::RecordThread::threadLoop of audioflinger/Threads.cpp, there is a possible non-silenced audio buffer due to a permissions bypass. This could lead to remote information disclosure with no additional execution privileges needed. User interaction is needed for exploitation.",
  "aliases": [
    "CVE-2020-0414"
  ],
  "modified": "2024-05-14T14:40:15Z",
  "published": "2020-10-01T00:00:00Z",
  "references": [
    {
      "type": "ADVISORY",
      "url": "https://source.android.com/security/bulletin/2020-10-01"
    },
    {
      "type": "FIX",
      "url": "https://android.googlesource.com/platform/frameworks/av/+/33403f0ef8ec7e6217f4969879fa81101e6b84ee"
    }
  ],
  "affected": [
    {
      "package": {
        "name": "platform/frameworks/av",
        "ecosystem": "Android"
      },
      "ranges": [
        {
          "type": "ECOSYSTEM",
          "events": [
            {
              "introduced": "10:0"
            },
            {
              "fixed": "10:2020-10-01"
            }
          ]
        }
      ],
      "versions": [
        "10"
      ],
      "ecosystem_specific": {
        "fixes": [
          "https://android.googlesource.com/platform/frameworks/av/+/33403f0ef8ec7e6217f4969879fa81101e6b84ee"
        ],
        "spl": "2020-10-01",
        "types": [
          "ID"
        ],
        "severity": "High"
      },
      "database_specific": {
        "source": "https://storage.googleapis.com/android-osv/ASB-A-157708122.json"
      }
    }
  ],
  "schema_version": "1.6.0"
}