{
  "id": "ASB-A-179162665",
  "summary": "Out of bound in avrc_pars_browse_rsp of bluetooth stack",
  "details": "In avrc_pars_browse_rsp of avrc_pars_ct.cc, there is a possible out of bounds read due to a missing bounds check. This could lead to remote information disclosure over Bluetooth with no additional execution privileges needed. User interaction is not needed for exploitation.",
  "aliases": [
    "CVE-2021-0504"
  ],
  "modified": "2024-05-14T14:40:15Z",
  "published": "2021-06-01T00:00:00Z",
  "references": [
    {
      "type": "ADVISORY",
      "url": "https://source.android.com/security/bulletin/2021-06-01"
    },
    {
      "type": "FIX",
      "url": "https://android.googlesource.com/platform/system/bt/+/6e3c984806aa0ba9e8a836ef9fed12c1207a161e"
    }
  ],
  "affected": [
    {
      "package": {
        "name": "platform/system/bt",
        "ecosystem": "Android"
      },
      "ranges": [
        {
          "type": "ECOSYSTEM",
          "events": [
            {
              "introduced": "11:0"
            },
            {
              "fixed": "11:2021-06-01"
            }
          ]
        }
      ],
      "versions": [
        "11"
      ],
      "ecosystem_specific": {
        "fixes": [
          "https://android.googlesource.com/platform/system/bt/+/6e3c984806aa0ba9e8a836ef9fed12c1207a161e"
        ],
        "spl": "2021-06-01",
        "types": [
          "ID"
        ],
        "severity": "High"
      },
      "database_specific": {
        "source": "https://storage.googleapis.com/android-osv/ASB-A-179162665.json"
      }
    }
  ],
  "schema_version": "1.6.0"
}