{
  "id": "ASB-A-168504491",
  "summary": "phonebook leaking risk caused by overlaying window on top of BluetoothPermissionActivity",
  "details": "In onCreate of BluetoothPermissionActivity.java, there is a possible permissions bypass due to a tapjacking overlay that obscures the phonebook permissions dialog when a Bluetooth device is connecting. This could lead to local escalation of privilege with User execution privileges needed. User interaction is needed for exploitation.",
  "aliases": [
    "CVE-2021-0333"
  ],
  "modified": "2024-05-14T14:40:15Z",
  "published": "2021-02-01T00:00:00Z",
  "references": [
    {
      "type": "ADVISORY",
      "url": "https://source.android.com/security/bulletin/2021-02-01"
    },
    {
      "type": "FIX",
      "url": "https://android.googlesource.com/platform/packages/apps/Settings/+/763a4d5967503fc46e0759d5e68cc8fbdc02325f"
    }
  ],
  "affected": [
    {
      "package": {
        "name": "platform/packages/apps/Settings",
        "ecosystem": "Android"
      },
      "ranges": [
        {
          "type": "ECOSYSTEM",
          "events": [
            {
              "introduced": "8.0:0"
            },
            {
              "fixed": "8.0:2021-02-01"
            },
            {
              "introduced": "8.1:0"
            },
            {
              "fixed": "8.1:2021-02-01"
            },
            {
              "introduced": "9:0"
            },
            {
              "fixed": "9:2021-02-01"
            },
            {
              "introduced": "10:0"
            },
            {
              "fixed": "10:2021-02-01"
            },
            {
              "introduced": "11:0"
            },
            {
              "fixed": "11:2021-02-01"
            }
          ]
        }
      ],
      "versions": [
        "8.0",
        "8.1",
        "9",
        "10",
        "11"
      ],
      "ecosystem_specific": {
        "fixes": [
          "https://android.googlesource.com/platform/packages/apps/Settings/+/763a4d5967503fc46e0759d5e68cc8fbdc02325f"
        ],
        "spl": "2021-02-01",
        "types": [
          "EoP"
        ],
        "severity": "High"
      },
      "database_specific": {
        "source": "https://storage.googleapis.com/android-osv/ASB-A-168504491.json"
      }
    }
  ],
  "schema_version": "1.6.0"
}