{
  "id": "ASB-A-210469972",
  "summary": "MANAGED_PROFILE_PROVISIONED issue",
  "details": "In ACTION_MANAGED_PROFILE_PROVISIONED of DevicePolicyManagerService.java, there is a possible way for unprivileged app to send MANAGED_PROFILE_PROVISIONED intent due to a missing permission check. This could lead to local escalation of privilege with no additional execution privileges needed. User interaction is not needed for exploitation.",
  "aliases": [
    "CVE-2022-20138"
  ],
  "modified": "2024-05-14T14:40:19Z",
  "published": "2022-06-01T00:00:00Z",
  "references": [
    {
      "type": "ADVISORY",
      "url": "https://source.android.com/security/bulletin/2022-06-01"
    },
    {
      "type": "FIX",
      "url": "https://android.googlesource.com/platform/frameworks/base/+/b519b549fdb029dcdb6a51de944897e04e114e5f"
    },
    {
      "type": "FIX",
      "url": "https://android.googlesource.com/platform/packages/apps/ManagedProvisioning/+/1a7ef6ddd4c267323cd017c752d4da5392de0390"
    }
  ],
  "affected": [
    {
      "package": {
        "name": "platform/frameworks/base",
        "ecosystem": "Android"
      },
      "ranges": [
        {
          "type": "ECOSYSTEM",
          "events": [
            {
              "introduced": "10:0"
            },
            {
              "fixed": "10:2022-06-01"
            },
            {
              "introduced": "11:0"
            },
            {
              "fixed": "11:2022-06-01"
            },
            {
              "introduced": "12:0"
            },
            {
              "fixed": "12:2022-06-01"
            },
            {
              "introduced": "12L:0"
            },
            {
              "fixed": "12L:2022-06-01"
            }
          ]
        }
      ],
      "versions": [
        "10",
        "11",
        "12",
        "12L"
      ],
      "ecosystem_specific": {
        "fixes": [
          "https://android.googlesource.com/platform/frameworks/base/+/b157e658a78d68c1f4d2a72d4a7b0aa39b1362ed"
        ],
        "spl": "2022-06-01",
        "types": [
          "EoP"
        ],
        "severity": "High"
      },
      "database_specific": {
        "source": "https://storage.googleapis.com/android-osv/ASB-A-210469972.json"
      }
    },
    {
      "package": {
        "name": "platform/packages/apps/ManagedProvisioning",
        "ecosystem": "Android"
      },
      "ranges": [
        {
          "type": "ECOSYSTEM",
          "events": [
            {
              "introduced": "10:0"
            },
            {
              "fixed": "10:2022-06-01"
            },
            {
              "introduced": "11:0"
            },
            {
              "fixed": "11:2022-06-01"
            },
            {
              "introduced": "12:0"
            },
            {
              "fixed": "12:2022-06-01"
            },
            {
              "introduced": "12L:0"
            },
            {
              "fixed": "12L:2022-06-01"
            }
          ]
        }
      ],
      "versions": [
        "10",
        "11",
        "12",
        "12L"
      ],
      "ecosystem_specific": {
        "fixes": [
          "https://android.googlesource.com/platform/packages/apps/ManagedProvisioning/+/1a7ef6ddd4c267323cd017c752d4da5392de0390"
        ],
        "spl": "2022-06-01",
        "types": [
          "EoP"
        ],
        "severity": "High"
      },
      "database_specific": {
        "source": "https://storage.googleapis.com/android-osv/ASB-A-210469972.json"
      }
    }
  ],
  "schema_version": "1.6.0"
}