{
  "id": "ASB-A-207057578",
  "summary": "Unauthenticated attacker can access USB File Transfer",
  "details": "In updateState of UsbDeviceManager.java, there is a possible unauthorized access of files due to a confused deputy. This could lead to local escalation of privilege with no additional execution privileges needed. User interaction is not needed for exploitation.",
  "aliases": [
    "CVE-2021-39703"
  ],
  "modified": "2024-05-14T14:40:15Z",
  "published": "2022-03-01T00:00:00Z",
  "references": [
    {
      "type": "ADVISORY",
      "url": "https://source.android.com/security/bulletin/2022-03-01"
    },
    {
      "type": "FIX",
      "url": "https://android.googlesource.com/platform/frameworks/base/+/54f4c1843d4d41fb784f416575ec8b9857e3d195"
    }
  ],
  "affected": [
    {
      "package": {
        "name": "platform/frameworks/base",
        "ecosystem": "Android"
      },
      "ranges": [
        {
          "type": "ECOSYSTEM",
          "events": [
            {
              "introduced": "12:0"
            },
            {
              "fixed": "12:2022-03-01"
            },
            {
              "introduced": "12L:0"
            },
            {
              "fixed": "12L:2022-03-01"
            }
          ]
        }
      ],
      "versions": [
        "12",
        "12L"
      ],
      "ecosystem_specific": {
        "fixes": [
          "https://android.googlesource.com/platform/frameworks/base/+/54f4c1843d4d41fb784f416575ec8b9857e3d195"
        ],
        "spl": "2022-03-01",
        "types": [
          "EoP"
        ],
        "severity": "High"
      },
      "database_specific": {
        "source": "https://storage.googleapis.com/android-osv/ASB-A-207057578.json"
      }
    }
  ],
  "schema_version": "1.6.0"
}