{
  "id": "ASB-A-157650336",
  "summary": "NFC - Memory disclosure in rw_i93_sm_format",
  "details": "In rw_i93_sm_format of rw_i93.cc, there is a possible out of bounds read due to uninitialized data. This could lead to remote information disclosure over NFC with no additional execution privileges needed. User interaction is needed for exploitation.",
  "aliases": [
    "CVE-2020-0450"
  ],
  "modified": "2024-05-14T14:40:15Z",
  "published": "2020-11-01T00:00:00Z",
  "references": [
    {
      "type": "ADVISORY",
      "url": "https://source.android.com/security/bulletin/2020-11-01"
    },
    {
      "type": "FIX",
      "url": "https://android.googlesource.com/platform/system/nfc/+/914f67b39b6eed2515da93410df88f1162aaf831"
    }
  ],
  "affected": [
    {
      "package": {
        "name": "platform/system/nfc",
        "ecosystem": "Android"
      },
      "ranges": [
        {
          "type": "ECOSYSTEM",
          "events": [
            {
              "introduced": "8.0:0"
            },
            {
              "fixed": "8.0:2020-11-01"
            },
            {
              "introduced": "8.1:0"
            },
            {
              "fixed": "8.1:2020-11-01"
            },
            {
              "introduced": "9:0"
            },
            {
              "fixed": "9:2020-11-01"
            },
            {
              "introduced": "10:0"
            },
            {
              "fixed": "10:2020-11-01"
            },
            {
              "introduced": "11:0"
            },
            {
              "fixed": "11:2020-11-01"
            }
          ]
        }
      ],
      "versions": [
        "8.0",
        "8.1",
        "9",
        "10",
        "11"
      ],
      "ecosystem_specific": {
        "fixes": [
          "https://android.googlesource.com/platform/system/nfc/+/914f67b39b6eed2515da93410df88f1162aaf831"
        ],
        "spl": "2020-11-01",
        "types": [
          "ID"
        ],
        "severity": "High"
      },
      "database_specific": {
        "source": "https://storage.googleapis.com/android-osv/ASB-A-157650336.json"
      }
    }
  ],
  "schema_version": "1.6.0"
}