{
  "id": "ASB-A-171430330",
  "summary": ": Unauthorized file access through the READ_EXTERNAL_STORAGE permission",
  "details": "In onPackageAddedInternal of PermissionManagerService.java, there is possible access to external storage due to a permissions bypass. This could lead to local escalation of privilege with User execution privileges needed. User interaction is not needed for exploitation.",
  "aliases": [
    "CVE-2021-0486"
  ],
  "modified": "2024-05-14T14:40:15Z",
  "published": "2021-07-01T00:00:00Z",
  "references": [
    {
      "type": "ADVISORY",
      "url": "https://source.android.com/security/bulletin/2021-07-01"
    },
    {
      "type": "FIX",
      "url": "https://android.googlesource.com/platform/frameworks/base/+/09080dc177288035c4694690a0f2dcd752acb3ba"
    },
    {
      "type": "FIX",
      "url": "https://android.googlesource.com/platform/frameworks/base/+/1dcac12a9eff457a96ac1492634b82b0e45c4ab9"
    }
  ],
  "affected": [
    {
      "package": {
        "name": "platform/frameworks/base",
        "ecosystem": "Android"
      },
      "ranges": [
        {
          "type": "ECOSYSTEM",
          "events": [
            {
              "introduced": "10:0"
            },
            {
              "fixed": "10:2021-07-01"
            },
            {
              "introduced": "11:0"
            },
            {
              "fixed": "11:2021-07-01"
            }
          ]
        }
      ],
      "versions": [
        "10",
        "11"
      ],
      "ecosystem_specific": {
        "fixes": [
          "https://android.googlesource.com/platform/frameworks/base/+/09080dc177288035c4694690a0f2dcd752acb3ba",
          "https://android.googlesource.com/platform/frameworks/base/+/1dcac12a9eff457a96ac1492634b82b0e45c4ab9"
        ],
        "spl": "2021-07-01",
        "types": [
          "EoP"
        ],
        "severity": "High"
      },
      "database_specific": {
        "source": "https://storage.googleapis.com/android-osv/ASB-A-171430330.json"
      }
    }
  ],
  "schema_version": "1.6.0"
}