{
  "id": "ASB-A-173720767",
  "summary": "[An information disclosure vulnerability problem found in IMediaPlayer.cpp]",
  "details": "In readVector of IMediaPlayer.cpp, there is a possible read of uninitialized heap data due to a missing bounds check. This could lead to local information disclosure with no additional execution privileges needed. User interaction is not needed for exploitation.",
  "aliases": [
    "CVE-2021-0484"
  ],
  "modified": "2024-05-14T14:40:15Z",
  "published": "2021-05-01T00:00:00Z",
  "references": [
    {
      "type": "ADVISORY",
      "url": "https://source.android.com/security/bulletin/2021-05-01"
    },
    {
      "type": "FIX",
      "url": "https://android.googlesource.com/platform/frameworks/av/+/8e6748ee5b5363e660c81c0427c317b7a71a9181"
    }
  ],
  "affected": [
    {
      "package": {
        "name": "platform/frameworks/av",
        "ecosystem": "Android"
      },
      "ranges": [
        {
          "type": "ECOSYSTEM",
          "events": [
            {
              "introduced": "8.1:0"
            },
            {
              "fixed": "8.1:2021-05-01"
            },
            {
              "introduced": "9:0"
            },
            {
              "fixed": "9:2021-05-01"
            },
            {
              "introduced": "10:0"
            },
            {
              "fixed": "10:2021-05-01"
            },
            {
              "introduced": "11:0"
            },
            {
              "fixed": "11:2021-05-01"
            }
          ]
        }
      ],
      "versions": [
        "8.1",
        "9",
        "10",
        "11"
      ],
      "ecosystem_specific": {
        "fixes": [
          "https://android.googlesource.com/platform/frameworks/av/+/8e6748ee5b5363e660c81c0427c317b7a71a9181"
        ],
        "spl": "2021-05-01",
        "types": [
          "ID"
        ],
        "severity": "High"
      },
      "database_specific": {
        "source": "https://storage.googleapis.com/android-osv/ASB-A-173720767.json"
      }
    }
  ],
  "schema_version": "1.6.0"
}