{
  "id": "ASB-A-197336441",
  "summary": "Key Store crash when changing lock screen, locking out the user",
  "details": "In getService of IServiceManager.cpp, there is a possible unhandled exception due to an integer overflow. This could lead to local denial of service making the lockscreen unusable with no additional execution privileges needed. User interaction is needed for exploitation.",
  "aliases": [
    "CVE-2021-0919"
  ],
  "modified": "2024-05-14T14:40:15Z",
  "published": "2021-11-01T00:00:00Z",
  "references": [
    {
      "type": "ADVISORY",
      "url": "https://source.android.com/security/bulletin/2021-11-01"
    },
    {
      "type": "FIX",
      "url": "https://android.googlesource.com/platform/frameworks/native/+/217320329b298bc5e19a22f8345972f553f53f2b"
    }
  ],
  "affected": [
    {
      "package": {
        "name": "platform/frameworks/native",
        "ecosystem": "Android"
      },
      "ranges": [
        {
          "type": "ECOSYSTEM",
          "events": [
            {
              "introduced": "9:0"
            },
            {
              "fixed": "9:2021-11-01"
            },
            {
              "introduced": "10:0"
            },
            {
              "fixed": "10:2021-11-01"
            },
            {
              "introduced": "11:0"
            },
            {
              "fixed": "11:2021-11-01"
            }
          ]
        }
      ],
      "versions": [
        "9",
        "10",
        "11"
      ],
      "ecosystem_specific": {
        "fixes": [
          "https://android.googlesource.com/platform/frameworks/native/+/217320329b298bc5e19a22f8345972f553f53f2b"
        ],
        "spl": "2021-11-01",
        "types": [
          "DoS"
        ],
        "severity": "Moderate"
      },
      "database_specific": {
        "source": "https://storage.googleapis.com/android-osv/ASB-A-197336441.json"
      }
    }
  ],
  "schema_version": "1.6.0"
}