{
  "id": "ASB-A-154505240",
  "summary": "privilege escalation through custom permissions and OS update",
  "details": "In addAllPermissions of PermissionManagerService.java, there is a possible permissions bypass when upgrading major Android versions which allows an app to gain the android.permission.ACTIVITY_RECOGNITION permission without user confirmation. This could lead to local escalation of privilege with no additional execution privileges needed. User interaction is not needed for exploitation.",
  "aliases": [
    "CVE-2021-0306"
  ],
  "modified": "2024-05-14T14:40:15Z",
  "published": "2021-01-01T00:00:00Z",
  "references": [
    {
      "type": "ADVISORY",
      "url": "https://source.android.com/security/bulletin/2021-01-01"
    },
    {
      "type": "FIX",
      "url": "https://android.googlesource.com/platform/frameworks/base/+/03da463b2a94c36e3b46f0a110ec43710b82d404"
    },
    {
      "type": "FIX",
      "url": "https://android.googlesource.com/platform/frameworks/base/+/c4ce178c261e6a2dc1aa4c1e1d570f0efd980e47"
    }
  ],
  "affected": [
    {
      "package": {
        "name": "platform/frameworks/base",
        "ecosystem": "Android"
      },
      "ranges": [
        {
          "type": "ECOSYSTEM",
          "events": [
            {
              "introduced": "8.0:0"
            },
            {
              "fixed": "8.0:2021-01-01"
            },
            {
              "introduced": "8.1:0"
            },
            {
              "fixed": "8.1:2021-01-01"
            },
            {
              "introduced": "9:0"
            },
            {
              "fixed": "9:2021-01-01"
            },
            {
              "introduced": "10:0"
            },
            {
              "fixed": "10:2021-01-01"
            },
            {
              "introduced": "11:0"
            },
            {
              "fixed": "11:2021-01-01"
            }
          ]
        }
      ],
      "versions": [
        "8.0",
        "8.1",
        "9",
        "10",
        "11"
      ],
      "ecosystem_specific": {
        "fixes": [
          "https://android.googlesource.com/platform/frameworks/base/+/03da463b2a94c36e3b46f0a110ec43710b82d404",
          "https://android.googlesource.com/platform/frameworks/base/+/c4ce178c261e6a2dc1aa4c1e1d570f0efd980e47"
        ],
        "spl": "2021-01-01",
        "types": [
          "EoP"
        ],
        "severity": "High"
      },
      "database_specific": {
        "source": "https://storage.googleapis.com/android-osv/ASB-A-154505240.json"
      }
    }
  ],
  "schema_version": "1.6.0"
}