{
  "id": "ASB-A-143559931",
  "summary": "Tracing UI allows screen overlays",
  "details": "In ResolverActivity, there is a possible user interaction bypass due to a tapjacking/overlay attack. This could lead to local escalation of privilege with User execution privileges needed. User interaction is needed for exploitation.",
  "aliases": [
    "CVE-2021-0954"
  ],
  "modified": "2024-05-14T14:40:15Z",
  "published": "2021-12-01T00:00:00Z",
  "references": [
    {
      "type": "ADVISORY",
      "url": "https://source.android.com/security/bulletin/2021-12-01"
    }
  ],
  "affected": [
    {
      "package": {
        "name": ":unknown:",
        "ecosystem": "Android"
      },
      "ranges": [
        {
          "type": "ECOSYSTEM",
          "events": [
            {
              "introduced": "10:0"
            },
            {
              "fixed": "10:2021-12-01"
            },
            {
              "introduced": "11:0"
            },
            {
              "fixed": "11:2021-12-01"
            }
          ]
        }
      ],
      "versions": [
        "10",
        "11"
      ],
      "ecosystem_specific": {
        "spl": "2021-12-01",
        "types": [
          "EoP"
        ],
        "severity": "High"
      },
      "database_specific": {
        "source": "https://storage.googleapis.com/android-osv/ASB-A-143559931.json"
      }
    }
  ],
  "schema_version": "1.6.0"
}