{
  "id": "ASB-A-196448784",
  "summary": "Linux kernel vulnerability advisory",
  "details": "In max3421_set_address and related functions of max3421-hcd.c, there is a possible way to corrupt memory due to a use after free. This could lead to local escalation of privilege with physical/USB access to the device, with no additional execution privileges needed. User interaction is not needed for exploitation.",
  "aliases": [
    "CVE-2021-38204"
  ],
  "modified": "2024-05-14T14:40:15Z",
  "published": "2021-12-01T00:00:00Z",
  "references": [
    {
      "type": "ADVISORY",
      "url": "https://source.android.com/security/bulletin/2021-12-01"
    },
    {
      "type": "FIX",
      "url": "https://android.googlesource.com/kernel/common/+/b5fdf5c6e6bee35837e160c00ac89327bdad031b"
    }
  ],
  "affected": [
    {
      "package": {
        "name": ":linux_kernel:",
        "ecosystem": "Android"
      },
      "ranges": [
        {
          "type": "ECOSYSTEM",
          "events": [
            {
              "introduced": ":0"
            },
            {
              "fixed": ":2021-12-05"
            }
          ]
        }
      ],
      "versions": [
        "Kernel"
      ],
      "ecosystem_specific": {
        "fixes": [
          "https://android.googlesource.com/kernel/common/+/b5fdf5c6e6bee35837e160c00ac89327bdad031b"
        ],
        "spl": "2021-12-05",
        "types": [
          "EoP"
        ],
        "severity": "High"
      },
      "database_specific": {
        "source": "https://storage.googleapis.com/android-osv/ASB-A-196448784.json"
      }
    }
  ],
  "schema_version": "1.6.0"
}