{
  "id": "ASB-A-189824175",
  "summary": "[TV] Use of caller-aware methods after clearCallingIdentity()",
  "details": "In requestChannelBrowsable of TvInputManagerService.java, there is a possible permission bypass due to a logic error in the code. This could lead to local escalation of privilege with no additional execution privileges needed. User interaction is not needed for exploitation.",
  "aliases": [
    "CVE-2021-0927"
  ],
  "modified": "2024-05-14T14:40:15Z",
  "published": "2021-11-01T00:00:00Z",
  "references": [
    {
      "type": "ADVISORY",
      "url": "https://source.android.com/security/bulletin/2021-11-01"
    }
  ],
  "affected": [
    {
      "package": {
        "name": ":unknown:",
        "ecosystem": "Android"
      },
      "ranges": [
        {
          "type": "ECOSYSTEM",
          "events": [
            {
              "introduced": "8.1:0"
            },
            {
              "fixed": "8.1:2021-11-05"
            },
            {
              "introduced": "9:0"
            },
            {
              "fixed": "9:2021-11-05"
            },
            {
              "introduced": "10:0"
            },
            {
              "fixed": "10:2021-11-05"
            },
            {
              "introduced": "11:0"
            },
            {
              "fixed": "11:2021-11-05"
            },
            {
              "introduced": "12:0"
            },
            {
              "fixed": "12:2021-11-05"
            }
          ]
        }
      ],
      "versions": [
        "8.1",
        "9",
        "10",
        "11",
        "12"
      ],
      "ecosystem_specific": {
        "spl": "2021-11-05",
        "types": [
          "EoP"
        ],
        "severity": "High"
      },
      "database_specific": {
        "source": "https://storage.googleapis.com/android-osv/ASB-A-189824175.json"
      }
    }
  ],
  "schema_version": "1.6.0"
}