{
  "id": "ASB-A-174182139",
  "summary": "[GWP-ASan] Use after free in bluetooth (sdp)",
  "details": "In ConnectionHandler::SdpCb of connection_handler.cc, there is a possible out of bounds read due to a use after free. This could lead to remote information disclosure with no additional execution privileges needed. User interaction is not needed for exploitation.",
  "aliases": [
    "CVE-2021-0522"
  ],
  "modified": "2024-05-14T14:40:15Z",
  "published": "2021-06-01T00:00:00Z",
  "references": [
    {
      "type": "ADVISORY",
      "url": "https://source.android.com/security/bulletin/2021-06-01"
    },
    {
      "type": "FIX",
      "url": "https://android.googlesource.com/platform/system/bt/+/71c573ae67b6a15c33ad1036b37b999c54d7236b"
    }
  ],
  "affected": [
    {
      "package": {
        "name": "platform/system/bt",
        "ecosystem": "Android"
      },
      "ranges": [
        {
          "type": "ECOSYSTEM",
          "events": [
            {
              "introduced": "9:0"
            },
            {
              "fixed": "9:2021-06-01"
            },
            {
              "introduced": "10:0"
            },
            {
              "fixed": "10:2021-06-01"
            },
            {
              "introduced": "11:0"
            },
            {
              "fixed": "11:2021-06-01"
            }
          ]
        }
      ],
      "versions": [
        "9",
        "10",
        "11"
      ],
      "ecosystem_specific": {
        "fixes": [
          "https://android.googlesource.com/platform/system/bt/+/71c573ae67b6a15c33ad1036b37b999c54d7236b"
        ],
        "spl": "2021-06-01",
        "types": [
          "ID"
        ],
        "severity": "High"
      },
      "database_specific": {
        "source": "https://storage.googleapis.com/android-osv/ASB-A-174182139.json"
      }
    }
  ],
  "schema_version": "1.6.0"
}