{
  "id": "ASB-A-174149901",
  "summary": "[Bluetooth information disclosure vulnerability when processing AVCT_CMD of AVRC_OP_SUB_INFO]",
  "details": "In avrc_msg_cback of avrc_api.cc, there is a possible out of bounds read due to a missing bounds check. This could lead to remote information disclosure to a paired device with no additional execution privileges needed. User interaction is not needed for exploitation.",
  "aliases": [
    "CVE-2021-0431"
  ],
  "modified": "2024-05-14T14:40:15Z",
  "published": "2021-04-01T00:00:00Z",
  "references": [
    {
      "type": "ADVISORY",
      "url": "https://source.android.com/security/bulletin/2021-04-01"
    },
    {
      "type": "FIX",
      "url": "https://android.googlesource.com/platform/system/bt/+/20305ba196a82d003811bbdf51fb978cd8315ba8"
    }
  ],
  "affected": [
    {
      "package": {
        "name": "platform/system/bt",
        "ecosystem": "Android"
      },
      "ranges": [
        {
          "type": "ECOSYSTEM",
          "events": [
            {
              "introduced": "8.1:0"
            },
            {
              "fixed": "8.1:2021-04-01"
            },
            {
              "introduced": "9:0"
            },
            {
              "fixed": "9:2021-04-01"
            },
            {
              "introduced": "10:0"
            },
            {
              "fixed": "10:2021-04-01"
            },
            {
              "introduced": "11:0"
            },
            {
              "fixed": "11:2021-04-01"
            }
          ]
        }
      ],
      "versions": [
        "8.1",
        "9",
        "10",
        "11"
      ],
      "ecosystem_specific": {
        "fixes": [
          "https://android.googlesource.com/platform/system/bt/+/20305ba196a82d003811bbdf51fb978cd8315ba8"
        ],
        "spl": "2021-04-01",
        "types": [
          "ID"
        ],
        "severity": "High"
      },
      "database_specific": {
        "source": "https://storage.googleapis.com/android-osv/ASB-A-174149901.json"
      }
    }
  ],
  "schema_version": "1.6.0"
}