{
  "id": "ASB-A-209966086",
  "summary": "App can remain foreground forever without showing any notification and can bypass one time permissions. android.app.cts.NotificationManagerTest#testNotify_blockedChannelGroup",
  "details": "In createNotificationChannelGroup of PreferencesHelper.java, there is a possible way for a service to run in foreground without user notification due to improper input validation. This could lead to local escalation of privilege with no additional execution privileges needed. User interaction is not needed for exploitation.",
  "aliases": [
    "CVE-2021-39808"
  ],
  "modified": "2024-05-14T14:40:15Z",
  "published": "2022-04-01T00:00:00Z",
  "references": [
    {
      "type": "ADVISORY",
      "url": "https://source.android.com/security/bulletin/2022-04-01"
    },
    {
      "type": "FIX",
      "url": "https://android.googlesource.com/platform/frameworks/base/+/45b4a71f5cc366c338c1ceb217a602960fd31401"
    }
  ],
  "affected": [
    {
      "package": {
        "name": "platform/frameworks/base",
        "ecosystem": "Android"
      },
      "ranges": [
        {
          "type": "ECOSYSTEM",
          "events": [
            {
              "introduced": "10:0"
            },
            {
              "fixed": "10:2022-04-01"
            },
            {
              "introduced": "11:0"
            },
            {
              "fixed": "11:2022-04-01"
            },
            {
              "introduced": "12:0"
            },
            {
              "fixed": "12:2022-04-01"
            }
          ]
        }
      ],
      "versions": [
        "10",
        "11",
        "12"
      ],
      "ecosystem_specific": {
        "fixes": [
          "https://android.googlesource.com/platform/frameworks/base/+/45b4a71f5cc366c338c1ceb217a602960fd31401"
        ],
        "spl": "2022-04-01",
        "types": [
          "EoP"
        ],
        "severity": "High"
      },
      "database_specific": {
        "source": "https://storage.googleapis.com/android-osv/ASB-A-209966086.json"
      }
    }
  ],
  "schema_version": "1.6.0"
}