{
  "id": "ASB-A-194461020",
  "summary": "KASAN: slab-out-of-bounds in xhci_vendor_get_ops when launching android12-5.10 in Cuttlefish",
  "details": "In xhci_vendor_get_ops of xhci.c, there is a possible out of bounds read due to a missing bounds check. This could lead to local escalation of privilege with no additional execution privileges needed. User interaction is not needed for exploitation.",
  "aliases": [
    "CVE-2021-0924"
  ],
  "modified": "2024-05-14T14:40:15Z",
  "published": "2021-11-01T00:00:00Z",
  "references": [
    {
      "type": "ADVISORY",
      "url": "https://source.android.com/security/bulletin/2021-11-01"
    },
    {
      "type": "FIX",
      "url": "https://android.googlesource.com/kernel/common/+/df1995aede8e5b13a5ba4d36b48ed88d5bb84497"
    }
  ],
  "affected": [
    {
      "package": {
        "name": ":linux_kernel:",
        "ecosystem": "Android"
      },
      "ranges": [
        {
          "type": "ECOSYSTEM",
          "events": [
            {
              "introduced": ":0"
            },
            {
              "fixed": ":2021-11-05"
            }
          ]
        }
      ],
      "versions": [
        "Kernel"
      ],
      "ecosystem_specific": {
        "fixes": [
          "https://android.googlesource.com/kernel/common/+/df1995aede8e5b13a5ba4d36b48ed88d5bb84497"
        ],
        "spl": "2021-11-05",
        "types": [
          "EoP"
        ],
        "severity": "High"
      },
      "database_specific": {
        "source": "https://storage.googleapis.com/android-osv/ASB-A-194461020.json"
      }
    }
  ],
  "schema_version": "1.6.0"
}