{
  "id": "ASB-A-129476618",
  "summary": "Any app can run CompanionDeviceManagerService cmd",
  "details": "In onCommand of CompanionDeviceManagerService.java, there is a possible permissions bypass due to a missing permission check. This could lead to local escalation of privilege allowing background data usage or launching from the background, with no additional execution privileges needed. User interaction is not needed for exploitation.",
  "aliases": [
    "CVE-2020-0227"
  ],
  "modified": "2024-05-14T14:40:15Z",
  "published": "2020-07-01T00:00:00Z",
  "references": [
    {
      "type": "ADVISORY",
      "url": "https://source.android.com/security/bulletin/2020-07-01"
    },
    {
      "type": "FIX",
      "url": "https://android.googlesource.com/platform/cts/+/4f7dc13067ab4aa4f0c3f5373ee0a28c0285eea1"
    },
    {
      "type": "FIX",
      "url": "https://android.googlesource.com/platform/cts/+/7d87a0e0a7bcda698b30957bce3c21d64a965e89"
    },
    {
      "type": "FIX",
      "url": "https://android.googlesource.com/platform/cts/+/8643636095dc9b3c70a62ef16f68df12dff67fe7"
    },
    {
      "type": "FIX",
      "url": "https://android.googlesource.com/platform/frameworks/base/+/84cccfe6cdbc57ee372ee1a0fea64c7a11c53766"
    },
    {
      "type": "FIX",
      "url": "https://android.googlesource.com/platform/frameworks/base/+/98f45443e1cf397ab92b4cecd9200c2dcccf099b"
    },
    {
      "type": "FIX",
      "url": "https://android.googlesource.com/platform/frameworks/base/+/b4aaa9d8adae5971f7f6589afc22008afa2f8d2b"
    }
  ],
  "affected": [
    {
      "package": {
        "name": "platform/cts",
        "ecosystem": "Android"
      },
      "ranges": [
        {
          "type": "ECOSYSTEM",
          "events": [
            {
              "introduced": "8.0:0"
            },
            {
              "fixed": "8.0:2020-07-01"
            },
            {
              "introduced": "8.1:0"
            },
            {
              "fixed": "8.1:2020-07-01"
            },
            {
              "introduced": "9:0"
            },
            {
              "fixed": "9:2020-07-01"
            },
            {
              "introduced": "10:0"
            },
            {
              "fixed": "10:2020-07-01"
            }
          ]
        }
      ],
      "versions": [
        "8.0",
        "8.1",
        "9",
        "10"
      ],
      "ecosystem_specific": {
        "fixes": [
          "https://android.googlesource.com/platform/cts/+/4f7dc13067ab4aa4f0c3f5373ee0a28c0285eea1",
          "https://android.googlesource.com/platform/cts/+/7d87a0e0a7bcda698b30957bce3c21d64a965e89",
          "https://android.googlesource.com/platform/cts/+/8643636095dc9b3c70a62ef16f68df12dff67fe7"
        ],
        "spl": "2020-07-01",
        "types": [
          "EoP"
        ],
        "severity": "High"
      },
      "database_specific": {
        "source": "https://storage.googleapis.com/android-osv/ASB-A-129476618.json"
      }
    },
    {
      "package": {
        "name": "platform/frameworks/base",
        "ecosystem": "Android"
      },
      "ranges": [
        {
          "type": "ECOSYSTEM",
          "events": [
            {
              "introduced": "8.0:0"
            },
            {
              "fixed": "8.0:2020-07-01"
            },
            {
              "introduced": "8.1:0"
            },
            {
              "fixed": "8.1:2020-07-01"
            },
            {
              "introduced": "9:0"
            },
            {
              "fixed": "9:2020-07-01"
            },
            {
              "introduced": "10:0"
            },
            {
              "fixed": "10:2020-07-01"
            }
          ]
        }
      ],
      "versions": [
        "8.0",
        "8.1",
        "9",
        "10"
      ],
      "ecosystem_specific": {
        "fixes": [
          "https://android.googlesource.com/platform/frameworks/base/+/84cccfe6cdbc57ee372ee1a0fea64c7a11c53766",
          "https://android.googlesource.com/platform/frameworks/base/+/98f45443e1cf397ab92b4cecd9200c2dcccf099b",
          "https://android.googlesource.com/platform/frameworks/base/+/b4aaa9d8adae5971f7f6589afc22008afa2f8d2b"
        ],
        "spl": "2020-07-01",
        "types": [
          "EoP"
        ],
        "severity": "High"
      },
      "database_specific": {
        "source": "https://storage.googleapis.com/android-osv/ASB-A-129476618.json"
      }
    }
  ],
  "schema_version": "1.6.0"
}