{
  "id": "ASB-A-223793631",
  "summary": "Privilege Escalation in com.android.providers.media.MediaProvider#DatabaseUtils.bindSelection",
  "details": "In bindSelection of DatabaseUtils.java, there is a possible way to access files from other applications due to SQL injection. This could lead to local information disclosure with no additional execution privileges needed. User interaction is not needed for exploitation.",
  "aliases": [
    "CVE-2023-35683"
  ],
  "modified": "2024-05-14T14:40:15Z",
  "published": "2023-09-01T00:00:00Z",
  "references": [
    {
      "type": "ADVISORY",
      "url": "https://source.android.com/security/bulletin/2023-09-01"
    },
    {
      "type": "FIX",
      "url": "https://android.googlesource.com/platform/packages/providers/MediaProvider/+/23d156ed1bed6d2c2b325f0be540d0afca510c49"
    }
  ],
  "affected": [
    {
      "package": {
        "name": "platform/packages/providers/MediaProvider",
        "ecosystem": "Android"
      },
      "ranges": [
        {
          "type": "ECOSYSTEM",
          "events": [
            {
              "introduced": "11:0"
            },
            {
              "fixed": "11:2023-09-01"
            },
            {
              "introduced": "12:0"
            },
            {
              "fixed": "12:2023-09-01"
            },
            {
              "introduced": "12L:0"
            },
            {
              "fixed": "12L:2023-09-01"
            },
            {
              "introduced": "13:0"
            },
            {
              "fixed": "13:2023-09-01"
            }
          ]
        }
      ],
      "versions": [
        "11",
        "12",
        "12L",
        "13"
      ],
      "ecosystem_specific": {
        "fixes": [
          "https://android.googlesource.com/platform/packages/providers/MediaProvider/+/11a3e33800d324ec7e40bd3b717455dd8e4f0d4c"
        ],
        "spl": "2023-09-01",
        "types": [
          "ID"
        ],
        "severity": "High"
      },
      "database_specific": {
        "source": "https://storage.googleapis.com/android-osv/ASB-A-223793631.json"
      }
    }
  ],
  "schema_version": "1.6.0"
}