{
  "id": "ASB-A-224771621",
  "summary": "SQL Injection in ContactsProvider#query via URI PathSegments",
  "details": "In appendEscapedSQLString of DatabaseUtils.java, there is a possible SQL injection due to unsafe deserialization. This could lead to local information disclosure with User execution privileges needed. User interaction is not needed for exploitation.",
  "aliases": [
    "CVE-2023-40121"
  ],
  "modified": "2024-05-14T14:40:16Z",
  "published": "2023-10-01T00:00:00Z",
  "references": [
    {
      "type": "ADVISORY",
      "url": "https://source.android.com/security/bulletin/2023-10-01"
    },
    {
      "type": "FIX",
      "url": "https://android.googlesource.com/platform/frameworks/base/+/3287ac2d2565dc96bf6177967f8e3aed33954253"
    }
  ],
  "affected": [
    {
      "package": {
        "name": "platform/frameworks/base",
        "ecosystem": "Android"
      },
      "ranges": [
        {
          "type": "ECOSYSTEM",
          "events": [
            {
              "introduced": "11:0"
            },
            {
              "fixed": "11:2023-10-01"
            },
            {
              "introduced": "12:0"
            },
            {
              "fixed": "12:2023-10-01"
            },
            {
              "introduced": "12L:0"
            },
            {
              "fixed": "12L:2023-10-01"
            },
            {
              "introduced": "13:0"
            },
            {
              "fixed": "13:2023-10-01"
            }
          ]
        }
      ],
      "versions": [
        "11",
        "12",
        "12L",
        "13"
      ],
      "ecosystem_specific": {
        "fixes": [
          "https://android.googlesource.com/platform/frameworks/base/+/0e371afb3000c499e0781168ec881a47eab93bad"
        ],
        "spl": "2023-10-01",
        "types": [
          "ID"
        ],
        "severity": "High"
      },
      "database_specific": {
        "source": "https://storage.googleapis.com/android-osv/ASB-A-224771621.json"
      }
    }
  ],
  "schema_version": "1.6.0"
}