{
  "id": "ASB-A-145728687",
  "summary": "Apps can get users to unknowingly perform sensitive actions using custom activity transitions",
  "details": "In loadAnimation of WindowContainer.java, there is a possible way to keep displaying a malicious app while a target app is brought to the foreground. This could lead to local escalation of privilege with no additional execution privileges needed. User interaction is needed for exploitation.",
  "aliases": [
    "CVE-2021-0339"
  ],
  "modified": "2024-05-14T14:40:15Z",
  "published": "2021-02-01T00:00:00Z",
  "references": [
    {
      "type": "ADVISORY",
      "url": "https://source.android.com/security/bulletin/2021-02-01"
    },
    {
      "type": "FIX",
      "url": "https://android.googlesource.com/platform/frameworks/base/+/36bcc77337814d4d36e2b10eb062ac417d91611e"
    },
    {
      "type": "FIX",
      "url": "https://android.googlesource.com/platform/frameworks/base/+/4236b3e88fe444e2fbec7aa564fccf8b57c071dd"
    },
    {
      "type": "FIX",
      "url": "https://android.googlesource.com/platform/frameworks/base/+/6de34f8ee714691dbc3c089245bf832006826ebe"
    },
    {
      "type": "FIX",
      "url": "https://android.googlesource.com/platform/frameworks/base/+/8669ef385780b8415412407deec85539a1e7db98"
    },
    {
      "type": "FIX",
      "url": "https://android.googlesource.com/platform/frameworks/base/+/ee11625bb707c3512d4e44a35cc85b0bd14a2478"
    }
  ],
  "affected": [
    {
      "package": {
        "name": "platform/frameworks/base",
        "ecosystem": "Android"
      },
      "ranges": [
        {
          "type": "ECOSYSTEM",
          "events": [
            {
              "introduced": "8.0:0"
            },
            {
              "fixed": "8.0:2021-02-01"
            },
            {
              "introduced": "8.1:0"
            },
            {
              "fixed": "8.1:2021-02-01"
            },
            {
              "introduced": "9:0"
            },
            {
              "fixed": "9:2021-02-01"
            },
            {
              "introduced": "10:0"
            },
            {
              "fixed": "10:2021-02-01"
            }
          ]
        }
      ],
      "versions": [
        "8.0",
        "8.1",
        "9",
        "10"
      ],
      "ecosystem_specific": {
        "fixes": [
          "https://android.googlesource.com/platform/frameworks/base/+/36bcc77337814d4d36e2b10eb062ac417d91611e",
          "https://android.googlesource.com/platform/frameworks/base/+/4236b3e88fe444e2fbec7aa564fccf8b57c071dd",
          "https://android.googlesource.com/platform/frameworks/base/+/6de34f8ee714691dbc3c089245bf832006826ebe",
          "https://android.googlesource.com/platform/frameworks/base/+/8669ef385780b8415412407deec85539a1e7db98",
          "https://android.googlesource.com/platform/frameworks/base/+/ee11625bb707c3512d4e44a35cc85b0bd14a2478"
        ],
        "spl": "2021-02-01",
        "types": [
          "EoP"
        ],
        "severity": "High"
      },
      "database_specific": {
        "source": "https://storage.googleapis.com/android-osv/ASB-A-145728687.json"
      }
    }
  ],
  "schema_version": "1.6.0"
}