{
  "id": "ASB-A-205836329",
  "summary": "Android 11-12 Normal App Privilege Escalation To ADB Shell",
  "details": "In broadcastPortInfo of AdbService.java, there is a possible way for apps to run code as the shell user, if wireless debugging is enabled, due to a missing permission check. This could lead to local escalation of privilege with no additional execution privileges needed. User interaction is needed for exploitation.",
  "aliases": [
    "CVE-2021-39794"
  ],
  "modified": "2024-05-14T14:40:15Z",
  "published": "2022-04-01T00:00:00Z",
  "references": [
    {
      "type": "ADVISORY",
      "url": "https://source.android.com/security/bulletin/2022-04-01"
    },
    {
      "type": "FIX",
      "url": "https://android.googlesource.com/platform/frameworks/base/+/f2387994151fb5c22c9e645647945e1471fe8ac1"
    }
  ],
  "affected": [
    {
      "package": {
        "name": "platform/frameworks/base",
        "ecosystem": "Android"
      },
      "ranges": [
        {
          "type": "ECOSYSTEM",
          "events": [
            {
              "introduced": "11:0"
            },
            {
              "fixed": "11:2022-04-01"
            },
            {
              "introduced": "12:0"
            },
            {
              "fixed": "12:2022-04-01"
            },
            {
              "introduced": "12L:0"
            },
            {
              "fixed": "12L:2022-04-01"
            }
          ]
        }
      ],
      "versions": [
        "11",
        "12",
        "12L"
      ],
      "ecosystem_specific": {
        "fixes": [
          "https://android.googlesource.com/platform/frameworks/base/+/f2387994151fb5c22c9e645647945e1471fe8ac1"
        ],
        "spl": "2022-04-01",
        "types": [
          "EoP"
        ],
        "severity": "High"
      },
      "database_specific": {
        "source": "https://storage.googleapis.com/android-osv/ASB-A-205836329.json"
      }
    }
  ],
  "schema_version": "1.6.0"
}