{
  "id": "ASB-A-166667403",
  "summary": "AndroTIME 1: Detection of Applications - android.app.ActivityManager getHistoricalProcessExitReasons: (1 of 7)",
  "details": "In enforceDumpPermissionForPackage of ActivityManagerService.java, there is a possible way to determine if a package is installed due to side channel information disclosure. This could lead to local information disclosure with no additional execution privileges needed. User interaction is not needed for exploitation.",
  "aliases": [
    "CVE-2021-0321"
  ],
  "modified": "2024-05-14T14:40:15Z",
  "published": "2021-01-01T00:00:00Z",
  "references": [
    {
      "type": "ADVISORY",
      "url": "https://source.android.com/security/bulletin/2021-01-01"
    },
    {
      "type": "FIX",
      "url": "https://android.googlesource.com/platform/frameworks/base/+/b57d1409c52478d37f006145949be8b4591b9898"
    }
  ],
  "affected": [
    {
      "package": {
        "name": "platform/frameworks/base",
        "ecosystem": "Android"
      },
      "ranges": [
        {
          "type": "ECOSYSTEM",
          "events": [
            {
              "introduced": "11:0"
            },
            {
              "fixed": "11:2021-01-01"
            }
          ]
        }
      ],
      "versions": [
        "11"
      ],
      "ecosystem_specific": {
        "fixes": [
          "https://android.googlesource.com/platform/frameworks/base/+/b57d1409c52478d37f006145949be8b4591b9898"
        ],
        "spl": "2021-01-01",
        "types": [
          "ID"
        ],
        "severity": "High"
      },
      "database_specific": {
        "source": "https://storage.googleapis.com/android-osv/ASB-A-166667403.json"
      }
    }
  ],
  "schema_version": "1.6.0"
}