{
  "id": "ASB-A-221856662",
  "summary": "[Out of Bounds Read in nfc_ncif_proc_ee_discover_req Function in nfc_ncicc in nfc]",
  "details": "In nci_proc_rf_management_ntf of nci_hrcv.cc, there is a possible out of bounds read due to a missing bounds check. This could lead to remote information disclosure with no additional execution privileges needed. User interaction is not needed for exploitation.",
  "aliases": [
    "CVE-2022-20131"
  ],
  "modified": "2024-05-14T14:40:15Z",
  "published": "2022-06-01T00:00:00Z",
  "references": [
    {
      "type": "ADVISORY",
      "url": "https://source.android.com/security/bulletin/2022-06-01"
    },
    {
      "type": "FIX",
      "url": "https://android.googlesource.com/platform/system/nfc/+/1c6ab25b3d76c2ced764dc649bec6cf05aecd198"
    }
  ],
  "affected": [
    {
      "package": {
        "name": "platform/system/nfc",
        "ecosystem": "Android"
      },
      "ranges": [
        {
          "type": "ECOSYSTEM",
          "events": [
            {
              "introduced": "10:0"
            },
            {
              "fixed": "10:2022-06-01"
            },
            {
              "introduced": "11:0"
            },
            {
              "fixed": "11:2022-06-01"
            },
            {
              "introduced": "12:0"
            },
            {
              "fixed": "12:2022-06-01"
            },
            {
              "introduced": "12L:0"
            },
            {
              "fixed": "12L:2022-06-01"
            }
          ]
        }
      ],
      "versions": [
        "10",
        "11",
        "12",
        "12L"
      ],
      "ecosystem_specific": {
        "fixes": [
          "https://android.googlesource.com/platform/system/nfc/+/1c6ab25b3d76c2ced764dc649bec6cf05aecd198"
        ],
        "spl": "2022-06-01",
        "types": [
          "ID"
        ],
        "severity": "High"
      },
      "database_specific": {
        "source": "https://storage.googleapis.com/android-osv/ASB-A-221856662.json"
      }
    }
  ],
  "schema_version": "1.6.0"
}