{
  "id": "ASB-A-183188047",
  "summary": "Android Vomit Report",
  "details": "In fastrpc_internal_invoke of drivers/misc/fastrpc.c, there is a possible way for user-mode processes to send fastrpc kernel requests due to a missing permission check. This could lead to local escalation of privilege with no additional execution privileges needed. User interaction is not needed for exploitation.",
  "aliases": [
    "CVE-2021-28375"
  ],
  "modified": "2024-05-14T14:40:15Z",
  "published": "2021-08-01T00:00:00Z",
  "references": [
    {
      "type": "ADVISORY",
      "url": "https://source.android.com/security/bulletin/2021-08-01"
    },
    {
      "type": "FIX",
      "url": "https://android.googlesource.com/kernel/common/+/20c40794eb85ea29852d7bc37c55713802a543d6"
    }
  ],
  "affected": [
    {
      "package": {
        "name": ":linux_kernel:",
        "ecosystem": "Android"
      },
      "ranges": [
        {
          "type": "ECOSYSTEM",
          "events": [
            {
              "introduced": ":0"
            },
            {
              "fixed": ":2021-08-05"
            }
          ]
        }
      ],
      "versions": [
        "Kernel"
      ],
      "ecosystem_specific": {
        "fixes": [
          "https://android.googlesource.com/kernel/common/+/20c40794eb85ea29852d7bc37c55713802a543d6"
        ],
        "spl": "2021-08-05",
        "types": [
          "EoP"
        ],
        "severity": "High"
      },
      "database_specific": {
        "source": "https://storage.googleapis.com/android-osv/ASB-A-183188047.json"
      }
    }
  ],
  "schema_version": "1.6.0"
}