{
  "id": "ASB-A-188554048",
  "summary": "Misconfigured SELinux system_app policy could lead to file overwrite/code execution/backdoor in arbitrary application on Android 11",
  "details": "In the SELinux policy configured in system_app.te, there is a possible way for system_app to gain code execution in other processes due to an overly-permissive SELinux policy. This could lead to local escalation of privilege with System execution privileges needed. User interaction is not needed for exploitation.",
  "aliases": [
    "CVE-2021-0691"
  ],
  "modified": "2024-05-14T14:40:15Z",
  "published": "2021-09-01T00:00:00Z",
  "references": [
    {
      "type": "ADVISORY",
      "url": "https://source.android.com/security/bulletin/2021-09-01"
    },
    {
      "type": "FIX",
      "url": "https://android.googlesource.com/platform/system/sepolicy/+/972b000898a21a9b9eb43d209246dc671b3d815b"
    }
  ],
  "affected": [
    {
      "package": {
        "name": "platform/system/sepolicy",
        "ecosystem": "Android"
      },
      "ranges": [
        {
          "type": "ECOSYSTEM",
          "events": [
            {
              "introduced": "11:0"
            },
            {
              "fixed": "11:2021-09-01"
            }
          ]
        }
      ],
      "versions": [
        "11"
      ],
      "ecosystem_specific": {
        "fixes": [
          "https://android.googlesource.com/platform/system/sepolicy/+/972b000898a21a9b9eb43d209246dc671b3d815b"
        ],
        "spl": "2021-09-01",
        "types": [
          "EoP"
        ],
        "severity": "Moderate"
      },
      "database_specific": {
        "source": "https://storage.googleapis.com/android-osv/ASB-A-188554048.json"
      }
    }
  ],
  "schema_version": "1.6.0"
}