{
  "id": "ASB-A-129287265",
  "summary": "Crafted instance of android.accounts.Account causes full loss of non cloud user data",
  "details": "In Account of Account.java, there is a possible boot loop due to improper input validation. This could lead to local denial of service with no additional execution privileges needed. User interaction is not needed for exploitation.",
  "aliases": [
    "CVE-2019-9376"
  ],
  "modified": "2024-05-14T14:40:15Z",
  "published": "2021-01-01T00:00:00Z",
  "references": [
    {
      "type": "ADVISORY",
      "url": "https://source.android.com/security/bulletin/2021-01-01"
    },
    {
      "type": "FIX",
      "url": "https://android.googlesource.com/platform/frameworks/base/+/32e85796389f57e2539c28f9e670277ab610459a"
    }
  ],
  "affected": [
    {
      "package": {
        "name": "platform/frameworks/base",
        "ecosystem": "Android"
      },
      "ranges": [
        {
          "type": "ECOSYSTEM",
          "events": [
            {
              "introduced": "8.0:0"
            },
            {
              "fixed": "8.0:2021-01-01"
            },
            {
              "introduced": "8.1:0"
            },
            {
              "fixed": "8.1:2021-01-01"
            },
            {
              "introduced": "9:0"
            },
            {
              "fixed": "9:2021-01-01"
            }
          ]
        }
      ],
      "versions": [
        "8.0",
        "8.1",
        "9"
      ],
      "ecosystem_specific": {
        "fixes": [
          "https://android.googlesource.com/platform/frameworks/base/+/32e85796389f57e2539c28f9e670277ab610459a"
        ],
        "spl": "2021-01-01",
        "types": [
          "DoS"
        ],
        "severity": "High"
      },
      "database_specific": {
        "source": "https://storage.googleapis.com/android-osv/ASB-A-129287265.json"
      }
    }
  ],
  "schema_version": "1.6.0"
}