{
  "id": "ASB-A-175074139",
  "summary": ": Use after free in vibrator-service",
  "details": "In pollOnce of ALooper.cpp, there is possible memory corruption due to a use after free. This could lead to local escalation of privilege with no additional execution privileges needed. User interaction is not needed for exploitation.",
  "aliases": [
    "CVE-2021-0429"
  ],
  "modified": "2024-05-14T14:40:15Z",
  "published": "2021-04-01T00:00:00Z",
  "references": [
    {
      "type": "ADVISORY",
      "url": "https://source.android.com/security/bulletin/2021-04-01"
    },
    {
      "type": "FIX",
      "url": "https://android.googlesource.com/platform/frameworks/hardware/interfaces/+/429804c700a0b0db72c2e8d239f75e9e105e3ebc"
    },
    {
      "type": "FIX",
      "url": "https://android.googlesource.com/platform/frameworks/hardware/interfaces/+/f511fda58b8c77b7f81a3586d8ae1cf10a920fce"
    }
  ],
  "affected": [
    {
      "package": {
        "name": "platform/frameworks/hardware/interfaces",
        "ecosystem": "Android"
      },
      "ranges": [
        {
          "type": "ECOSYSTEM",
          "events": [
            {
              "introduced": "8.1:0"
            },
            {
              "fixed": "8.1:2021-04-01"
            },
            {
              "introduced": "9:0"
            },
            {
              "fixed": "9:2021-04-01"
            },
            {
              "introduced": "10:0"
            },
            {
              "fixed": "10:2021-04-01"
            },
            {
              "introduced": "11:0"
            },
            {
              "fixed": "11:2021-04-01"
            }
          ]
        }
      ],
      "versions": [
        "8.1",
        "9",
        "10",
        "11"
      ],
      "ecosystem_specific": {
        "fixes": [
          "https://android.googlesource.com/platform/frameworks/hardware/interfaces/+/429804c700a0b0db72c2e8d239f75e9e105e3ebc",
          "https://android.googlesource.com/platform/frameworks/hardware/interfaces/+/f511fda58b8c77b7f81a3586d8ae1cf10a920fce"
        ],
        "spl": "2021-04-01",
        "types": [
          "EoP"
        ],
        "severity": "High"
      },
      "database_specific": {
        "source": "https://storage.googleapis.com/android-osv/ASB-A-175074139.json"
      }
    }
  ],
  "schema_version": "1.6.0"
}