{
  "id": "ASB-A-177927831",
  "summary": "App can read default sms application package  without requiring any permission.",
  "details": "In getDefaultSmsPackage of RoleManagerService.java, there is a possible way to get information about the default sms app of a different device user due to a missing permission check. This could lead to local information disclosure with no additional execution privileges needed. User interaction is not needed for exploitation.",
  "aliases": [
    "CVE-2021-0686"
  ],
  "modified": "2024-05-14T14:40:15Z",
  "published": "2021-09-01T00:00:00Z",
  "references": [
    {
      "type": "ADVISORY",
      "url": "https://source.android.com/security/bulletin/2021-09-01"
    },
    {
      "type": "FIX",
      "url": "https://android.googlesource.com/platform/frameworks/base/+/7f39ba09b8ccad2ae50874d3643cdc93746391ea"
    }
  ],
  "affected": [
    {
      "package": {
        "name": "platform/frameworks/base",
        "ecosystem": "Android"
      },
      "ranges": [
        {
          "type": "ECOSYSTEM",
          "events": [
            {
              "introduced": "10:0"
            },
            {
              "fixed": "10:2021-09-01"
            },
            {
              "introduced": "11:0"
            },
            {
              "fixed": "11:2021-09-01"
            }
          ]
        }
      ],
      "versions": [
        "10",
        "11"
      ],
      "ecosystem_specific": {
        "fixes": [
          "https://android.googlesource.com/platform/frameworks/base/+/7f39ba09b8ccad2ae50874d3643cdc93746391ea"
        ],
        "spl": "2021-09-01",
        "types": [
          "ID"
        ],
        "severity": "High"
      },
      "database_specific": {
        "source": "https://storage.googleapis.com/android-osv/ASB-A-177927831.json"
      }
    }
  ],
  "schema_version": "1.6.0"
}