{
  "id": "ASB-A-205571133",
  "summary": "[Crafted AVRCP cmd packet Causes Out-of-bounds Read in Bluetooth]",
  "details": "In avrc_ctrl_pars_vendor_cmd of avrc_pars_ct.cc, there is a possible out of bounds read due to improper input validation. This could lead to remote information disclosure over Bluetooth with no additional execution privileges needed. User interaction is not needed for exploitation.",
  "aliases": [
    "CVE-2022-20221"
  ],
  "modified": "2024-05-14T14:40:15Z",
  "published": "2022-07-01T00:00:00Z",
  "references": [
    {
      "type": "ADVISORY",
      "url": "https://source.android.com/security/bulletin/2022-07-01"
    },
    {
      "type": "FIX",
      "url": "https://android.googlesource.com/platform/system/bt/+/9e39fc68e82739dbd9f7403de244959ac7d54d2d"
    }
  ],
  "affected": [
    {
      "package": {
        "name": "platform/system/bt",
        "ecosystem": "Android"
      },
      "ranges": [
        {
          "type": "ECOSYSTEM",
          "events": [
            {
              "introduced": "10:0"
            },
            {
              "fixed": "10:2022-07-01"
            },
            {
              "introduced": "11:0"
            },
            {
              "fixed": "11:2022-07-01"
            },
            {
              "introduced": "12:0"
            },
            {
              "fixed": "12:2022-07-01"
            },
            {
              "introduced": "12L:0"
            },
            {
              "fixed": "12L:2022-07-01"
            }
          ]
        }
      ],
      "versions": [
        "10",
        "11",
        "12",
        "12L"
      ],
      "ecosystem_specific": {
        "fixes": [
          "https://android.googlesource.com/platform/system/bt/+/9e39fc68e82739dbd9f7403de244959ac7d54d2d"
        ],
        "spl": "2022-07-01",
        "types": [
          "ID"
        ],
        "severity": "High"
      },
      "database_specific": {
        "source": "https://storage.googleapis.com/android-osv/ASB-A-205571133.json"
      }
    }
  ],
  "schema_version": "1.6.0"
}