{
  "id": "ASB-A-182809425",
  "summary": "Tapjacking in ContactSelectionActivity of AOSP Contacts app leading to contacts info leak",
  "details": "In onCreate of ContactSelectionActivity.java, there is a possible way to get access to contacts without permission due to a tapjacking/overlay attack. This could lead to local escalation of privilege with User execution privileges needed. User interaction is needed for exploitation.",
  "aliases": [
    "CVE-2021-0603"
  ],
  "modified": "2024-05-14T14:40:15Z",
  "published": "2021-07-01T00:00:00Z",
  "references": [
    {
      "type": "ADVISORY",
      "url": "https://source.android.com/security/bulletin/2021-07-01"
    },
    {
      "type": "FIX",
      "url": "https://android.googlesource.com/platform/packages/apps/Contacts/+/19ff4ed838d4ec83cd10eeac80878205f8817e69"
    }
  ],
  "affected": [
    {
      "package": {
        "name": "platform/packages/apps/Contacts",
        "ecosystem": "Android"
      },
      "ranges": [
        {
          "type": "ECOSYSTEM",
          "events": [
            {
              "introduced": "11:0"
            },
            {
              "fixed": "11:2021-07-05"
            }
          ]
        }
      ],
      "versions": [
        "11"
      ],
      "ecosystem_specific": {
        "fixes": [
          "https://android.googlesource.com/platform/packages/apps/Contacts/+/19ff4ed838d4ec83cd10eeac80878205f8817e69"
        ],
        "spl": "2021-07-05",
        "types": [
          "EoP"
        ],
        "severity": "High"
      },
      "database_specific": {
        "source": "https://storage.googleapis.com/android-osv/ASB-A-182809425.json"
      }
    }
  ],
  "schema_version": "1.6.0"
}