{
  "id": "ASB-A-223578534",
  "summary": "EoP: Unsafe package check leading to LaunchAnyWhere in AppRestrictionsFragment",
  "details": "In assertSafeToStartCustomActivity of AppRestrictionsFragment.java, there is a possible way to start a phone call without permissions due to a confused deputy. This could lead to local escalation of privilege with no additional execution privileges needed. User interaction is not needed for exploitation.",
  "aliases": [
    "CVE-2022-20223"
  ],
  "modified": "2024-05-14T14:40:15Z",
  "published": "2022-07-01T00:00:00Z",
  "references": [
    {
      "type": "ADVISORY",
      "url": "https://source.android.com/security/bulletin/2022-07-01"
    },
    {
      "type": "FIX",
      "url": "https://android.googlesource.com/platform/packages/apps/Settings/+/abadb382114fa8af5209295c9bae2ca2b08935f3"
    }
  ],
  "affected": [
    {
      "package": {
        "name": "platform/packages/apps/Settings",
        "ecosystem": "Android"
      },
      "ranges": [
        {
          "type": "ECOSYSTEM",
          "events": [
            {
              "introduced": "10:0"
            },
            {
              "fixed": "10:2022-07-01"
            },
            {
              "introduced": "11:0"
            },
            {
              "fixed": "11:2022-07-01"
            },
            {
              "introduced": "12:0"
            },
            {
              "fixed": "12:2022-07-01"
            },
            {
              "introduced": "12L:0"
            },
            {
              "fixed": "12L:2022-07-01"
            }
          ]
        }
      ],
      "versions": [
        "10",
        "11",
        "12",
        "12L"
      ],
      "ecosystem_specific": {
        "fixes": [
          "https://android.googlesource.com/platform/packages/apps/Settings/+/abadb382114fa8af5209295c9bae2ca2b08935f3"
        ],
        "spl": "2022-07-01",
        "types": [
          "EoP"
        ],
        "severity": "High"
      },
      "database_specific": {
        "source": "https://storage.googleapis.com/android-osv/ASB-A-223578534.json"
      }
    }
  ],
  "schema_version": "1.6.0"
}