{
  "id": "ASB-A-143230980",
  "summary": "Local SQL Injection in Content Provider(s) for package 'com.android.providers.contacts' version 10",
  "details": "In queryInternal of CallLogProvider.java, there is a possible permission bypass due to improper input validation. This could lead to local information disclosure of voicemail metadata with User execution privileges needed. User interaction is not needed for exploitation.",
  "aliases": [
    "CVE-2020-0368"
  ],
  "modified": "2024-05-14T14:40:15Z",
  "published": "2021-07-01T00:00:00Z",
  "references": [
    {
      "type": "ADVISORY",
      "url": "https://source.android.com/security/bulletin/2021-07-01"
    }
  ],
  "affected": [
    {
      "package": {
        "name": ":unknown:",
        "ecosystem": "Android"
      },
      "ranges": [
        {
          "type": "ECOSYSTEM",
          "events": [
            {
              "introduced": "11:0"
            },
            {
              "fixed": "11:2021-07-05"
            }
          ]
        }
      ],
      "versions": [
        "11"
      ],
      "ecosystem_specific": {
        "spl": "2021-07-05",
        "types": [
          "ID"
        ],
        "severity": "High"
      },
      "database_specific": {
        "source": "https://storage.googleapis.com/android-osv/ASB-A-143230980.json"
      }
    }
  ],
  "schema_version": "1.6.0"
}