{
  "id": "ASB-A-154015447",
  "summary": "Activity overlay attacks with FLAG_NOT_TOUCHABLE, FLAG_WATCH_OUTSIDE_TOUCH and android:windowIsTranslucent",
  "details": "In PackageInstaller, there is a possible tapjacking attack due to an insecure default value. This could lead to local escalation of privilege and permissions with no additional execution privileges needed. User interaction is needed for exploitation.",
  "aliases": [
    "CVE-2021-0305"
  ],
  "modified": "2024-05-14T14:40:15Z",
  "published": "2021-02-01T00:00:00Z",
  "references": [
    {
      "type": "ADVISORY",
      "url": "https://source.android.com/security/bulletin/2021-02-01"
    },
    {
      "type": "FIX",
      "url": "https://android.googlesource.com/platform/packages/apps/PackageInstaller/+/8c5b4cd30a77733dd1012725b69d2089f78455ac"
    },
    {
      "type": "FIX",
      "url": "https://android.googlesource.com/platform/packages/apps/Settings/+/4794b798c427c53a9d0f8c608c367a3e6469ed5f"
    },
    {
      "type": "FIX",
      "url": "https://android.googlesource.com/platform/packages/apps/Settings/+/7359b3840f06ef75c70d75a5708011fef25a2bab"
    }
  ],
  "affected": [
    {
      "package": {
        "name": "platform/packages/apps/PackageInstaller",
        "ecosystem": "Android"
      },
      "ranges": [
        {
          "type": "ECOSYSTEM",
          "events": [
            {
              "introduced": "8.0:0"
            },
            {
              "fixed": "8.0:2021-02-01"
            },
            {
              "introduced": "8.1:0"
            },
            {
              "fixed": "8.1:2021-02-01"
            },
            {
              "introduced": "9:0"
            },
            {
              "fixed": "9:2021-02-01"
            },
            {
              "introduced": "10:0"
            },
            {
              "fixed": "10:2021-02-01"
            },
            {
              "introduced": "11:0"
            },
            {
              "fixed": "11:2021-02-01"
            }
          ]
        }
      ],
      "versions": [
        "8.0",
        "8.1",
        "9",
        "10",
        "11"
      ],
      "ecosystem_specific": {
        "fixes": [
          "https://android.googlesource.com/platform/packages/apps/PackageInstaller/+/8c5b4cd30a77733dd1012725b69d2089f78455ac"
        ],
        "spl": "2021-02-01",
        "types": [
          "EoP"
        ],
        "severity": "High"
      },
      "database_specific": {
        "source": "https://storage.googleapis.com/android-osv/ASB-A-154015447.json"
      }
    },
    {
      "package": {
        "name": "platform/packages/apps/Settings",
        "ecosystem": "Android"
      },
      "ranges": [
        {
          "type": "ECOSYSTEM",
          "events": [
            {
              "introduced": "8.0:0"
            },
            {
              "fixed": "8.0:2021-02-01"
            },
            {
              "introduced": "8.1:0"
            },
            {
              "fixed": "8.1:2021-02-01"
            },
            {
              "introduced": "9:0"
            },
            {
              "fixed": "9:2021-02-01"
            },
            {
              "introduced": "10:0"
            },
            {
              "fixed": "10:2021-02-01"
            },
            {
              "introduced": "11:0"
            },
            {
              "fixed": "11:2021-02-01"
            }
          ]
        }
      ],
      "versions": [
        "8.0",
        "8.1",
        "9",
        "10",
        "11"
      ],
      "ecosystem_specific": {
        "fixes": [
          "https://android.googlesource.com/platform/packages/apps/Settings/+/4794b798c427c53a9d0f8c608c367a3e6469ed5f",
          "https://android.googlesource.com/platform/packages/apps/Settings/+/7359b3840f06ef75c70d75a5708011fef25a2bab"
        ],
        "spl": "2021-02-01",
        "types": [
          "EoP"
        ],
        "severity": "High"
      },
      "database_specific": {
        "source": "https://storage.googleapis.com/android-osv/ASB-A-154015447.json"
      }
    }
  ],
  "schema_version": "1.6.0"
}