{
  "id": "ASB-A-184963385",
  "summary": "[HIDL] libfmq security bug - a client may cause misaligned store and/or buffer overrun",
  "details": "In beginWrite and beginRead  of MessageQueueBase.h, there is a possible out of bounds write due to improper input validation. This could lead to local escalation of privilege with System execution privileges needed. User interaction is not needed for exploitation.",
  "aliases": [
    "CVE-2021-0585"
  ],
  "modified": "2024-05-14T14:40:15Z",
  "published": "2021-07-01T00:00:00Z",
  "references": [
    {
      "type": "ADVISORY",
      "url": "https://source.android.com/security/bulletin/2021-07-01"
    },
    {
      "type": "FIX",
      "url": "https://android.googlesource.com/platform/system/libfmq/+/7f0e32bd77277a46759eb9f01a493b45c7e9a3c9"
    }
  ],
  "affected": [
    {
      "package": {
        "name": "platform/system/libfmq",
        "ecosystem": "Android"
      },
      "ranges": [
        {
          "type": "ECOSYSTEM",
          "events": [
            {
              "introduced": "8.1:0"
            },
            {
              "fixed": "8.1:2021-07-01"
            },
            {
              "introduced": "9:0"
            },
            {
              "fixed": "9:2021-07-01"
            },
            {
              "introduced": "10:0"
            },
            {
              "fixed": "10:2021-07-01"
            },
            {
              "introduced": "11:0"
            },
            {
              "fixed": "11:2021-07-01"
            }
          ]
        }
      ],
      "versions": [
        "8.1",
        "9",
        "10",
        "11"
      ],
      "ecosystem_specific": {
        "fixes": [
          "https://android.googlesource.com/platform/system/libfmq/+/7f0e32bd77277a46759eb9f01a493b45c7e9a3c9"
        ],
        "spl": "2021-07-01",
        "types": [
          "EoP"
        ],
        "severity": "High"
      },
      "database_specific": {
        "source": "https://storage.googleapis.com/android-osv/ASB-A-184963385.json"
      }
    }
  ],
  "schema_version": "1.6.0"
}