{
  "id": "ASB-A-193149550",
  "summary": "Google Pixel Smartphone [FRP]Factory Reset Protection bypass (OS Version = android 12)",
  "details": "In NotificationStackScrollLayout of NotificationStackScrollLayout.java, there is a possible way to bypass Factory Reset Protections. This could lead to local escalation of privilege with no additional execution privileges needed. User interaction is not needed for exploitation.",
  "aliases": [
    "CVE-2021-0957"
  ],
  "modified": "2024-05-14T14:40:15Z",
  "published": "2022-03-01T00:00:00Z",
  "references": [
    {
      "type": "ADVISORY",
      "url": "https://source.android.com/security/bulletin/2022-03-01"
    },
    {
      "type": "FIX",
      "url": "https://android.googlesource.com/platform/frameworks/base/+/e4d9de5961d9ec2fa9dc7103e4eb652e60d624c3"
    }
  ],
  "affected": [
    {
      "package": {
        "name": "platform/frameworks/base",
        "ecosystem": "Android"
      },
      "ranges": [
        {
          "type": "ECOSYSTEM",
          "events": [
            {
              "introduced": "10:0"
            },
            {
              "fixed": "10:2022-03-01"
            },
            {
              "introduced": "11:0"
            },
            {
              "fixed": "11:2022-03-01"
            },
            {
              "introduced": "12:0"
            },
            {
              "fixed": "12:2022-03-01"
            },
            {
              "introduced": "12L:0"
            },
            {
              "fixed": "12L:2022-03-01"
            }
          ]
        }
      ],
      "versions": [
        "10",
        "11",
        "12",
        "12L"
      ],
      "ecosystem_specific": {
        "fixes": [
          "https://android.googlesource.com/platform/frameworks/base/+/e4d9de5961d9ec2fa9dc7103e4eb652e60d624c3"
        ],
        "spl": "2022-03-01",
        "types": [
          "EoP"
        ],
        "severity": "High"
      },
      "database_specific": {
        "source": "https://storage.googleapis.com/android-osv/ASB-A-193149550.json"
      }
    }
  ],
  "schema_version": "1.6.0"
}