{
  "id": "ASB-A-200688826",
  "summary": "binder SELinux checks are racy wrt concurrent execve()",
  "details": "In several functions of binder.c, there is a possible way to represent the wrong domain to SELinux due to a race condition. This could lead to local escalation of privilege with no additional execution privileges needed. User interaction is not needed for exploitation.",
  "aliases": [
    "CVE-2021-39686"
  ],
  "modified": "2024-05-14T14:40:15Z",
  "published": "2022-03-01T00:00:00Z",
  "references": [
    {
      "type": "ADVISORY",
      "url": "https://source.android.com/security/bulletin/2022-03-01"
    },
    {
      "type": "FIX",
      "url": "https://android.googlesource.com/kernel/common/+/d49297739550"
    },
    {
      "type": "FIX",
      "url": "https://android.googlesource.com/kernel/common/+/3af7a2f61023"
    },
    {
      "type": "FIX",
      "url": "https://android.googlesource.com/kernel/common/+/11db2de0af2a"
    },
    {
      "type": "FIX",
      "url": "https://android.googlesource.com/kernel/common/+/a4eacf3227bd"
    }
  ],
  "affected": [
    {
      "package": {
        "name": ":linux_kernel:",
        "ecosystem": "Android"
      },
      "ranges": [
        {
          "type": "ECOSYSTEM",
          "events": [
            {
              "introduced": ":0"
            },
            {
              "fixed": ":2022-03-05"
            }
          ]
        }
      ],
      "versions": [
        "Kernel"
      ],
      "ecosystem_specific": {
        "fixes": [
          "https://android.googlesource.com/kernel/common/+/d49297739550",
          "https://android.googlesource.com/kernel/common/+/3af7a2f61023",
          "https://android.googlesource.com/kernel/common/+/11db2de0af2a",
          "https://android.googlesource.com/kernel/common/+/a4eacf3227bd"
        ],
        "spl": "2022-03-05",
        "types": [
          "EoP"
        ],
        "severity": "High"
      },
      "database_specific": {
        "source": "https://storage.googleapis.com/android-osv/ASB-A-200688826.json"
      }
    }
  ],
  "schema_version": "1.6.0"
}