{
  "id": "ASB-A-179289753",
  "summary": "Unsafe PendingIntent in Launcher app",
  "details": "In sendBroadcastToInstaller of FirstScreenBroadcast.java, there is a possible activity launch due to an unsafe PendingIntent. This could lead to local escalation of privilege with no additional execution privileges needed. User interaction is not needed for exploitation.",
  "aliases": [
    "CVE-2021-0692"
  ],
  "modified": "2024-05-14T14:40:15Z",
  "published": "2021-09-01T00:00:00Z",
  "references": [
    {
      "type": "ADVISORY",
      "url": "https://source.android.com/security/bulletin/2021-09-01"
    },
    {
      "type": "FIX",
      "url": "https://android.googlesource.com/platform/packages/apps/Launcher3/+/9538d9bf996b3f99129c702d02d9c47f7620c4f8"
    }
  ],
  "affected": [
    {
      "package": {
        "name": "platform/packages/apps/Launcher3",
        "ecosystem": "Android"
      },
      "ranges": [
        {
          "type": "ECOSYSTEM",
          "events": [
            {
              "introduced": "9:0"
            },
            {
              "fixed": "9:2021-09-01"
            },
            {
              "introduced": "10:0"
            },
            {
              "fixed": "10:2021-09-01"
            },
            {
              "introduced": "11:0"
            },
            {
              "fixed": "11:2021-09-01"
            }
          ]
        }
      ],
      "versions": [
        "9",
        "10",
        "11"
      ],
      "ecosystem_specific": {
        "fixes": [
          "https://android.googlesource.com/platform/packages/apps/Launcher3/+/9538d9bf996b3f99129c702d02d9c47f7620c4f8"
        ],
        "spl": "2021-09-01",
        "types": [
          "EoP"
        ],
        "severity": "High"
      },
      "database_specific": {
        "source": "https://storage.googleapis.com/android-osv/ASB-A-179289753.json"
      }
    }
  ],
  "schema_version": "1.6.0"
}