{
  "id": "ASB-A-205729183",
  "summary": "nfc_integration_fuzzer: Tag-mismatch in NFA_SendRawFrame",
  "details": "In GKI_getbuf of gki_buffer.cc, there is a possible out of bounds write due to a heap buffer overflow. This could lead to remote escalation of privilege with no additional execution privileges needed. User interaction is not needed for exploitation.",
  "aliases": [
    "CVE-2021-39675"
  ],
  "modified": "2024-05-14T14:40:15Z",
  "published": "2022-02-01T00:00:00Z",
  "references": [
    {
      "type": "ADVISORY",
      "url": "https://source.android.com/security/bulletin/2022-02-01"
    },
    {
      "type": "FIX",
      "url": "https://android.googlesource.com/platform/system/nfc/+/fef77a189022aa7ac53136e582a1444b1d2ef5f0"
    }
  ],
  "affected": [
    {
      "package": {
        "name": "platform/system/nfc",
        "ecosystem": "Android"
      },
      "ranges": [
        {
          "type": "ECOSYSTEM",
          "events": [
            {
              "introduced": "12:0"
            },
            {
              "fixed": "12:2022-02-01"
            }
          ]
        }
      ],
      "versions": [
        "12"
      ],
      "ecosystem_specific": {
        "fixes": [
          "https://android.googlesource.com/platform/system/nfc/+/fef77a189022aa7ac53136e582a1444b1d2ef5f0"
        ],
        "spl": "2022-02-01",
        "types": [
          "EoP"
        ],
        "severity": "Critical"
      },
      "database_specific": {
        "source": "https://storage.googleapis.com/android-osv/ASB-A-205729183.json"
      }
    }
  ],
  "schema_version": "1.6.0"
}