{
  "id": "ASB-A-158854097",
  "summary": "BLURtooth: Exploiting Cross-Transport Key Derivation in Bluetooth Classic and Bluetooth Low Energy",
  "details": "In smp_key_distribution of smp_act.cc, there are possible vulnerabilities in Cross-Transport Key Derivation due to weaknesses in the Bluetooth standard. This could lead to remote information disclosure with no additional execution privileges needed. User interaction is not needed for exploitation.",
  "aliases": [
    "CVE-2020-15802"
  ],
  "modified": "2024-05-14T14:40:15Z",
  "published": "2020-12-01T00:00:00Z",
  "references": [
    {
      "type": "ADVISORY",
      "url": "https://source.android.com/security/bulletin/2020-12-01"
    },
    {
      "type": "FIX",
      "url": "https://android.googlesource.com/platform/system/bt/+/775a5e72b34b70ff92d61d8bcc47c6bde663f02e"
    }
  ],
  "affected": [
    {
      "package": {
        "name": "platform/system/bt",
        "ecosystem": "Android"
      },
      "ranges": [
        {
          "type": "ECOSYSTEM",
          "events": [
            {
              "introduced": "8.0:0"
            },
            {
              "fixed": "8.0:2020-12-01"
            },
            {
              "introduced": "8.1:0"
            },
            {
              "fixed": "8.1:2020-12-01"
            },
            {
              "introduced": "9:0"
            },
            {
              "fixed": "9:2020-12-01"
            },
            {
              "introduced": "10:0"
            },
            {
              "fixed": "10:2020-12-01"
            },
            {
              "introduced": "11:0"
            },
            {
              "fixed": "11:2020-12-01"
            }
          ]
        }
      ],
      "versions": [
        "8.0",
        "8.1",
        "9",
        "10",
        "11"
      ],
      "ecosystem_specific": {
        "fixes": [
          "https://android.googlesource.com/platform/system/bt/+/775a5e72b34b70ff92d61d8bcc47c6bde663f02e"
        ],
        "spl": "2020-12-01",
        "types": [
          "ID"
        ],
        "severity": "High"
      },
      "database_specific": {
        "source": "https://storage.googleapis.com/android-osv/ASB-A-158854097.json"
      }
    }
  ],
  "schema_version": "1.6.0"
}