{
  "id": "ASB-A-161149543",
  "summary": "Security issue in Android platform or OEM code",
  "details": "In lockNow of PhoneWindowManager.java, there is a possible lock screen bypass due to a race condition. This could lead to local escalation of privilege with User execution privileges needed. User interaction is not needed for exploitation.",
  "aliases": [
    "CVE-2021-0688"
  ],
  "modified": "2024-05-14T14:40:15Z",
  "published": "2021-09-01T00:00:00Z",
  "references": [
    {
      "type": "ADVISORY",
      "url": "https://source.android.com/security/bulletin/2021-09-01"
    },
    {
      "type": "FIX",
      "url": "https://android.googlesource.com/platform/frameworks/base/+/372088d7721f4c8cb7260d8e9fdaf498c5a30464"
    }
  ],
  "affected": [
    {
      "package": {
        "name": "platform/frameworks/base",
        "ecosystem": "Android"
      },
      "ranges": [
        {
          "type": "ECOSYSTEM",
          "events": [
            {
              "introduced": "8.1:0"
            },
            {
              "fixed": "8.1:2021-09-01"
            },
            {
              "introduced": "9:0"
            },
            {
              "fixed": "9:2021-09-01"
            },
            {
              "introduced": "10:0"
            },
            {
              "fixed": "10:2021-09-01"
            },
            {
              "introduced": "11:0"
            },
            {
              "fixed": "11:2021-09-01"
            }
          ]
        }
      ],
      "versions": [
        "8.1",
        "9",
        "10",
        "11"
      ],
      "ecosystem_specific": {
        "fixes": [
          "https://android.googlesource.com/platform/frameworks/base/+/372088d7721f4c8cb7260d8e9fdaf498c5a30464"
        ],
        "spl": "2021-09-01",
        "types": [
          "EoP"
        ],
        "severity": "High"
      },
      "database_specific": {
        "source": "https://storage.googleapis.com/android-osv/ASB-A-161149543.json"
      }
    }
  ],
  "schema_version": "1.6.0"
}