{
  "id": "ASB-A-214999987",
  "summary": "4 bytes uninitialized heap memory leak from system_server process to untrusted app",
  "details": "In writeToParcel of SurfaceControl.cpp, there is a possible information disclosure due to uninitialized data. This could lead to local information disclosure with no additional execution privileges needed. User interaction is not needed for exploitation.",
  "aliases": [
    "CVE-2022-20357"
  ],
  "modified": "2024-05-14T14:40:15Z",
  "published": "2022-08-01T00:00:00Z",
  "references": [
    {
      "type": "ADVISORY",
      "url": "https://source.android.com/security/bulletin/2022-08-01"
    },
    {
      "type": "FIX",
      "url": "https://android.googlesource.com/platform/frameworks/native/+/06ea6b381117a4f49c2854bb54efb099b7295276"
    },
    {
      "type": "FIX",
      "url": "https://android.googlesource.com/platform/frameworks/native/+/c2cf02c17af0d7e5f58b8a17ecb9cfcc91a4d2eb"
    }
  ],
  "affected": [
    {
      "package": {
        "name": "platform/frameworks/native",
        "ecosystem": "Android"
      },
      "ranges": [
        {
          "type": "ECOSYSTEM",
          "events": [
            {
              "introduced": "12:0"
            },
            {
              "fixed": "12:2022-08-01"
            },
            {
              "introduced": "12L:0"
            },
            {
              "fixed": "12L:2022-08-01"
            }
          ]
        }
      ],
      "versions": [
        "12",
        "12L"
      ],
      "ecosystem_specific": {
        "fixes": [
          "https://android.googlesource.com/platform/frameworks/native/+/06ea6b381117a4f49c2854bb54efb099b7295276",
          "https://android.googlesource.com/platform/frameworks/native/+/c2cf02c17af0d7e5f58b8a17ecb9cfcc91a4d2eb"
        ],
        "spl": "2022-08-01",
        "types": [
          "ID"
        ],
        "severity": "High"
      },
      "database_specific": {
        "source": "https://storage.googleapis.com/android-osv/ASB-A-214999987.json"
      }
    }
  ],
  "schema_version": "1.6.0"
}