{
  "id": "ASB-A-162602132",
  "summary": "A OOB read in the eternal libexif",
  "details": "In mnote_pentax_entry_get_value of mnote-pentax-entry.c, there is a possible out of bounds write due to a missing bounds check. This could lead to remote code execution with no additional execution privileges needed. User interaction is not needed for exploitation.",
  "aliases": [
    "CVE-2016-6328"
  ],
  "modified": "2024-05-14T14:40:15Z",
  "published": "2021-01-01T00:00:00Z",
  "references": [
    {
      "type": "ADVISORY",
      "url": "https://source.android.com/security/bulletin/2021-01-01"
    },
    {
      "type": "FIX",
      "url": "https://android.googlesource.com/platform/external/libexif/+/8b37da24f362ac660917ae5415e1e4063724093c"
    }
  ],
  "affected": [
    {
      "package": {
        "name": "platform/external/libexif",
        "ecosystem": "Android"
      },
      "ranges": [
        {
          "type": "ECOSYSTEM",
          "events": [
            {
              "introduced": "8.0:0"
            },
            {
              "fixed": "8.0:2021-01-01"
            },
            {
              "introduced": "8.1:0"
            },
            {
              "fixed": "8.1:2021-01-01"
            },
            {
              "introduced": "9:0"
            },
            {
              "fixed": "9:2021-01-01"
            },
            {
              "introduced": "10:0"
            },
            {
              "fixed": "10:2021-01-01"
            },
            {
              "introduced": "11:0"
            },
            {
              "fixed": "11:2021-01-01"
            }
          ]
        }
      ],
      "versions": [
        "8.0",
        "8.1",
        "9",
        "10",
        "11"
      ],
      "ecosystem_specific": {
        "fixes": [
          "https://android.googlesource.com/platform/external/libexif/+/8b37da24f362ac660917ae5415e1e4063724093c"
        ],
        "spl": "2021-01-01",
        "types": [
          "RCE"
        ],
        "severity": "High"
      },
      "database_specific": {
        "source": "https://storage.googleapis.com/android-osv/ASB-A-162602132.json"
      }
    }
  ],
  "schema_version": "1.6.0"
}