{
  "id": "ASB-A-214999128",
  "summary": "Notification logs widget in secondary users leaks information from System user",
  "details": "In getArray of NotificationManagerService.java , there is a possible leak of one user notifications to another due to missing check. This could lead to local information disclosure with no additional execution privileges needed. User interaction is not needed for exploitation.",
  "aliases": [
    "CVE-2022-20011"
  ],
  "modified": "2024-05-14T14:40:15Z",
  "published": "2022-05-01T00:00:00Z",
  "references": [
    {
      "type": "ADVISORY",
      "url": "https://source.android.com/security/bulletin/2022-05-01"
    },
    {
      "type": "FIX",
      "url": "https://android.googlesource.com/platform/frameworks/base/+/f315ba91df3829d862371fbab9da584ce0a59bc6"
    }
  ],
  "affected": [
    {
      "package": {
        "name": "platform/frameworks/base",
        "ecosystem": "Android"
      },
      "ranges": [
        {
          "type": "ECOSYSTEM",
          "events": [
            {
              "introduced": "10:0"
            },
            {
              "fixed": "10:2022-05-01"
            },
            {
              "introduced": "11:0"
            },
            {
              "fixed": "11:2022-05-01"
            },
            {
              "introduced": "12:0"
            },
            {
              "fixed": "12:2022-05-01"
            },
            {
              "introduced": "12L:0"
            },
            {
              "fixed": "12L:2022-05-01"
            }
          ]
        }
      ],
      "versions": [
        "10",
        "11",
        "12",
        "12L"
      ],
      "ecosystem_specific": {
        "fixes": [
          "https://android.googlesource.com/platform/frameworks/base/+/f315ba91df3829d862371fbab9da584ce0a59bc6"
        ],
        "spl": "2022-05-01",
        "types": [
          "ID"
        ],
        "severity": "High"
      },
      "database_specific": {
        "source": "https://storage.googleapis.com/android-osv/ASB-A-214999128.json"
      }
    }
  ],
  "schema_version": "1.6.0"
}