{
  "id": "ASB-A-220741611",
  "summary": "Linux kernel bug allows writing to arbitrary files, bypassing file permissions, immutability, snapshots and read-only mounts",
  "details": "In multiple functions of iov_iter.c, there is a possible out of bounds write due to uninitialized data. This could lead to local escalation of privilege in system libraries with no additional execution privileges needed. User interaction is not needed for exploitation.",
  "aliases": [
    "CVE-2022-0847"
  ],
  "modified": "2024-05-14T14:40:15Z",
  "published": "2022-05-01T00:00:00Z",
  "references": [
    {
      "type": "ADVISORY",
      "url": "https://source.android.com/security/bulletin/2022-05-01"
    },
    {
      "type": "FIX",
      "url": "https://android.googlesource.com/kernel/common/+/b9b8fd203dba3"
    },
    {
      "type": "FIX",
      "url": "https://android.googlesource.com/kernel/common/+/b19ec7afa9297"
    },
    {
      "type": "FIX",
      "url": "https://android.googlesource.com/kernel/common/+/aa3e9c7480830f38390a61501386be4a03efb88d"
    }
  ],
  "affected": [
    {
      "package": {
        "name": ":linux_kernel:",
        "ecosystem": "Android"
      },
      "ranges": [
        {
          "type": "ECOSYSTEM",
          "events": [
            {
              "introduced": ":0"
            },
            {
              "fixed": ":2022-05-05"
            }
          ]
        }
      ],
      "versions": [
        "Kernel"
      ],
      "ecosystem_specific": {
        "fixes": [
          "https://android.googlesource.com/kernel/common/+/b9b8fd203dba3",
          "https://android.googlesource.com/kernel/common/+/b19ec7afa9297",
          "https://android.googlesource.com/kernel/common/+/aa3e9c7480830f38390a61501386be4a03efb88d"
        ],
        "spl": "2022-05-05",
        "types": [
          "EoP"
        ],
        "severity": "High"
      },
      "database_specific": {
        "source": "https://storage.googleapis.com/android-osv/ASB-A-220741611.json"
      }
    }
  ],
  "schema_version": "1.6.0"
}