{
  "id": "ASB-A-171232105",
  "summary": "Android Impact",
  "details": "In Load_SBit_Png of pngshim.c, there is a possible out of bounds write due to a heap buffer overflow. This could lead to remote code execution with no additional execution privileges needed. User interaction is needed for exploitation.",
  "aliases": [
    "CVE-2020-15999",
    "GHSA-pv36-h7jh-qm62"
  ],
  "modified": "2024-05-14T14:40:15Z",
  "published": "2021-01-01T00:00:00Z",
  "references": [
    {
      "type": "ADVISORY",
      "url": "https://source.android.com/security/bulletin/2021-01-01"
    },
    {
      "type": "FIX",
      "url": "https://android.googlesource.com/platform/external/freetype/+/358c238408a1fdc357d9afef6811369a7701e004"
    }
  ],
  "affected": [
    {
      "package": {
        "name": "platform/external/freetype",
        "ecosystem": "Android"
      },
      "ranges": [
        {
          "type": "ECOSYSTEM",
          "events": [
            {
              "introduced": "8.0:0"
            },
            {
              "fixed": "8.0:2021-01-01"
            },
            {
              "introduced": "8.1:0"
            },
            {
              "fixed": "8.1:2021-01-01"
            },
            {
              "introduced": "9:0"
            },
            {
              "fixed": "9:2021-01-01"
            },
            {
              "introduced": "10:0"
            },
            {
              "fixed": "10:2021-01-01"
            },
            {
              "introduced": "11:0"
            },
            {
              "fixed": "11:2021-01-01"
            }
          ]
        }
      ],
      "versions": [
        "8.0",
        "8.1",
        "9",
        "10",
        "11"
      ],
      "ecosystem_specific": {
        "fixes": [
          "https://android.googlesource.com/platform/external/freetype/+/358c238408a1fdc357d9afef6811369a7701e004"
        ],
        "spl": "2021-01-01",
        "types": [
          "RCE"
        ],
        "severity": "Moderate"
      },
      "database_specific": {
        "source": "https://storage.googleapis.com/android-osv/ASB-A-171232105.json"
      }
    }
  ],
  "schema_version": "1.6.0"
}