{
  "id": "ASB-A-146570216",
  "summary": "Missing validation of package name in PhoneInterfaceManager#getUiccCardsInfo",
  "details": "In getUiccCardsInfo of PhoneInterfaceManager.java, there is a possible permissions bypass due to improper input validation. This could lead to local information disclosure with no additional execution privileges needed. User interaction is not needed for exploitation.",
  "aliases": [
    "CVE-2020-0107"
  ],
  "modified": "2024-05-14T14:40:15Z",
  "published": "2020-07-01T00:00:00Z",
  "references": [
    {
      "type": "ADVISORY",
      "url": "https://source.android.com/security/bulletin/2020-07-01"
    },
    {
      "type": "FIX",
      "url": "https://android.googlesource.com/platform/packages/services/Telephony/+/a39e6c1efb02ff9c19fb91beae9b548f5c1ecc78"
    },
    {
      "type": "FIX",
      "url": "https://android.googlesource.com/platform/packages/services/Telephony/+/cfdfe3a8e0ff3f9951970ca69b56953f6bf49ec1"
    }
  ],
  "affected": [
    {
      "package": {
        "name": "platform/packages/services/Telephony",
        "ecosystem": "Android"
      },
      "ranges": [
        {
          "type": "ECOSYSTEM",
          "events": [
            {
              "introduced": "10:0"
            },
            {
              "fixed": "10:2020-07-01"
            }
          ]
        }
      ],
      "versions": [
        "10"
      ],
      "ecosystem_specific": {
        "fixes": [
          "https://android.googlesource.com/platform/packages/services/Telephony/+/a39e6c1efb02ff9c19fb91beae9b548f5c1ecc78",
          "https://android.googlesource.com/platform/packages/services/Telephony/+/cfdfe3a8e0ff3f9951970ca69b56953f6bf49ec1"
        ],
        "spl": "2020-07-01",
        "types": [
          "ID"
        ],
        "severity": "High"
      },
      "database_specific": {
        "source": "https://storage.googleapis.com/android-osv/ASB-A-146570216.json"
      }
    }
  ],
  "schema_version": "1.6.0"
}