{
  "id": "ASB-A-172939189",
  "summary": "Arbitrary System App File Could be Copied to content://com.android.settings.files/ When Editing User Photo",
  "details": "In onActivityResult of EditUserPhotoController.java, there is a possible access of unauthorized files due to an unexpected URI handler. This could lead to local escalation of privilege with no additional execution privileges needed. User interaction is needed for exploitation.",
  "aliases": [
    "CVE-2021-0481"
  ],
  "modified": "2024-05-14T14:40:15Z",
  "published": "2021-05-01T00:00:00Z",
  "references": [
    {
      "type": "ADVISORY",
      "url": "https://source.android.com/security/bulletin/2021-05-01"
    },
    {
      "type": "FIX",
      "url": "https://android.googlesource.com/platform/packages/apps/Settings/+/d4f04398c71f67bc13f85e098e1dc71d840c1a4a"
    }
  ],
  "affected": [
    {
      "package": {
        "name": "platform/packages/apps/Settings",
        "ecosystem": "Android"
      },
      "ranges": [
        {
          "type": "ECOSYSTEM",
          "events": [
            {
              "introduced": "8.1:0"
            },
            {
              "fixed": "8.1:2021-05-01"
            },
            {
              "introduced": "9:0"
            },
            {
              "fixed": "9:2021-05-01"
            },
            {
              "introduced": "10:0"
            },
            {
              "fixed": "10:2021-05-01"
            },
            {
              "introduced": "11:0"
            },
            {
              "fixed": "11:2021-05-01"
            }
          ]
        }
      ],
      "versions": [
        "8.1",
        "9",
        "10",
        "11"
      ],
      "ecosystem_specific": {
        "fixes": [
          "https://android.googlesource.com/platform/packages/apps/Settings/+/d4f04398c71f67bc13f85e098e1dc71d840c1a4a"
        ],
        "spl": "2021-05-01",
        "types": [
          "EoP"
        ],
        "severity": "High"
      },
      "database_specific": {
        "source": "https://storage.googleapis.com/android-osv/ASB-A-172939189.json"
      }
    }
  ],
  "schema_version": "1.6.0"
}