{
  "id": "ASB-A-183262161",
  "summary": "3P apps can delete arbitrary system files via am dumpheap command",
  "details": "In runDumpHeap of ActivityManagerShellCommand.java, there is a possible deletion of system files due to a confused deputy. This could lead to local escalation of privilege with no additional execution privileges needed. User interaction is not needed for exploitation.",
  "aliases": [
    "CVE-2021-0708"
  ],
  "modified": "2024-05-14T14:40:15Z",
  "published": "2021-10-01T00:00:00Z",
  "references": [
    {
      "type": "ADVISORY",
      "url": "https://source.android.com/security/bulletin/2021-10-01"
    },
    {
      "type": "FIX",
      "url": "https://android.googlesource.com/platform/frameworks/base/+/4241ab5ee435ee3c5e6496c001b2cf5bc827cfc4"
    }
  ],
  "affected": [
    {
      "package": {
        "name": "platform/frameworks/base",
        "ecosystem": "Android"
      },
      "ranges": [
        {
          "type": "ECOSYSTEM",
          "events": [
            {
              "introduced": "8.1:0"
            },
            {
              "fixed": "8.1:2021-10-01"
            },
            {
              "introduced": "9:0"
            },
            {
              "fixed": "9:2021-10-01"
            },
            {
              "introduced": "10:0"
            },
            {
              "fixed": "10:2021-10-01"
            },
            {
              "introduced": "11:0"
            },
            {
              "fixed": "11:2021-10-01"
            }
          ]
        }
      ],
      "versions": [
        "8.1",
        "9",
        "10",
        "11"
      ],
      "ecosystem_specific": {
        "fixes": [
          "https://android.googlesource.com/platform/frameworks/base/+/4241ab5ee435ee3c5e6496c001b2cf5bc827cfc4"
        ],
        "spl": "2021-10-01",
        "types": [
          "EoP"
        ],
        "severity": "High"
      },
      "database_specific": {
        "source": "https://storage.googleapis.com/android-osv/ASB-A-183262161.json"
      }
    }
  ],
  "schema_version": "1.6.0"
}