{
  "id": "ASB-A-175190844",
  "summary": "Overlay Over SystemUI Dialogs",
  "details": "In multiple buttons of grant_permissions.xml, there is a possible way to bypass permissions dialogs due to a tapjacking/overlay attack. This could lead to local escalation of privilege with no additional execution privileges needed. User interaction is needed for exploitation.",
  "aliases": [
    "CVE-2021-39617"
  ],
  "modified": "2024-05-14T14:40:15Z",
  "published": "2023-05-01T00:00:00Z",
  "references": [
    {
      "type": "ADVISORY",
      "url": "https://source.android.com/security/bulletin/2023-05-01"
    },
    {
      "type": "FIX",
      "url": "https://android.googlesource.com/platform/frameworks/native/+/edb375df82f6b48688d85c11dbca91adef088bc8"
    }
  ],
  "affected": [
    {
      "package": {
        "name": "platform/frameworks/native",
        "ecosystem": "Android"
      },
      "ranges": [
        {
          "type": "ECOSYSTEM",
          "events": [
            {
              "introduced": "11:0"
            },
            {
              "fixed": "11:2023-05-01"
            },
            {
              "introduced": "12:0"
            },
            {
              "fixed": "12:2023-05-01"
            },
            {
              "introduced": "12L:0"
            },
            {
              "fixed": "12L:2023-05-01"
            }
          ]
        }
      ],
      "versions": [
        "11",
        "12",
        "12L"
      ],
      "ecosystem_specific": {
        "fixes": [
          "https://android.googlesource.com/platform/frameworks/native/+/edb375df82f6b48688d85c11dbca91adef088bc8"
        ],
        "spl": "2023-05-01",
        "types": [
          "EoP"
        ],
        "severity": "High"
      },
      "database_specific": {
        "source": "https://storage.googleapis.com/android-osv/ASB-A-175190844.json"
      }
    },
    {
      "package": {
        "name": "platform/packages/modules/Permission",
        "ecosystem": "Android"
      },
      "ranges": [
        {
          "type": "ECOSYSTEM",
          "events": [
            {
              "introduced": "11:0"
            },
            {
              "fixed": "11:2023-05-01"
            },
            {
              "introduced": "12:0"
            },
            {
              "fixed": "12:2023-05-01"
            },
            {
              "introduced": "12L:0"
            },
            {
              "fixed": "12L:2023-05-01"
            }
          ]
        }
      ],
      "versions": [
        "11",
        "12",
        "12L"
      ],
      "ecosystem_specific": {
        "fixes": [
          "https://android.googlesource.com/platform/packages/modules/Permission/+/c21a46a3be29a139e29c1d47b8a89e92211564ed"
        ],
        "spl": "2023-05-01",
        "types": [
          "EoP"
        ],
        "severity": "High"
      },
      "database_specific": {
        "source": "https://storage.googleapis.com/android-osv/ASB-A-175190844.json"
      }
    }
  ],
  "schema_version": "1.6.0"
}