{
  "id": "ASB-A-203938029",
  "summary": "resourcefile_fuzzer: Heap-buffer-overflow in android::LoadedPackage::Load",
  "details": "In LoadedPackage::Load of LoadedArsc.cpp, there is a possible out of bounds read due to a missing bounds check. This could lead to local information disclosure when parsing an APK file with no additional execution privileges needed. User interaction is needed for exploitation.",
  "aliases": [
    "CVE-2021-39664"
  ],
  "modified": "2024-05-14T14:40:15Z",
  "published": "2022-02-01T00:00:00Z",
  "references": [
    {
      "type": "ADVISORY",
      "url": "https://source.android.com/security/bulletin/2022-02-01"
    },
    {
      "type": "FIX",
      "url": "https://android.googlesource.com/platform/frameworks/base/+/18c66d8fee0e0dd8681182a59b59119a21e09c0c"
    }
  ],
  "affected": [
    {
      "package": {
        "name": "platform/frameworks/base",
        "ecosystem": "Android"
      },
      "ranges": [
        {
          "type": "ECOSYSTEM",
          "events": [
            {
              "introduced": "12:0"
            },
            {
              "fixed": "12:2022-02-01"
            }
          ]
        }
      ],
      "versions": [
        "12"
      ],
      "ecosystem_specific": {
        "fixes": [
          "https://android.googlesource.com/platform/frameworks/base/+/18c66d8fee0e0dd8681182a59b59119a21e09c0c"
        ],
        "spl": "2022-02-01",
        "types": [
          "ID"
        ],
        "severity": "High"
      },
      "database_specific": {
        "source": "https://storage.googleapis.com/android-osv/ASB-A-203938029.json"
      }
    }
  ],
  "schema_version": "1.6.0"
}