{
  "id": "ASB-A-200284993",
  "summary": "apps have VM_MAYWRITE access to shared zygote JIT mapping",
  "details": "In jit_memory_region.cc, there is a possible bypass of memory restrictions due to a logic error in the code. This could lead to local escalation of privilege with User execution privileges needed. User interaction is not needed for exploitation.",
  "aliases": [
    "CVE-2021-0959"
  ],
  "modified": "2024-05-14T14:40:15Z",
  "published": "2022-01-01T00:00:00Z",
  "references": [
    {
      "type": "ADVISORY",
      "url": "https://source.android.com/security/bulletin/2022-01-01"
    },
    {
      "type": "FIX",
      "url": "https://android.googlesource.com/platform/art/+/c95b63042306aba985bb2902663c759b38b0ac81"
    }
  ],
  "affected": [
    {
      "package": {
        "name": "platform/art",
        "ecosystem": "Android"
      },
      "ranges": [
        {
          "type": "ECOSYSTEM",
          "events": [
            {
              "introduced": "12:0"
            },
            {
              "fixed": "12:2022-01-05"
            }
          ]
        }
      ],
      "versions": [
        "12"
      ],
      "ecosystem_specific": {
        "fixes": [
          "https://android.googlesource.com/platform/art/+/c95b63042306aba985bb2902663c759b38b0ac81"
        ],
        "spl": "2022-01-05",
        "types": [
          "EoP"
        ],
        "severity": "High"
      },
      "database_specific": {
        "source": "https://storage.googleapis.com/android-osv/ASB-A-200284993.json"
      }
    }
  ],
  "schema_version": "1.6.0"
}