{
  "id": "ASB-A-157598956",
  "summary": "App zygotes, UID range reuse [child bug #2]",
  "details": "In stopZygoteLocked of AppZygote.java, there is an insufficient cleanup. This could lead to local information disclosure in the application that is started next with no additional execution privileges needed. User interaction is not needed for exploitation.",
  "aliases": [
    "CVE-2020-0258"
  ],
  "modified": "2024-05-14T14:40:15Z",
  "published": "2020-08-01T00:00:00Z",
  "references": [
    {
      "type": "ADVISORY",
      "url": "https://source.android.com/security/bulletin/2020-08-01"
    },
    {
      "type": "FIX",
      "url": "https://android.googlesource.com/platform/frameworks/base/+/d1126e7160b87313de91be5dbf7d0d9b08900f70"
    }
  ],
  "affected": [
    {
      "package": {
        "name": "platform/frameworks/base",
        "ecosystem": "Android"
      },
      "ranges": [
        {
          "type": "ECOSYSTEM",
          "events": [
            {
              "introduced": "10:0"
            },
            {
              "fixed": "10:2020-08-01"
            }
          ]
        }
      ],
      "versions": [
        "10"
      ],
      "ecosystem_specific": {
        "fixes": [
          "https://android.googlesource.com/platform/frameworks/base/+/d1126e7160b87313de91be5dbf7d0d9b08900f70"
        ],
        "spl": "2020-08-01",
        "types": [
          "ID"
        ],
        "severity": "High"
      },
      "database_specific": {
        "source": "https://storage.googleapis.com/android-osv/ASB-A-157598956.json"
      }
    }
  ],
  "schema_version": "1.6.0"
}