{
  "id": "ASB-A-191055353",
  "summary": "writeToParcel/createFromParcel mismatch in ParsedIntentInfo",
  "details": "In ParsedIntentInfo of ParsedIntentInfo.java, there is a possible parcel serialization/deserialization mismatch due to unsafe deserialization. This could lead to local escalation of privilege with no additional execution privileges needed. User interaction is not needed for exploitation.",
  "aliases": [
    "CVE-2021-0685"
  ],
  "modified": "2024-05-14T14:40:15Z",
  "published": "2021-09-01T00:00:00Z",
  "references": [
    {
      "type": "ADVISORY",
      "url": "https://source.android.com/security/bulletin/2021-09-01"
    },
    {
      "type": "FIX",
      "url": "https://android.googlesource.com/platform/frameworks/base/+/49cb41f9d7d2ec741bc2ec27717283dc560a9060"
    },
    {
      "type": "FIX",
      "url": "https://android.googlesource.com/platform/frameworks/base/+/f1c159e1f5b3f0835f045a6d58dfd7fdaf1c01f3"
    }
  ],
  "affected": [
    {
      "package": {
        "name": "platform/frameworks/base",
        "ecosystem": "Android"
      },
      "ranges": [
        {
          "type": "ECOSYSTEM",
          "events": [
            {
              "introduced": "11:0"
            },
            {
              "fixed": "11:2021-09-01"
            }
          ]
        }
      ],
      "versions": [
        "11"
      ],
      "ecosystem_specific": {
        "fixes": [
          "https://android.googlesource.com/platform/frameworks/base/+/49cb41f9d7d2ec741bc2ec27717283dc560a9060",
          "https://android.googlesource.com/platform/frameworks/base/+/f1c159e1f5b3f0835f045a6d58dfd7fdaf1c01f3"
        ],
        "spl": "2021-09-01",
        "types": [
          "EoP"
        ],
        "severity": "High"
      },
      "database_specific": {
        "source": "https://storage.googleapis.com/android-osv/ASB-A-191055353.json"
      }
    }
  ],
  "schema_version": "1.6.0"
}