{
  "id": "ASB-A-194342672",
  "summary": "[libexif] Vulnerability: 2 vulnerabilities",
  "details": "In exif_entry_get_value  of  exif-entry.c, there is a possible out of bounds write  due to an integer overflow. This could lead to local escalation of privilege with no additional execution privileges needed. User interaction is not needed for exploitation.",
  "aliases": [
    "CVE-2020-13112"
  ],
  "modified": "2024-05-14T14:40:15Z",
  "published": "2022-02-01T00:00:00Z",
  "references": [
    {
      "type": "ADVISORY",
      "url": "https://source.android.com/security/bulletin/2022-02-01"
    }
  ],
  "affected": [
    {
      "package": {
        "name": ":unknown:",
        "ecosystem": "Android"
      },
      "ranges": [
        {
          "type": "ECOSYSTEM",
          "events": [
            {
              "introduced": "10:0"
            },
            {
              "fixed": "10:2022-02-01"
            },
            {
              "introduced": "11:0"
            },
            {
              "fixed": "11:2022-02-01"
            }
          ]
        }
      ],
      "versions": [
        "10",
        "11"
      ],
      "ecosystem_specific": {
        "spl": "2022-02-01",
        "types": [
          "EoP"
        ],
        "severity": "High"
      },
      "database_specific": {
        "source": "https://storage.googleapis.com/android-osv/ASB-A-194342672.json"
      }
    }
  ],
  "schema_version": "1.6.0"
}