{
  "id": "ASB-A-159062405",
  "summary": "Missing validation of package name in EuiccController#getEid",
  "details": "In getCarrierPrivilegeStatus of UiccAccessRule.java, there is a missing permission check. This could lead to local information disclosure of EID data with no additional execution privileges needed. User interaction is not needed for exploitation.",
  "aliases": [
    "CVE-2020-0246"
  ],
  "modified": "2024-05-14T14:40:15Z",
  "published": "2020-10-01T00:00:00Z",
  "references": [
    {
      "type": "ADVISORY",
      "url": "https://source.android.com/security/bulletin/2020-10-01"
    },
    {
      "type": "FIX",
      "url": "https://android.googlesource.com/platform/frameworks/opt/telephony/+/cfaf9f980aa8d3ca51cd8555ca27cd0ef561cb02"
    }
  ],
  "affected": [
    {
      "package": {
        "name": "platform/frameworks/opt/telephony",
        "ecosystem": "Android"
      },
      "ranges": [
        {
          "type": "ECOSYSTEM",
          "events": [
            {
              "introduced": "10:0"
            },
            {
              "fixed": "10:2020-10-01"
            },
            {
              "introduced": "11:0"
            },
            {
              "fixed": "11:2020-10-01"
            }
          ]
        }
      ],
      "versions": [
        "10",
        "11"
      ],
      "ecosystem_specific": {
        "fixes": [
          "https://android.googlesource.com/platform/frameworks/opt/telephony/+/cfaf9f980aa8d3ca51cd8555ca27cd0ef561cb02"
        ],
        "spl": "2020-10-01",
        "types": [
          "ID"
        ],
        "severity": "High"
      },
      "database_specific": {
        "source": "https://storage.googleapis.com/android-osv/ASB-A-159062405.json"
      }
    }
  ],
  "schema_version": "1.6.0"
}