{
  "id": "ASB-A-154719656",
  "summary": "[Hijacking appInfoAction PendingIntent to Access SystemUI Protected Provider]",
  "details": "In postInstantAppNotif of InstantAppNotifier.java, there is a possible permission bypass due to a PendingIntent error. This could lead to local information disclosure with User execution privileges needed. User interaction is not needed for exploitation.",
  "aliases": [
    "CVE-2020-0249"
  ],
  "modified": "2024-05-14T14:40:15Z",
  "published": "2020-08-01T00:00:00Z",
  "references": [
    {
      "type": "ADVISORY",
      "url": "https://source.android.com/security/bulletin/2020-08-01"
    },
    {
      "type": "FIX",
      "url": "https://android.googlesource.com/platform/frameworks/base/+/e183ab7e5a865ff1051505085b617f4f3ad4c049"
    }
  ],
  "affected": [
    {
      "package": {
        "name": "platform/frameworks/base",
        "ecosystem": "Android"
      },
      "ranges": [
        {
          "type": "ECOSYSTEM",
          "events": [
            {
              "introduced": "8.0:0"
            },
            {
              "fixed": "8.0:2020-08-01"
            },
            {
              "introduced": "8.1:0"
            },
            {
              "fixed": "8.1:2020-08-01"
            },
            {
              "introduced": "9:0"
            },
            {
              "fixed": "9:2020-08-01"
            },
            {
              "introduced": "10:0"
            },
            {
              "fixed": "10:2020-08-01"
            }
          ]
        }
      ],
      "versions": [
        "8.0",
        "8.1",
        "9",
        "10"
      ],
      "ecosystem_specific": {
        "fixes": [
          "https://android.googlesource.com/platform/frameworks/base/+/e183ab7e5a865ff1051505085b617f4f3ad4c049"
        ],
        "spl": "2020-08-01",
        "types": [
          "ID"
        ],
        "severity": "High"
      },
      "database_specific": {
        "source": "https://storage.googleapis.com/android-osv/ASB-A-154719656.json"
      }
    }
  ],
  "schema_version": "1.6.0"
}