{
  "id": "ASB-A-147802478",
  "summary": "kernel exploit: struct file UAF with epoll_ctl() add",
  "details": "In do_epoll_ctl and ep_loop_check_proc of eventpoll.c, there is a possible use after free due to a logic error. This could lead to local escalation of privilege with no additional execution privileges needed. User interaction is not needed for exploitation.",
  "aliases": [
    "CVE-2020-0466"
  ],
  "modified": "2024-05-14T14:40:15Z",
  "published": "2020-12-01T00:00:00Z",
  "references": [
    {
      "type": "ADVISORY",
      "url": "https://source.android.com/security/bulletin/2020-12-01"
    },
    {
      "type": "FIX",
      "url": "https://android.googlesource.com/kernel/common/+/52c479697c9b"
    },
    {
      "type": "FIX",
      "url": "https://android.googlesource.com/kernel/common/+/a9ed4a6560b8"
    }
  ],
  "affected": [
    {
      "package": {
        "name": ":linux_kernel:",
        "ecosystem": "Android"
      },
      "ranges": [
        {
          "type": "ECOSYSTEM",
          "events": [
            {
              "introduced": ":0"
            },
            {
              "fixed": ":2020-12-05"
            }
          ]
        }
      ],
      "versions": [
        "Kernel"
      ],
      "ecosystem_specific": {
        "fixes": [
          "https://android.googlesource.com/kernel/common/+/52c479697c9b",
          "https://android.googlesource.com/kernel/common/+/a9ed4a6560b8"
        ],
        "spl": "2020-12-05",
        "types": [
          "EoP"
        ],
        "severity": "High"
      },
      "database_specific": {
        "source": "https://storage.googleapis.com/android-osv/ASB-A-147802478.json"
      }
    }
  ],
  "schema_version": "1.6.0"
}