{
  "id": "ASB-A-162738636",
  "summary": "[PendingIntent in SystemUI GlobalScreenshot Could be Hijacked to Theft of All Contacts ]",
  "details": "In several functions of GlobalScreenshot.java, there is a possible permission bypass due to an unsafe PendingIntent. This could lead to local information disclosure of the user's contacts with User execution privileges needed. User interaction is not needed for exploitation.",
  "aliases": [
    "CVE-2021-0304"
  ],
  "modified": "2024-05-14T14:40:15Z",
  "published": "2021-01-01T00:00:00Z",
  "references": [
    {
      "type": "ADVISORY",
      "url": "https://source.android.com/security/bulletin/2021-01-01"
    },
    {
      "type": "FIX",
      "url": "https://android.googlesource.com/platform/frameworks/base/+/165607099624e7a9e5d5e513c43060086d088297"
    }
  ],
  "affected": [
    {
      "package": {
        "name": "platform/frameworks/base",
        "ecosystem": "Android"
      },
      "ranges": [
        {
          "type": "ECOSYSTEM",
          "events": [
            {
              "introduced": "8.0:0"
            },
            {
              "fixed": "8.0:2021-01-01"
            },
            {
              "introduced": "8.1:0"
            },
            {
              "fixed": "8.1:2021-01-01"
            },
            {
              "introduced": "9:0"
            },
            {
              "fixed": "9:2021-01-01"
            },
            {
              "introduced": "10:0"
            },
            {
              "fixed": "10:2021-01-01"
            }
          ]
        }
      ],
      "versions": [
        "8.0",
        "8.1",
        "9",
        "10"
      ],
      "ecosystem_specific": {
        "fixes": [
          "https://android.googlesource.com/platform/frameworks/base/+/165607099624e7a9e5d5e513c43060086d088297"
        ],
        "spl": "2021-01-01",
        "types": [
          "ID"
        ],
        "severity": "High"
      },
      "database_specific": {
        "source": "https://storage.googleapis.com/android-osv/ASB-A-162738636.json"
      }
    }
  ],
  "schema_version": "1.6.0"
}