{
  "id": "ASB-A-178189250",
  "summary": "[PendingIntent in ScreenshotNotificationsController#notifyScreenshotError Could be Hijacked to Theft of Contacts]",
  "details": "In notifyScreenshotError of ScreenshotNotificationsController.java, there is a possible permission bypass due to an unsafe PendingIntent. This could lead to local escalation of privilege with User execution privileges needed. User interaction is not needed for exploitation.",
  "aliases": [
    "CVE-2021-0477"
  ],
  "modified": "2024-05-14T14:40:15Z",
  "published": "2021-05-01T00:00:00Z",
  "references": [
    {
      "type": "ADVISORY",
      "url": "https://source.android.com/security/bulletin/2021-05-01"
    },
    {
      "type": "FIX",
      "url": "https://android.googlesource.com/platform/frameworks/base/+/e01fef361bb7371e10b990737caed7a3799bdc3b"
    }
  ],
  "affected": [
    {
      "package": {
        "name": "platform/frameworks/base",
        "ecosystem": "Android"
      },
      "ranges": [
        {
          "type": "ECOSYSTEM",
          "events": [
            {
              "introduced": "8.1:0"
            },
            {
              "fixed": "8.1:2021-05-01"
            },
            {
              "introduced": "9:0"
            },
            {
              "fixed": "9:2021-05-01"
            },
            {
              "introduced": "10:0"
            },
            {
              "fixed": "10:2021-05-01"
            },
            {
              "introduced": "11:0"
            },
            {
              "fixed": "11:2021-05-01"
            }
          ]
        }
      ],
      "versions": [
        "8.1",
        "9",
        "10",
        "11"
      ],
      "ecosystem_specific": {
        "fixes": [
          "https://android.googlesource.com/platform/frameworks/base/+/e01fef361bb7371e10b990737caed7a3799bdc3b"
        ],
        "spl": "2021-05-01",
        "types": [
          "EoP"
        ],
        "severity": "High"
      },
      "database_specific": {
        "source": "https://storage.googleapis.com/android-osv/ASB-A-178189250.json"
      }
    }
  ],
  "schema_version": "1.6.0"
}