{
  "id": "ASB-A-211114016",
  "summary": "App can keep its service alive forever and can bypass one time permissions.",
  "details": "In placeCall of TelecomManager.java, there is a possible way for an application to keep itself running with foreground service importance due to a permissions bypass. This could lead to local escalation of privilege with no additional execution privileges needed. User interaction is not needed for exploitation.",
  "aliases": [
    "CVE-2022-20114"
  ],
  "modified": "2024-05-14T14:40:15Z",
  "published": "2022-05-01T00:00:00Z",
  "references": [
    {
      "type": "ADVISORY",
      "url": "https://source.android.com/security/bulletin/2022-05-01"
    },
    {
      "type": "FIX",
      "url": "https://android.googlesource.com/platform/packages/services/Telecomm/+/a2f52c2d771e0acea6bb27fdbe6dae2b37f2df04"
    }
  ],
  "affected": [
    {
      "package": {
        "name": "platform/packages/services/Telecomm",
        "ecosystem": "Android"
      },
      "ranges": [
        {
          "type": "ECOSYSTEM",
          "events": [
            {
              "introduced": "10:0"
            },
            {
              "fixed": "10:2022-05-01"
            },
            {
              "introduced": "11:0"
            },
            {
              "fixed": "11:2022-05-01"
            },
            {
              "introduced": "12:0"
            },
            {
              "fixed": "12:2022-05-01"
            },
            {
              "introduced": "12L:0"
            },
            {
              "fixed": "12L:2022-05-01"
            }
          ]
        }
      ],
      "versions": [
        "10",
        "11",
        "12",
        "12L"
      ],
      "ecosystem_specific": {
        "fixes": [
          "https://android.googlesource.com/platform/packages/services/Telecomm/+/a2f52c2d771e0acea6bb27fdbe6dae2b37f2df04"
        ],
        "spl": "2022-05-01",
        "types": [
          "EoP"
        ],
        "severity": "High"
      },
      "database_specific": {
        "source": "https://storage.googleapis.com/android-osv/ASB-A-211114016.json"
      }
    }
  ],
  "schema_version": "1.6.0"
}