{
  "id": "ASB-A-201660636",
  "summary": "[No enforcement of PAP when MPPE is requested for PPTP VPN]",
  "details": "In startLegacyVpnPrivileged of Vpn.java, there is a possible way to retrieve VPN credentials due to a protocol downgrade attack. This could lead to remote escalation of privilege if a malicious Wi-Fi AP is used, with no additional execution privileges needed. User interaction is not needed for exploitation.",
  "aliases": [
    "CVE-2022-20145"
  ],
  "modified": "2024-05-14T14:40:16Z",
  "published": "2022-06-01T00:00:00Z",
  "references": [
    {
      "type": "ADVISORY",
      "url": "https://source.android.com/security/bulletin/2022-06-01"
    }
  ],
  "affected": [
    {
      "package": {
        "name": "platform/frameworks/base",
        "ecosystem": "Android"
      },
      "ranges": [
        {
          "type": "ECOSYSTEM",
          "events": [
            {
              "introduced": "11:0"
            },
            {
              "fixed": "11:2022-06-01"
            }
          ]
        }
      ],
      "versions": [
        "11"
      ],
      "ecosystem_specific": {
        "fixes": [
          "https://android.googlesource.com/platform/frameworks/base/+/997a4a39268b4f3af7ccc388269b5eb1972d3624"
        ],
        "spl": "2022-06-01",
        "types": [
          "EoP"
        ],
        "severity": "Critical"
      },
      "database_specific": {
        "source": "https://storage.googleapis.com/android-osv/ASB-A-201660636.json"
      }
    },
    {
      "package": {
        "name": "platform/packages/modules/Connectivity",
        "ecosystem": "Android"
      },
      "ranges": [
        {
          "type": "ECOSYSTEM",
          "events": [
            {
              "introduced": "11:0"
            },
            {
              "fixed": "11:2022-06-01"
            }
          ]
        }
      ],
      "versions": [
        "11"
      ],
      "ecosystem_specific": {
        "fixes": [
          "https://android.googlesource.com/platform/packages/modules/Connectivity/+/c8b753a3aa42b101793a27916016d03785827401"
        ],
        "spl": "2022-06-01",
        "types": [
          "EoP"
        ],
        "severity": "Critical"
      },
      "database_specific": {
        "source": "https://storage.googleapis.com/android-osv/ASB-A-201660636.json"
      }
    }
  ],
  "schema_version": "1.6.0"
}