{
  "id": "ASB-A-171966843",
  "summary": "Logical bug regarding android.net.Uri",
  "details": "In HierarchicalUri.readFrom of Uri.java, there is a possible way to craft a malformed Uri object due to improper input validation. This could lead to a local escalation of privilege, preventing processes from validating URIs correctly, with no additional execution privileges needed. User interaction is not needed for exploitation.",
  "aliases": [
    "CVE-2022-20338"
  ],
  "modified": "2024-05-14T14:40:15Z",
  "published": "2023-05-01T00:00:00Z",
  "references": [
    {
      "type": "ADVISORY",
      "url": "https://source.android.com/security/bulletin/2023-05-01"
    },
    {
      "type": "FIX",
      "url": "https://android.googlesource.com/platform/frameworks/base/+/e082ece64fc7d8631048fbe0ff7f3125a65e123f"
    }
  ],
  "affected": [
    {
      "package": {
        "name": "platform/frameworks/base",
        "ecosystem": "Android"
      },
      "ranges": [
        {
          "type": "ECOSYSTEM",
          "events": [
            {
              "introduced": "11:0"
            },
            {
              "fixed": "11:2023-05-01"
            },
            {
              "introduced": "12:0"
            },
            {
              "fixed": "12:2023-05-01"
            },
            {
              "introduced": "12L:0"
            },
            {
              "fixed": "12L:2023-05-01"
            }
          ]
        }
      ],
      "versions": [
        "11",
        "12",
        "12L"
      ],
      "ecosystem_specific": {
        "fixes": [
          "https://android.googlesource.com/platform/frameworks/base/+/f37a94ae920fa5879c557603fc285942ec4b84b1"
        ],
        "spl": "2023-05-01",
        "types": [
          "EoP"
        ],
        "severity": "High"
      },
      "database_specific": {
        "source": "https://storage.googleapis.com/android-osv/ASB-A-171966843.json"
      }
    }
  ],
  "schema_version": "1.6.0"
}