{
  "id": "ASB-A-197868577",
  "summary": "In Fluoride Bluetooth stack - due to integer arithmetic overflow osi_malloc could lead to memory corruption and denial-of-service attack",
  "details": "In osi_malloc and osi_calloc of allocator.cc, there is a possible out of bounds write due to an integer overflow. This could lead to remote code execution with no additional execution privileges needed. User interaction is not needed for exploitation.",
  "aliases": [
    "CVE-2021-0968"
  ],
  "modified": "2024-05-14T14:40:15Z",
  "published": "2021-12-01T00:00:00Z",
  "references": [
    {
      "type": "ADVISORY",
      "url": "https://source.android.com/security/bulletin/2021-12-01"
    }
  ],
  "affected": [
    {
      "package": {
        "name": ":unknown:",
        "ecosystem": "Android"
      },
      "ranges": [
        {
          "type": "ECOSYSTEM",
          "events": [
            {
              "introduced": "9:0"
            },
            {
              "fixed": "9:2021-12-01"
            },
            {
              "introduced": "10:0"
            },
            {
              "fixed": "10:2021-12-01"
            },
            {
              "introduced": "11:0"
            },
            {
              "fixed": "11:2021-12-01"
            },
            {
              "introduced": "12:0"
            },
            {
              "fixed": "12:2021-12-01"
            }
          ]
        }
      ],
      "versions": [
        "9",
        "10",
        "11",
        "12"
      ],
      "ecosystem_specific": {
        "spl": "2021-12-01",
        "types": [
          "RCE"
        ],
        "severity": "Critical"
      },
      "database_specific": {
        "source": "https://storage.googleapis.com/android-osv/ASB-A-197868577.json"
      }
    }
  ],
  "schema_version": "1.6.0"
}