{
  "id": "ASB-A-200288596",
  "summary": "android.permission.PermissionCheckerManager checkPermission method trusts pid provided by caller",
  "details": "In AttributionSource of AttributionSource.java, there is a possible permission bypass due to improper input validation. This could lead to local escalation of privilege with no additional execution privileges needed. User interaction is not needed for exploitation.",
  "aliases": [
    "CVE-2021-39799"
  ],
  "modified": "2024-05-14T14:40:15Z",
  "published": "2022-04-01T00:00:00Z",
  "references": [
    {
      "type": "ADVISORY",
      "url": "https://source.android.com/security/bulletin/2022-04-01"
    },
    {
      "type": "FIX",
      "url": "https://android.googlesource.com/platform/frameworks/base/+/b716ef0497811c40f4908d657d3c9f99fa23595d"
    }
  ],
  "affected": [
    {
      "package": {
        "name": "platform/frameworks/base",
        "ecosystem": "Android"
      },
      "ranges": [
        {
          "type": "ECOSYSTEM",
          "events": [
            {
              "introduced": "12:0"
            },
            {
              "fixed": "12:2022-04-01"
            },
            {
              "introduced": "12L:0"
            },
            {
              "fixed": "12L:2022-04-01"
            }
          ]
        }
      ],
      "versions": [
        "12",
        "12L"
      ],
      "ecosystem_specific": {
        "fixes": [
          "https://android.googlesource.com/platform/frameworks/base/+/b716ef0497811c40f4908d657d3c9f99fa23595d"
        ],
        "spl": "2022-04-01",
        "types": [
          "EoP"
        ],
        "severity": "High"
      },
      "database_specific": {
        "source": "https://storage.googleapis.com/android-osv/ASB-A-200288596.json"
      }
    }
  ],
  "schema_version": "1.6.0"
}