{
  "id": "ASB-A-175451802",
  "summary": "Android Vomit Report",
  "details": "In tiocspgrp of tty_jobctrl.c, there is a possible use after free due to a race condition. This could lead to local escalation of privilege with no additional execution privileges needed. User interaction is not needed for exploitation.",
  "aliases": [
    "CVE-2020-29661"
  ],
  "modified": "2024-05-14T14:40:15Z",
  "published": "2021-05-01T00:00:00Z",
  "references": [
    {
      "type": "ADVISORY",
      "url": "https://source.android.com/security/bulletin/2021-05-01"
    },
    {
      "type": "FIX",
      "url": "https://android.googlesource.com/kernel/common/+/54ffccbf053b5b6ca4f6e45094b942fab92a25fc"
    }
  ],
  "affected": [
    {
      "package": {
        "name": ":linux_kernel:",
        "ecosystem": "Android"
      },
      "ranges": [
        {
          "type": "ECOSYSTEM",
          "events": [
            {
              "introduced": ":0"
            },
            {
              "fixed": ":2021-05-05"
            }
          ]
        }
      ],
      "versions": [
        "Kernel"
      ],
      "ecosystem_specific": {
        "fixes": [
          "https://android.googlesource.com/kernel/common/+/54ffccbf053b5b6ca4f6e45094b942fab92a25fc"
        ],
        "spl": "2021-05-05",
        "types": [
          "EoP"
        ],
        "severity": "High"
      },
      "database_specific": {
        "source": "https://storage.googleapis.com/android-osv/ASB-A-175451802.json"
      }
    }
  ],
  "schema_version": "1.6.0"
}