{
  "id": "ASB-A-174485572",
  "summary": "[[statsd] heap overflow (out-of-bound-write) in statsd service when parsing LogEvent]",
  "details": "In parsePrimaryFieldFirstUidAnnotation of LogEvent.cpp, there is a possible out of bounds write due to a heap buffer overflow. This could lead to local escalation of privilege with no additional execution privileges needed. User interaction is not needed for exploitation.",
  "aliases": [
    "CVE-2021-0426"
  ],
  "modified": "2024-05-14T14:40:15Z",
  "published": "2021-04-01T00:00:00Z",
  "references": [
    {
      "type": "ADVISORY",
      "url": "https://source.android.com/security/bulletin/2021-04-01"
    },
    {
      "type": "FIX",
      "url": "https://android.googlesource.com/platform/frameworks/base/+/19845bc16e53fe3436d61e5bc220deb45b507335"
    }
  ],
  "affected": [
    {
      "package": {
        "name": "platform/frameworks/base",
        "ecosystem": "Android"
      },
      "ranges": [
        {
          "type": "ECOSYSTEM",
          "events": [
            {
              "introduced": "11:0"
            },
            {
              "fixed": "11:2021-04-01"
            }
          ]
        }
      ],
      "versions": [
        "11"
      ],
      "ecosystem_specific": {
        "fixes": [
          "https://android.googlesource.com/platform/frameworks/base/+/19845bc16e53fe3436d61e5bc220deb45b507335"
        ],
        "spl": "2021-04-01",
        "types": [
          "EoP"
        ],
        "severity": "High"
      },
      "database_specific": {
        "source": "https://storage.googleapis.com/android-osv/ASB-A-174485572.json"
      }
    }
  ],
  "schema_version": "1.6.0"
}