{
  "id": "ASB-A-169505740",
  "summary": "Android Vomit Report",
  "details": "In __speculation_ctrl_update of process.c, there is a possible way to disable Speculative Store Bypass Disable due to a logic error, which allows for side channel information disclosure. This could lead to local information disclosure with no additional execution privileges needed. User interaction is not needed for exploitation.",
  "aliases": [
    "CVE-2020-10766"
  ],
  "modified": "2024-05-14T14:40:15Z",
  "published": "2021-01-01T00:00:00Z",
  "references": [
    {
      "type": "ADVISORY",
      "url": "https://source.android.com/security/bulletin/2021-01-01"
    },
    {
      "type": "FIX",
      "url": "https://android.googlesource.com/kernel/common/+/dbbe2ad02e9df26e372f38cc3e70dab9222c832e"
    }
  ],
  "affected": [
    {
      "package": {
        "name": ":linux_kernel:",
        "ecosystem": "Android"
      },
      "ranges": [
        {
          "type": "ECOSYSTEM",
          "events": [
            {
              "introduced": ":0"
            },
            {
              "fixed": ":2021-01-05"
            }
          ]
        }
      ],
      "versions": [
        "Kernel"
      ],
      "ecosystem_specific": {
        "fixes": [
          "https://android.googlesource.com/kernel/common/+/dbbe2ad02e9df26e372f38cc3e70dab9222c832e"
        ],
        "spl": "2021-01-05",
        "types": [
          "ID"
        ],
        "severity": "High"
      },
      "database_specific": {
        "source": "https://storage.googleapis.com/android-osv/ASB-A-169505740.json"
      }
    }
  ],
  "schema_version": "1.6.0"
}