{
  "id": "ASB-A-190286685",
  "summary": "midi_extractor_fuzzer: Global-buffer-overflow in WT_InterpolateNoLoop",
  "details": "In WT_InterpolateNoLoop of eas_wtengine.c, there is a possible out of bounds read due to an incorrect bounds check. This could lead to remote information disclosure with no additional execution privileges needed. User interaction is needed for exploitation.",
  "aliases": [
    "CVE-2021-0650"
  ],
  "modified": "2024-05-14T14:40:15Z",
  "published": "2021-11-01T00:00:00Z",
  "references": [
    {
      "type": "ADVISORY",
      "url": "https://source.android.com/security/bulletin/2021-11-01"
    },
    {
      "type": "FIX",
      "url": "https://android.googlesource.com/platform/external/sonivox/+/8bfcd9c03af5170b5003712fb77f096b5c9f341b"
    }
  ],
  "affected": [
    {
      "package": {
        "name": "platform/external/sonivox",
        "ecosystem": "Android"
      },
      "ranges": [
        {
          "type": "ECOSYSTEM",
          "events": [
            {
              "introduced": "9:0"
            },
            {
              "fixed": "9:2021-11-01"
            },
            {
              "introduced": "10:0"
            },
            {
              "fixed": "10:2021-11-01"
            },
            {
              "introduced": "11:0"
            },
            {
              "fixed": "11:2021-11-01"
            }
          ]
        }
      ],
      "versions": [
        "9",
        "10",
        "11"
      ],
      "ecosystem_specific": {
        "fixes": [
          "https://android.googlesource.com/platform/external/sonivox/+/8bfcd9c03af5170b5003712fb77f096b5c9f341b"
        ],
        "spl": "2021-11-01",
        "types": [
          "ID"
        ],
        "severity": "High"
      },
      "database_specific": {
        "source": "https://storage.googleapis.com/android-osv/ASB-A-190286685.json"
      }
    }
  ],
  "schema_version": "1.6.0"
}