{
  "id": "ASB-A-221255869",
  "summary": "Vulnerability: external/expat (bufferSize)",
  "details": "In XML_GetBuffer of xmlparse.c, there is a possible out of bounds write due to a missing bounds check. This could lead to local escalation of privilege with no additional execution privileges needed. User interaction is not needed for exploitation.",
  "aliases": [
    "CVE-2022-23852"
  ],
  "modified": "2024-05-14T14:40:15Z",
  "published": "2022-09-01T00:00:00Z",
  "references": [
    {
      "type": "ADVISORY",
      "url": "https://source.android.com/security/bulletin/2022-09-01"
    },
    {
      "type": "FIX",
      "url": "https://android.googlesource.com/platform/external/expat/+/d6a09f1b7fb24dd03dc58e45062ad951a37ff8e3"
    }
  ],
  "affected": [
    {
      "package": {
        "name": "platform/external/expat",
        "ecosystem": "Android"
      },
      "ranges": [
        {
          "type": "ECOSYSTEM",
          "events": [
            {
              "introduced": "10:0"
            },
            {
              "fixed": "10:2022-09-01"
            },
            {
              "introduced": "11:0"
            },
            {
              "fixed": "11:2022-09-01"
            },
            {
              "introduced": "12:0"
            },
            {
              "fixed": "12:2022-09-01"
            },
            {
              "introduced": "12L:0"
            },
            {
              "fixed": "12L:2022-09-01"
            }
          ]
        }
      ],
      "versions": [
        "10",
        "11",
        "12",
        "12L"
      ],
      "ecosystem_specific": {
        "fixes": [
          "https://android.googlesource.com/platform/external/expat/+/d6a09f1b7fb24dd03dc58e45062ad951a37ff8e3"
        ],
        "spl": "2022-09-01",
        "types": [
          "EoP"
        ],
        "severity": "High"
      },
      "database_specific": {
        "source": "https://storage.googleapis.com/android-osv/ASB-A-221255869.json"
      }
    }
  ],
  "schema_version": "1.6.0"
}