{
  "id": "ASB-A-140417248",
  "summary": "NFC Android App broadcasts Bluetooth device information implicitly when pairing",
  "details": "In onCreate of ConfirmConnectActivity.java, there is a possible leak of Bluetooth information due to a permissions bypass. This could lead to local escalation of privilege of a pairing Bluetooth MAC address with no additional execution privileges needed. User interaction is needed for exploitation.",
  "aliases": [
    "CVE-2020-0215"
  ],
  "modified": "2024-05-14T14:40:15Z",
  "published": "2020-10-01T00:00:00Z",
  "references": [
    {
      "type": "ADVISORY",
      "url": "https://source.android.com/security/bulletin/2020-10-01"
    }
  ],
  "affected": [
    {
      "package": {
        "name": ":unknown:",
        "ecosystem": "Android"
      },
      "ranges": [
        {
          "type": "ECOSYSTEM",
          "events": [
            {
              "introduced": "8.0:0"
            },
            {
              "fixed": "8.0:2020-10-01"
            },
            {
              "introduced": "8.1:0"
            },
            {
              "fixed": "8.1:2020-10-01"
            },
            {
              "introduced": "9:0"
            },
            {
              "fixed": "9:2020-10-01"
            },
            {
              "introduced": "10:0"
            },
            {
              "fixed": "10:2020-10-01"
            }
          ]
        }
      ],
      "versions": [
        "8.0",
        "8.1",
        "9",
        "10"
      ],
      "ecosystem_specific": {
        "spl": "2020-10-01",
        "types": [
          "EoP"
        ],
        "severity": "High"
      },
      "database_specific": {
        "source": "https://storage.googleapis.com/android-osv/ASB-A-140417248.json"
      }
    }
  ],
  "schema_version": "1.6.0"
}