{
  "id": "ASB-A-177457096",
  "summary": "When personal Resolver is opened, Work challenge is not displayed",
  "details": "In lockAllProfileTasks of RootWindowContainer.java, there is a possible way to access the work profile without the profile PIN, after logging in.  This could lead to local escalation of privilege with no additional execution privileges needed. User interaction is not needed for exploitation.",
  "aliases": [
    "CVE-2021-0595"
  ],
  "modified": "2024-05-14T14:40:15Z",
  "published": "2021-09-01T00:00:00Z",
  "references": [
    {
      "type": "ADVISORY",
      "url": "https://source.android.com/security/bulletin/2021-09-01"
    },
    {
      "type": "FIX",
      "url": "https://android.googlesource.com/platform/frameworks/base/+/2e4efe7be2b0e61646cd1bc991a61eef724072f2"
    },
    {
      "type": "FIX",
      "url": "https://android.googlesource.com/platform/frameworks/base/+/ba984d1c0c0270b6c704189abf4faa808c2038bf"
    }
  ],
  "affected": [
    {
      "package": {
        "name": "platform/frameworks/base",
        "ecosystem": "Android"
      },
      "ranges": [
        {
          "type": "ECOSYSTEM",
          "events": [
            {
              "introduced": "8.1:0"
            },
            {
              "fixed": "8.1:2021-09-01"
            },
            {
              "introduced": "9:0"
            },
            {
              "fixed": "9:2021-09-01"
            },
            {
              "introduced": "10:0"
            },
            {
              "fixed": "10:2021-09-01"
            },
            {
              "introduced": "11:0"
            },
            {
              "fixed": "11:2021-09-01"
            }
          ]
        }
      ],
      "versions": [
        "8.1",
        "9",
        "10",
        "11"
      ],
      "ecosystem_specific": {
        "fixes": [
          "https://android.googlesource.com/platform/frameworks/base/+/2e4efe7be2b0e61646cd1bc991a61eef724072f2",
          "https://android.googlesource.com/platform/frameworks/base/+/ba984d1c0c0270b6c704189abf4faa808c2038bf"
        ],
        "spl": "2021-09-01",
        "types": [
          "EoP"
        ],
        "severity": "High"
      },
      "database_specific": {
        "source": "https://storage.googleapis.com/android-osv/ASB-A-177457096.json"
      }
    }
  ],
  "schema_version": "1.6.0"
}