{
  "id": "ASB-A-172655291",
  "summary": "android_os_Parcel_readString8 assumes readString8 is null-terminated",
  "details": "In android_os_Parcel_readString8 of android_os_Parcel.cpp, there is a possible out of bounds read due to a missing bounds check. This could lead to local information disclosure with no additional execution privileges needed. User interaction is not needed for exploitation.",
  "aliases": [
    "CVE-2021-0394"
  ],
  "modified": "2024-05-14T14:40:15Z",
  "published": "2021-03-01T00:00:00Z",
  "references": [
    {
      "type": "ADVISORY",
      "url": "https://source.android.com/security/bulletin/2021-03-01"
    },
    {
      "type": "FIX",
      "url": "https://android.googlesource.com/platform/art/+/1358c9faa9766fd470ab2ba002a73479ccf54154"
    },
    {
      "type": "FIX",
      "url": "https://android.googlesource.com/platform/art/+/4b56bb8ce224408acfef7f2b2c2cee2abd938c9a"
    },
    {
      "type": "FIX",
      "url": "https://android.googlesource.com/platform/art/+/6444277041f41294d98adac4bb585183e56587f6"
    },
    {
      "type": "FIX",
      "url": "https://android.googlesource.com/platform/art/+/69fc841b8460943c2b2224f61585942cbc9f3f40"
    },
    {
      "type": "FIX",
      "url": "https://android.googlesource.com/platform/art/+/7dd48b90bd0968375cba8dffa2141cc9973329f9"
    },
    {
      "type": "FIX",
      "url": "https://android.googlesource.com/platform/art/+/8c6653177204bfd6ccf03e1b4b3b72d96e362628"
    },
    {
      "type": "FIX",
      "url": "https://android.googlesource.com/platform/art/+/d0b940349294a363e6d578adf58db8222c425669"
    },
    {
      "type": "FIX",
      "url": "https://android.googlesource.com/platform/art/+/ed4b3e0958d3de6a92d82abb9f81e49e84d5c673"
    },
    {
      "type": "FIX",
      "url": "https://android.googlesource.com/platform/frameworks/native/+/58f5cfa56d5282e69a7580dc4bb97603c409f003"
    },
    {
      "type": "FIX",
      "url": "https://android.googlesource.com/platform/frameworks/native/+/61d0f84881cfc1bbac513ccd156c56603a48cc90"
    },
    {
      "type": "FIX",
      "url": "https://android.googlesource.com/platform/system/tools/hidl/+/e8544d4fae9e8b7f1b31068c1bbd817c792315c7"
    },
    {
      "type": "FIX",
      "url": "https://android.googlesource.com/platform/system/tools/hidl/+/f9a784013d8b6d519e66c2bee6384ad8a713ac25"
    }
  ],
  "affected": [
    {
      "package": {
        "name": "platform/art",
        "ecosystem": "Android"
      },
      "ranges": [
        {
          "type": "ECOSYSTEM",
          "events": [
            {
              "introduced": "8.1:0"
            },
            {
              "fixed": "8.1:2021-03-01"
            },
            {
              "introduced": "9:0"
            },
            {
              "fixed": "9:2021-03-01"
            },
            {
              "introduced": "10:0"
            },
            {
              "fixed": "10:2021-03-01"
            },
            {
              "introduced": "11:0"
            },
            {
              "fixed": "11:2021-03-01"
            }
          ]
        }
      ],
      "versions": [
        "8.1",
        "9",
        "10",
        "11"
      ],
      "ecosystem_specific": {
        "fixes": [
          "https://android.googlesource.com/platform/art/+/1358c9faa9766fd470ab2ba002a73479ccf54154",
          "https://android.googlesource.com/platform/art/+/4b56bb8ce224408acfef7f2b2c2cee2abd938c9a",
          "https://android.googlesource.com/platform/art/+/6444277041f41294d98adac4bb585183e56587f6",
          "https://android.googlesource.com/platform/art/+/69fc841b8460943c2b2224f61585942cbc9f3f40",
          "https://android.googlesource.com/platform/art/+/7dd48b90bd0968375cba8dffa2141cc9973329f9",
          "https://android.googlesource.com/platform/art/+/8c6653177204bfd6ccf03e1b4b3b72d96e362628",
          "https://android.googlesource.com/platform/art/+/d0b940349294a363e6d578adf58db8222c425669",
          "https://android.googlesource.com/platform/art/+/ed4b3e0958d3de6a92d82abb9f81e49e84d5c673"
        ],
        "spl": "2021-03-01",
        "types": [
          "ID"
        ],
        "severity": "High"
      },
      "database_specific": {
        "source": "https://storage.googleapis.com/android-osv/ASB-A-172655291.json"
      }
    },
    {
      "package": {
        "name": "platform/frameworks/native",
        "ecosystem": "Android"
      },
      "ranges": [
        {
          "type": "ECOSYSTEM",
          "events": [
            {
              "introduced": "8.1:0"
            },
            {
              "fixed": "8.1:2021-03-01"
            },
            {
              "introduced": "9:0"
            },
            {
              "fixed": "9:2021-03-01"
            },
            {
              "introduced": "10:0"
            },
            {
              "fixed": "10:2021-03-01"
            },
            {
              "introduced": "11:0"
            },
            {
              "fixed": "11:2021-03-01"
            }
          ]
        }
      ],
      "versions": [
        "8.1",
        "9",
        "10",
        "11"
      ],
      "ecosystem_specific": {
        "fixes": [
          "https://android.googlesource.com/platform/frameworks/native/+/58f5cfa56d5282e69a7580dc4bb97603c409f003",
          "https://android.googlesource.com/platform/frameworks/native/+/61d0f84881cfc1bbac513ccd156c56603a48cc90"
        ],
        "spl": "2021-03-01",
        "types": [
          "ID"
        ],
        "severity": "High"
      },
      "database_specific": {
        "source": "https://storage.googleapis.com/android-osv/ASB-A-172655291.json"
      }
    },
    {
      "package": {
        "name": "platform/system/tools/hidl",
        "ecosystem": "Android"
      },
      "ranges": [
        {
          "type": "ECOSYSTEM",
          "events": [
            {
              "introduced": "8.1:0"
            },
            {
              "fixed": "8.1:2021-03-01"
            },
            {
              "introduced": "9:0"
            },
            {
              "fixed": "9:2021-03-01"
            },
            {
              "introduced": "10:0"
            },
            {
              "fixed": "10:2021-03-01"
            },
            {
              "introduced": "11:0"
            },
            {
              "fixed": "11:2021-03-01"
            }
          ]
        }
      ],
      "versions": [
        "8.1",
        "9",
        "10",
        "11"
      ],
      "ecosystem_specific": {
        "fixes": [
          "https://android.googlesource.com/platform/system/tools/hidl/+/e8544d4fae9e8b7f1b31068c1bbd817c792315c7",
          "https://android.googlesource.com/platform/system/tools/hidl/+/f9a784013d8b6d519e66c2bee6384ad8a713ac25"
        ],
        "spl": "2021-03-01",
        "types": [
          "ID"
        ],
        "severity": "High"
      },
      "database_specific": {
        "source": "https://storage.googleapis.com/android-osv/ASB-A-172655291.json"
      }
    }
  ],
  "schema_version": "1.6.0"
}