{
  "id": "ASB-A-174495520",
  "summary": "[Calling App Could Hide Requested Significant Action Info  in MediaStore PermissionActivity via Malformed App Name]",
  "details": "In onCreate of PermissionActivity.java, there is a possible permission bypass due to Confusing UI. This could lead to local escalation of privilege with no additional execution privileges needed. User interaction is needed for exploitation.",
  "aliases": [
    "CVE-2021-0441"
  ],
  "modified": "2024-05-14T14:40:15Z",
  "published": "2021-07-01T00:00:00Z",
  "references": [
    {
      "type": "ADVISORY",
      "url": "https://source.android.com/security/bulletin/2021-07-01"
    },
    {
      "type": "FIX",
      "url": "https://android.googlesource.com/platform/packages/providers/MediaProvider/+/800a66dc43292ab6acef3ec4e0cdca5d6bea532e"
    },
    {
      "type": "FIX",
      "url": "https://android.googlesource.com/platform/packages/providers/MediaProvider/+/fa329dfa35d4d555eb7f67b5747308d0d5936943"
    }
  ],
  "affected": [
    {
      "package": {
        "name": "platform/packages/providers/MediaProvider",
        "ecosystem": "Android"
      },
      "ranges": [
        {
          "type": "ECOSYSTEM",
          "events": [
            {
              "introduced": "11:0"
            },
            {
              "fixed": "11:2021-07-01"
            }
          ]
        }
      ],
      "versions": [
        "11"
      ],
      "ecosystem_specific": {
        "fixes": [
          "https://android.googlesource.com/platform/packages/providers/MediaProvider/+/800a66dc43292ab6acef3ec4e0cdca5d6bea532e",
          "https://android.googlesource.com/platform/packages/providers/MediaProvider/+/fa329dfa35d4d555eb7f67b5747308d0d5936943"
        ],
        "spl": "2021-07-01",
        "types": [
          "EoP"
        ],
        "severity": "High"
      },
      "database_specific": {
        "source": "https://storage.googleapis.com/android-osv/ASB-A-174495520.json"
      }
    }
  ],
  "schema_version": "1.6.0"
}