{
  "id": "ASB-A-195410559",
  "summary": "[The use of BD_ADDR in BR/EDR as the identity address of BLE makes the dual-stack trackable]",
  "details": "In bta_dm_remove_device of bta_dm_act.cc, there is a possible way for a BT device to receive a long term trackable identifier due to a permissions bypass. This could lead to remote information disclosure with no additional execution privileges needed. User interaction is not needed for exploitation.",
  "aliases": [
    "CVE-2021-39673"
  ],
  "modified": "2024-05-14T14:40:15Z",
  "published": "2022-10-01T00:00:00Z",
  "references": [
    {
      "type": "ADVISORY",
      "url": "https://source.android.com/security/bulletin/2022-10-01"
    },
    {
      "type": "FIX",
      "url": "https://android.googlesource.com/platform/packages/modules/Bluetooth/+/8f848255dea47710275f1eac7c4e635b1f5faa0b"
    },
    {
      "type": "FIX",
      "url": "https://android.googlesource.com/platform/packages/modules/Bluetooth/+/90d2a6a82b35e32f70938112125a202a7f37964b"
    }
  ],
  "affected": [
    {
      "package": {
        "name": "platform/packages/modules/Bluetooth",
        "ecosystem": "Android"
      },
      "ranges": [
        {
          "type": "ECOSYSTEM",
          "events": [
            {
              "introduced": "13:0"
            },
            {
              "fixed": "13:2022-10-01"
            }
          ]
        }
      ],
      "versions": [
        "13"
      ],
      "ecosystem_specific": {
        "fixes": [
          "https://android.googlesource.com/platform/packages/modules/Bluetooth/+/8f848255dea47710275f1eac7c4e635b1f5faa0b",
          "https://android.googlesource.com/platform/packages/modules/Bluetooth/+/90d2a6a82b35e32f70938112125a202a7f37964b"
        ],
        "spl": "2022-10-01",
        "types": [
          "ID"
        ],
        "severity": "High"
      },
      "database_specific": {
        "source": "https://storage.googleapis.com/android-osv/ASB-A-195410559.json"
      }
    }
  ],
  "schema_version": "1.6.0"
}