{
  "id": "ASB-A-150857253",
  "summary": "PackageManagerService#setInstallerPackageName allows unset installers to be set by anyone",
  "details": "In setInstallerPackageName of PackageManagerService.java, there is a missing permission check. This could lead to local escalation of privilege and granting spurious permissions with no additional execution privileges needed. User interaction is not needed for exploitation.",
  "aliases": [
    "CVE-2020-0401"
  ],
  "modified": "2024-05-14T14:40:15Z",
  "published": "2020-09-01T00:00:00Z",
  "references": [
    {
      "type": "ADVISORY",
      "url": "https://source.android.com/security/bulletin/2020-09-01"
    },
    {
      "type": "FIX",
      "url": "https://android.googlesource.com/platform/frameworks/base/+/40ca8b51fa90457cc49b91eac00636d1626b3a1b"
    }
  ],
  "affected": [
    {
      "package": {
        "name": "platform/frameworks/base",
        "ecosystem": "Android"
      },
      "ranges": [
        {
          "type": "ECOSYSTEM",
          "events": [
            {
              "introduced": "8.0:0"
            },
            {
              "fixed": "8.0:2020-09-01"
            },
            {
              "introduced": "8.1:0"
            },
            {
              "fixed": "8.1:2020-09-01"
            },
            {
              "introduced": "9:0"
            },
            {
              "fixed": "9:2020-09-01"
            },
            {
              "introduced": "10:0"
            },
            {
              "fixed": "10:2020-09-01"
            }
          ]
        }
      ],
      "versions": [
        "8.0",
        "8.1",
        "9",
        "10"
      ],
      "ecosystem_specific": {
        "fixes": [
          "https://android.googlesource.com/platform/frameworks/base/+/40ca8b51fa90457cc49b91eac00636d1626b3a1b"
        ],
        "spl": "2020-09-01",
        "types": [
          "EoP"
        ],
        "severity": "High"
      },
      "database_specific": {
        "source": "https://storage.googleapis.com/android-osv/ASB-A-150857253.json"
      }
    }
  ],
  "schema_version": "1.6.0"
}