{
  "id": "ASB-A-208267659",
  "summary": "Security report - Local DoS triggered by 3P app in telephony",
  "details": "In sortSimPhoneAccountsForEmergency of CreateConnectionProcessor.java, there is a possible prevention of access to emergency calling due to an unhandled exception. In rare instances, this could lead to local denial of service with User execution privileges needed. User interaction is not needed for exploitation.",
  "aliases": [
    "CVE-2021-39659"
  ],
  "modified": "2024-05-14T14:40:15Z",
  "published": "2022-01-01T00:00:00Z",
  "references": [
    {
      "type": "ADVISORY",
      "url": "https://source.android.com/security/bulletin/2022-01-01"
    },
    {
      "type": "FIX",
      "url": "https://android.googlesource.com/platform/packages/services/Telecomm/+/f1cae30e2c9837d1587a3a732bcc9398bd1f9e63"
    }
  ],
  "affected": [
    {
      "package": {
        "name": "platform/packages/services/Telecomm",
        "ecosystem": "Android"
      },
      "ranges": [
        {
          "type": "ECOSYSTEM",
          "events": [
            {
              "introduced": "10:0"
            },
            {
              "fixed": "10:2022-01-01"
            },
            {
              "introduced": "11:0"
            },
            {
              "fixed": "11:2022-01-01"
            },
            {
              "introduced": "12:0"
            },
            {
              "fixed": "12:2022-01-01"
            }
          ]
        }
      ],
      "versions": [
        "10",
        "11",
        "12"
      ],
      "ecosystem_specific": {
        "fixes": [
          "https://android.googlesource.com/platform/packages/services/Telecomm/+/f1cae30e2c9837d1587a3a732bcc9398bd1f9e63"
        ],
        "spl": "2022-01-01",
        "types": [
          "DoS"
        ],
        "severity": "High"
      },
      "database_specific": {
        "source": "https://storage.googleapis.com/android-osv/ASB-A-208267659.json"
      }
    }
  ],
  "schema_version": "1.6.0"
}