{
  "id": "ASB-A-221384482",
  "summary": "Vulnerability: external/expat (size_t)",
  "details": "(from https://nvd.nist.gov/vuln/detail/CVE-2022-25314) In Expat (aka libexpat) before 2.4.5, there is an integer overflow in copyString.\n\nIn copyString of xmlparse.c, there is a possible memory corruption due to an integer overflow. This could lead to local escalation of privilege with no additional execution privileges needed. User interaction is not needed for exploitation.",
  "aliases": [
    "CVE-2022-25314"
  ],
  "modified": "2024-05-14T14:40:15Z",
  "published": "2022-09-01T00:00:00Z",
  "references": [
    {
      "type": "ADVISORY",
      "url": "https://source.android.com/security/bulletin/2022-09-01"
    },
    {
      "type": "FIX",
      "url": "https://android.googlesource.com/platform/external/expat/+/16ca7a9401c288814a087b7d5992683eb2d93605"
    }
  ],
  "affected": [
    {
      "package": {
        "name": "platform/external/expat",
        "ecosystem": "Android"
      },
      "ranges": [
        {
          "type": "ECOSYSTEM",
          "events": [
            {
              "introduced": "10:0"
            },
            {
              "fixed": "10:2022-09-01"
            },
            {
              "introduced": "11:0"
            },
            {
              "fixed": "11:2022-09-01"
            },
            {
              "introduced": "12:0"
            },
            {
              "fixed": "12:2022-09-01"
            },
            {
              "introduced": "12L:0"
            },
            {
              "fixed": "12L:2022-09-01"
            }
          ]
        }
      ],
      "versions": [
        "10",
        "11",
        "12",
        "12L"
      ],
      "ecosystem_specific": {
        "fixes": [
          "https://android.googlesource.com/platform/external/expat/+/16ca7a9401c288814a087b7d5992683eb2d93605"
        ],
        "spl": "2022-09-01",
        "types": [
          "EoP"
        ],
        "severity": "High"
      },
      "database_specific": {
        "source": "https://storage.googleapis.com/android-osv/ASB-A-221384482.json"
      }
    }
  ],
  "schema_version": "1.6.0"
}