{
  "id": "ASB-A-179338675",
  "summary": "Sync adapters can list user accounts by reading the permission notification",
  "details": "In createNoCredentialsPermissionNotification and related functions of AccountManagerService.java, there is a possible way to retrieve accounts from the device without permissions due to a permissions bypass. This could lead to local information disclosure with no additional execution privileges needed. User interaction is not needed for exploitation.",
  "aliases": [
    "CVE-2021-0704"
  ],
  "modified": "2024-05-14T14:40:15Z",
  "published": "2021-12-01T00:00:00Z",
  "references": [
    {
      "type": "ADVISORY",
      "url": "https://source.android.com/security/bulletin/2021-12-01"
    }
  ],
  "affected": [
    {
      "package": {
        "name": ":unknown:",
        "ecosystem": "Android"
      },
      "ranges": [
        {
          "type": "ECOSYSTEM",
          "events": [
            {
              "introduced": "9:0"
            },
            {
              "fixed": "9:2021-12-01"
            },
            {
              "introduced": "10:0"
            },
            {
              "fixed": "10:2021-12-01"
            },
            {
              "introduced": "11:0"
            },
            {
              "fixed": "11:2021-12-01"
            }
          ]
        }
      ],
      "versions": [
        "9",
        "10",
        "11"
      ],
      "ecosystem_specific": {
        "spl": "2021-12-01",
        "types": [
          "ID"
        ],
        "severity": "High"
      },
      "database_specific": {
        "source": "https://storage.googleapis.com/android-osv/ASB-A-179338675.json"
      }
    }
  ],
  "schema_version": "1.6.0"
}