{
  "id": "ASB-A-155094269",
  "summary": "All telephony code PendingIntent should use FLAG_IMMUTABLE to prevent security hole",
  "details": "In various places in Telephony, there is a possible permission bypass due to an unsafe PendingIntent. This could lead to local information disclosure with User execution privileges needed. User interaction is not needed for exploitation.",
  "aliases": [
    "CVE-2020-0396"
  ],
  "modified": "2024-05-14T14:40:15Z",
  "published": "2020-09-01T00:00:00Z",
  "references": [
    {
      "type": "ADVISORY",
      "url": "https://source.android.com/security/bulletin/2020-09-01"
    },
    {
      "type": "FIX",
      "url": "https://android.googlesource.com/platform/frameworks/opt/telephony/+/21e03356b28be08e2d5aeac15a446f820f95fb70"
    },
    {
      "type": "FIX",
      "url": "https://android.googlesource.com/platform/frameworks/opt/telephony/+/e18b8b2dbb553caf3f8f14f40f6b8f7da50b6eff"
    },
    {
      "type": "FIX",
      "url": "https://android.googlesource.com/platform/frameworks/opt/telephony/+/08ba90fdc20cb8a1c2e6d25d88bda00217191e76"
    },
    {
      "type": "FIX",
      "url": "https://android.googlesource.com/platform/frameworks/opt/telephony/+/89763569eacb10c4043d8937c948130b1f816e79"
    },
    {
      "type": "FIX",
      "url": "https://android.googlesource.com/platform/frameworks/opt/telephony/+/ed0820373c236b4ef779653b08ea056e7325b0ed"
    },
    {
      "type": "FIX",
      "url": "https://android.googlesource.com/platform/frameworks/opt/telephony/+/76decc9e24f07f82af8953c80d2873020a771658"
    },
    {
      "type": "FIX",
      "url": "https://android.googlesource.com/platform/frameworks/opt/telephony/+/1e6c7f615eb78811b8ba3136c6f4a052ca3b6cf0"
    },
    {
      "type": "FIX",
      "url": "https://android.googlesource.com/platform/frameworks/opt/telephony/+/0126084de146b51a842d7604cddb3303f46cade7"
    },
    {
      "type": "FIX",
      "url": "https://android.googlesource.com/platform/packages/apps/Settings/+/f3afef8419de2910b03c3670ca25e63ac3c08407"
    }
  ],
  "affected": [
    {
      "package": {
        "name": "platform/frameworks/opt/telephony",
        "ecosystem": "Android"
      },
      "ranges": [
        {
          "type": "ECOSYSTEM",
          "events": [
            {
              "introduced": "8.0:0"
            },
            {
              "fixed": "8.0:2020-09-01"
            },
            {
              "introduced": "8.1:0"
            },
            {
              "fixed": "8.1:2020-09-01"
            },
            {
              "introduced": "9:0"
            },
            {
              "fixed": "9:2020-09-01"
            },
            {
              "introduced": "10:0"
            },
            {
              "fixed": "10:2020-09-01"
            }
          ]
        }
      ],
      "versions": [
        "8.0",
        "8.1",
        "9",
        "10"
      ],
      "ecosystem_specific": {
        "fixes": [
          "https://android.googlesource.com/platform/frameworks/opt/telephony/+/21e03356b28be08e2d5aeac15a446f820f95fb70",
          "https://android.googlesource.com/platform/frameworks/opt/telephony/+/e18b8b2dbb553caf3f8f14f40f6b8f7da50b6eff",
          "https://android.googlesource.com/platform/frameworks/opt/telephony/+/08ba90fdc20cb8a1c2e6d25d88bda00217191e76",
          "https://android.googlesource.com/platform/frameworks/opt/telephony/+/89763569eacb10c4043d8937c948130b1f816e79",
          "https://android.googlesource.com/platform/frameworks/opt/telephony/+/ed0820373c236b4ef779653b08ea056e7325b0ed",
          "https://android.googlesource.com/platform/frameworks/opt/telephony/+/76decc9e24f07f82af8953c80d2873020a771658",
          "https://android.googlesource.com/platform/frameworks/opt/telephony/+/1e6c7f615eb78811b8ba3136c6f4a052ca3b6cf0",
          "https://android.googlesource.com/platform/frameworks/opt/telephony/+/0126084de146b51a842d7604cddb3303f46cade7"
        ],
        "spl": "2020-09-01",
        "types": [
          "ID"
        ],
        "severity": "Critical"
      },
      "database_specific": {
        "source": "https://storage.googleapis.com/android-osv/ASB-A-155094269.json"
      }
    },
    {
      "package": {
        "name": "platform/packages/apps/Settings",
        "ecosystem": "Android"
      },
      "ranges": [
        {
          "type": "ECOSYSTEM",
          "events": [
            {
              "introduced": "8.0:0"
            },
            {
              "fixed": "8.0:2020-09-01"
            },
            {
              "introduced": "8.1:0"
            },
            {
              "fixed": "8.1:2020-09-01"
            },
            {
              "introduced": "9:0"
            },
            {
              "fixed": "9:2020-09-01"
            },
            {
              "introduced": "10:0"
            },
            {
              "fixed": "10:2020-09-01"
            }
          ]
        }
      ],
      "versions": [
        "8.0",
        "8.1",
        "9",
        "10"
      ],
      "ecosystem_specific": {
        "fixes": [
          "https://android.googlesource.com/platform/packages/apps/Settings/+/f3afef8419de2910b03c3670ca25e63ac3c08407"
        ],
        "spl": "2020-09-01",
        "types": [
          "ID"
        ],
        "severity": "Critical"
      },
      "database_specific": {
        "source": "https://storage.googleapis.com/android-osv/ASB-A-155094269.json"
      }
    }
  ],
  "schema_version": "1.6.0"
}