{
  "id": "ASB-A-175124730",
  "summary": "UAF problem found in wificond",
  "details": "In main of main.cpp, there is a possible memory corruption due to a double free. This could lead to local escalation of privilege with User execution privileges needed. User interaction is not needed for exploitation.",
  "aliases": [
    "CVE-2021-0392"
  ],
  "modified": "2024-05-14T14:40:15Z",
  "published": "2021-03-01T00:00:00Z",
  "references": [
    {
      "type": "ADVISORY",
      "url": "https://source.android.com/security/bulletin/2021-03-01"
    },
    {
      "type": "FIX",
      "url": "https://android.googlesource.com/platform/system/connectivity/wificond/+/93eaaa88bd5820b27ad7c158981c5f8e635b79c2"
    }
  ],
  "affected": [
    {
      "package": {
        "name": "platform/system/connectivity/wificond",
        "ecosystem": "Android"
      },
      "ranges": [
        {
          "type": "ECOSYSTEM",
          "events": [
            {
              "introduced": "9:0"
            },
            {
              "fixed": "9:2021-03-01"
            },
            {
              "introduced": "10:0"
            },
            {
              "fixed": "10:2021-03-01"
            },
            {
              "introduced": "11:0"
            },
            {
              "fixed": "11:2021-03-01"
            }
          ]
        }
      ],
      "versions": [
        "9",
        "10",
        "11"
      ],
      "ecosystem_specific": {
        "fixes": [
          "https://android.googlesource.com/platform/system/connectivity/wificond/+/93eaaa88bd5820b27ad7c158981c5f8e635b79c2"
        ],
        "spl": "2021-03-01",
        "types": [
          "EoP"
        ],
        "severity": "High"
      },
      "database_specific": {
        "source": "https://storage.googleapis.com/android-osv/ASB-A-175124730.json"
      }
    }
  ],
  "schema_version": "1.6.0"
}