{
  "id": "ASB-A-151643722",
  "summary": "[Race condition problem found in android::NuPlayerDriver::reset() in mediaserver]",
  "details": "In reset of NuPlayerDriver.cpp, there is a possible use-after-free due to improper locking. This could lead to local escalation of privilege in the media server with no additional execution privileges needed. User interaction is not needed for exploitation.",
  "aliases": [
    "CVE-2020-0242"
  ],
  "modified": "2024-05-14T14:40:15Z",
  "published": "2020-08-01T00:00:00Z",
  "references": [
    {
      "type": "ADVISORY",
      "url": "https://source.android.com/security/bulletin/2020-08-01"
    },
    {
      "type": "FIX",
      "url": "https://android.googlesource.com/platform/frameworks/av/+/f191963f5645f59390b640136fd928e5a492aa84"
    }
  ],
  "affected": [
    {
      "package": {
        "name": "platform/frameworks/av",
        "ecosystem": "Android"
      },
      "ranges": [
        {
          "type": "ECOSYSTEM",
          "events": [
            {
              "introduced": "8.0:0"
            },
            {
              "fixed": "8.0:2020-08-01"
            },
            {
              "introduced": "8.1:0"
            },
            {
              "fixed": "8.1:2020-08-01"
            },
            {
              "introduced": "9:0"
            },
            {
              "fixed": "9:2020-08-01"
            },
            {
              "introduced": "10:0"
            },
            {
              "fixed": "10:2020-08-01"
            }
          ]
        }
      ],
      "versions": [
        "8.0",
        "8.1",
        "9",
        "10"
      ],
      "ecosystem_specific": {
        "fixes": [
          "https://android.googlesource.com/platform/frameworks/av/+/f191963f5645f59390b640136fd928e5a492aa84"
        ],
        "spl": "2020-08-01",
        "types": [
          "EoP"
        ],
        "severity": "High"
      },
      "database_specific": {
        "source": "https://storage.googleapis.com/android-osv/ASB-A-151643722.json"
      }
    }
  ],
  "schema_version": "1.6.0"
}