{
  "id": "ASB-A-218341397",
  "summary": "Contact CallSubjectDialog could be used to trick user into running dangerous USSD code",
  "details": "In readArguments of CallSubjectDialog.java, there is a possible way to trick the user to call the wrong phone number due to improper input validation. This could lead to local escalation of privilege with no additional execution privileges needed. User interaction is not needed for exploitation.",
  "aliases": [
    "CVE-2022-20134"
  ],
  "modified": "2024-05-14T14:40:15Z",
  "published": "2022-06-01T00:00:00Z",
  "references": [
    {
      "type": "ADVISORY",
      "url": "https://source.android.com/security/bulletin/2022-06-01"
    },
    {
      "type": "FIX",
      "url": "https://android.googlesource.com/platform/packages/apps/Contacts/+/af44f5ac3f3fb660c6646d62c6da9b988d767b36"
    },
    {
      "type": "FIX",
      "url": "https://android.googlesource.com/platform/packages/apps/Dialer/+/380a088b2d03f239e37b23c051beadd7d0280dbf"
    }
  ],
  "affected": [
    {
      "package": {
        "name": "platform/packages/apps/Dialer",
        "ecosystem": "Android"
      },
      "ranges": [
        {
          "type": "ECOSYSTEM",
          "events": [
            {
              "introduced": "10:0"
            },
            {
              "fixed": "10:2022-06-01"
            },
            {
              "introduced": "11:0"
            },
            {
              "fixed": "11:2022-06-01"
            },
            {
              "introduced": "12:0"
            },
            {
              "fixed": "12:2022-06-01"
            },
            {
              "introduced": "12L:0"
            },
            {
              "fixed": "12L:2022-06-01"
            }
          ]
        }
      ],
      "versions": [
        "10",
        "11",
        "12",
        "12L"
      ],
      "ecosystem_specific": {
        "fixes": [
          "https://android.googlesource.com/platform/packages/apps/Dialer/+/d96b98bbb21118356726588d0ff3707246369fdb"
        ],
        "spl": "2022-06-01",
        "types": [
          "EoP"
        ],
        "severity": "High"
      },
      "database_specific": {
        "source": "https://storage.googleapis.com/android-osv/ASB-A-218341397.json"
      }
    }
  ],
  "schema_version": "1.6.0"
}