{
  "id": "ASB-A-222446076",
  "summary": "[Unexpected] Setup flow goes to LS after SIM card was inserted",
  "details": "In showNextSecurityScreenOrFinish of KeyguardSecurityContainerController.java, there is a possible way to access the lock screen during device setup due to a logic error in the code. This could lead to local escalation of privilege with no additional execution privileges needed. User interaction is not needed for exploitation.",
  "aliases": [
    "CVE-2023-21245"
  ],
  "modified": "2024-05-14T14:40:20Z",
  "published": "2024-01-01T00:00:00Z",
  "references": [
    {
      "type": "ADVISORY",
      "url": "https://source.android.com/security/bulletin/2024-01-01"
    },
    {
      "type": "FIX",
      "url": "https://android.googlesource.com/platform/frameworks/base/+/a33159e8cb297b9eee6fa5c63c0e343d05fad622"
    },
    {
      "type": "FIX",
      "url": "https://android.googlesource.com/platform/frameworks/base/+/d42f8d774901e8bcdf2c83b61b01fad79ce2f69f"
    }
  ],
  "affected": [
    {
      "package": {
        "name": "platform/frameworks/base",
        "ecosystem": "Android"
      },
      "ranges": [
        {
          "type": "ECOSYSTEM",
          "events": [
            {
              "introduced": "11:0"
            },
            {
              "fixed": "11:2024-01-01"
            },
            {
              "introduced": "12:0"
            },
            {
              "fixed": "12:2024-01-01"
            },
            {
              "introduced": "12L:0"
            },
            {
              "fixed": "12L:2024-01-01"
            },
            {
              "introduced": "13:0"
            },
            {
              "fixed": "13:2024-01-01"
            },
            {
              "introduced": "14:0"
            },
            {
              "fixed": "14:2024-01-01"
            }
          ]
        }
      ],
      "versions": [
        "11",
        "12",
        "12L",
        "13",
        "14"
      ],
      "ecosystem_specific": {
        "fixes": [
          "https://android.googlesource.com/platform/frameworks/base/+/65ea56f54c059584eb27ec53d486dba8161316ab",
          "https://android.googlesource.com/platform/frameworks/base/+/448f1b18a78391d4d572ce3e03f882deb33fa845"
        ],
        "spl": "2024-01-01",
        "types": [
          "EoP"
        ],
        "severity": "High"
      },
      "database_specific": {
        "source": "https://storage.googleapis.com/android-osv/ASB-A-222446076.json"
      }
    }
  ],
  "schema_version": "1.6.0"
}