{
  "id": "ASB-A-153715664",
  "summary": "Android Vomit Report",
  "details": "In input_default_setkeycode of input.c, there is a possible out of bounds write due to improper input validation. This could lead to local escalation of privilege in the kernel with no additional execution privileges needed. User interaction is not needed for exploitation.",
  "aliases": [
    "CVE-2019-20636"
  ],
  "modified": "2024-05-14T14:40:15Z",
  "published": "2020-07-01T00:00:00Z",
  "references": [
    {
      "type": "ADVISORY",
      "url": "https://source.android.com/security/bulletin/2020-07-01"
    },
    {
      "type": "FIX",
      "url": "https://android.googlesource.com/kernel/common/+/cb222aed03d798fc074be55e59d9a112338ee784"
    }
  ],
  "affected": [
    {
      "package": {
        "name": ":linux_kernel:",
        "ecosystem": "Android"
      },
      "ranges": [
        {
          "type": "ECOSYSTEM",
          "events": [
            {
              "introduced": ":0"
            },
            {
              "fixed": ":2020-07-05"
            }
          ]
        }
      ],
      "versions": [
        "Kernel"
      ],
      "ecosystem_specific": {
        "fixes": [
          "https://android.googlesource.com/kernel/common/+/cb222aed03d798fc074be55e59d9a112338ee784"
        ],
        "spl": "2020-07-05",
        "types": [
          "EoP"
        ],
        "severity": "High"
      },
      "database_specific": {
        "source": "https://storage.googleapis.com/android-osv/ASB-A-153715664.json"
      }
    }
  ],
  "schema_version": "1.6.0"
}