{
  "id": "ASB-A-168041375",
  "summary": "Heap overflow due to integer overflow in libpac-chromium bundled v8",
  "details": "In Scanner::LiteralBuffer::NewCapacity of scanner.cc, there is a possible out of bounds write due to an integer overflow. This could lead to remote code execution if an attacker can supply a malicious PAC file, with no additional execution privileges needed. User interaction is not needed for exploitation.",
  "aliases": [
    "CVE-2021-0393"
  ],
  "modified": "2024-05-14T14:40:15Z",
  "published": "2021-03-01T00:00:00Z",
  "references": [
    {
      "type": "ADVISORY",
      "url": "https://source.android.com/security/bulletin/2021-03-01"
    },
    {
      "type": "FIX",
      "url": "https://android.googlesource.com/platform/external/v8/+/a91d71434065cde21f480f5d92432b9a4f2f3521"
    }
  ],
  "affected": [
    {
      "package": {
        "name": "platform/external/v8",
        "ecosystem": "Android"
      },
      "ranges": [
        {
          "type": "ECOSYSTEM",
          "events": [
            {
              "introduced": "8.1:0"
            },
            {
              "fixed": "8.1:2021-03-01"
            },
            {
              "introduced": "9:0"
            },
            {
              "fixed": "9:2021-03-01"
            },
            {
              "introduced": "10:0"
            },
            {
              "fixed": "10:2021-03-01"
            },
            {
              "introduced": "11:0"
            },
            {
              "fixed": "11:2021-03-01"
            }
          ]
        }
      ],
      "versions": [
        "8.1",
        "9",
        "10",
        "11"
      ],
      "ecosystem_specific": {
        "fixes": [
          "https://android.googlesource.com/platform/external/v8/+/a91d71434065cde21f480f5d92432b9a4f2f3521"
        ],
        "spl": "2021-03-01",
        "types": [
          "RCE"
        ],
        "severity": "High"
      },
      "database_specific": {
        "source": "https://storage.googleapis.com/android-osv/ASB-A-168041375.json"
      }
    }
  ],
  "schema_version": "1.6.0"
}