{
  "id": "ASB-A-170968514",
  "summary": "Dangerous Unicode text handling flaw",
  "details": "In isWordBreakAfter of LayoutUtils.cpp, there is a possible way to slow or crash a TextView due to improper input validation. This could lead to remote denial of service with no additional execution privileges needed. User interaction is not needed for exploitation.",
  "aliases": [
    "CVE-2021-0313"
  ],
  "modified": "2024-05-14T14:40:15Z",
  "published": "2021-01-01T00:00:00Z",
  "references": [
    {
      "type": "ADVISORY",
      "url": "https://source.android.com/security/bulletin/2021-01-01"
    },
    {
      "type": "FIX",
      "url": "https://android.googlesource.com/platform/frameworks/minikin/+/ffb33bcf2520208166cb29f47c60add9c0e37349"
    }
  ],
  "affected": [
    {
      "package": {
        "name": "platform/frameworks/minikin",
        "ecosystem": "Android"
      },
      "ranges": [
        {
          "type": "ECOSYSTEM",
          "events": [
            {
              "introduced": "8.0:0"
            },
            {
              "fixed": "8.0:2021-01-01"
            },
            {
              "introduced": "8.1:0"
            },
            {
              "fixed": "8.1:2021-01-01"
            },
            {
              "introduced": "9:0"
            },
            {
              "fixed": "9:2021-01-01"
            },
            {
              "introduced": "10:0"
            },
            {
              "fixed": "10:2021-01-01"
            },
            {
              "introduced": "11:0"
            },
            {
              "fixed": "11:2021-01-01"
            }
          ]
        }
      ],
      "versions": [
        "8.0",
        "8.1",
        "9",
        "10",
        "11"
      ],
      "ecosystem_specific": {
        "fixes": [
          "https://android.googlesource.com/platform/frameworks/minikin/+/ffb33bcf2520208166cb29f47c60add9c0e37349"
        ],
        "spl": "2021-01-01",
        "types": [
          "DoS"
        ],
        "severity": "Critical"
      },
      "database_specific": {
        "source": "https://storage.googleapis.com/android-osv/ASB-A-170968514.json"
      }
    }
  ],
  "schema_version": "1.6.0"
}