{
  "id": "ASB-A-191444150",
  "summary": "nfc_rw_fuzzer: Tag-mismatch in rw_t4t_data_cback",
  "details": "In rw_t4t_sm_detect_ndef of rw_t4t.cc, there is a possible out of bounds read due to an incorrect bounds check. This could lead to remote information disclosure due to a limited change in behavior based on the out of bounds data with no additional execution privileges needed. User interaction is not needed for exploitation.",
  "aliases": [
    "CVE-2021-0925"
  ],
  "modified": "2024-05-14T14:40:15Z",
  "published": "2021-11-01T00:00:00Z",
  "references": [
    {
      "type": "ADVISORY",
      "url": "https://source.android.com/security/bulletin/2021-11-01"
    },
    {
      "type": "FIX",
      "url": "https://android.googlesource.com/platform/system/nfc/+/5dc0d849340ee15f08687feb4b307190bf5fb3a0"
    }
  ],
  "affected": [
    {
      "package": {
        "name": "platform/system/nfc",
        "ecosystem": "Android"
      },
      "ranges": [
        {
          "type": "ECOSYSTEM",
          "events": [
            {
              "introduced": "12:0"
            },
            {
              "fixed": "12:2021-11-01"
            }
          ]
        }
      ],
      "versions": [
        "12"
      ],
      "ecosystem_specific": {
        "fixes": [
          "https://android.googlesource.com/platform/system/nfc/+/5dc0d849340ee15f08687feb4b307190bf5fb3a0"
        ],
        "spl": "2021-11-01",
        "types": [
          "ID"
        ],
        "severity": "High"
      },
      "database_specific": {
        "source": "https://storage.googleapis.com/android-osv/ASB-A-191444150.json"
      }
    }
  ],
  "schema_version": "1.6.0"
}