{
  "id": "ASB-A-174738029",
  "summary": "Android Vomit Report",
  "details": "In __split_huge_pmd of huge_memory.c, there is a possible incorrectly mapped page due to a race condition. This could lead to local escalation of privilege with no additional execution privileges needed. User interaction is not needed for exploitation.",
  "aliases": [
    "CVE-2020-29368"
  ],
  "modified": "2024-05-14T14:40:15Z",
  "published": "2022-03-01T00:00:00Z",
  "references": [
    {
      "type": "ADVISORY",
      "url": "https://source.android.com/security/bulletin/2022-03-01"
    },
    {
      "type": "FIX",
      "url": "https://android.googlesource.com/kernel/common/+/c444eb564fb16645c172d550359cb3d75fe8a040"
    }
  ],
  "affected": [
    {
      "package": {
        "name": ":linux_kernel:",
        "ecosystem": "Android"
      },
      "ranges": [
        {
          "type": "ECOSYSTEM",
          "events": [
            {
              "introduced": ":0"
            },
            {
              "fixed": ":2022-03-05"
            }
          ]
        }
      ],
      "versions": [
        "Kernel"
      ],
      "ecosystem_specific": {
        "fixes": [
          "https://android.googlesource.com/kernel/common/+/c444eb564fb16645c172d550359cb3d75fe8a040"
        ],
        "spl": "2022-03-05",
        "types": [
          "EoP"
        ],
        "severity": "High"
      },
      "database_specific": {
        "source": "https://storage.googleapis.com/android-osv/ASB-A-174738029.json"
      }
    }
  ],
  "schema_version": "1.6.0"
}