{
  "id": "ASB-A-181962311",
  "summary": "Bypass the user interaction requirement of ACTION_PICK_ACTIVITY in Settings app",
  "details": "In ActivityPicker.java, there is a possible bypass of user interaction in intent resolution due to a tapjacking/overlay attack. This could lead to local escalation of privilege with User execution privileges needed. User interaction is needed for exploitation.",
  "aliases": [
    "CVE-2021-0506"
  ],
  "modified": "2024-05-14T14:40:15Z",
  "published": "2021-06-01T00:00:00Z",
  "references": [
    {
      "type": "ADVISORY",
      "url": "https://source.android.com/security/bulletin/2021-06-01"
    },
    {
      "type": "FIX",
      "url": "https://android.googlesource.com/platform/packages/apps/Settings/+/ceb2e28da4f29954fbf6b6c2f10678458ef4a288"
    }
  ],
  "affected": [
    {
      "package": {
        "name": "platform/packages/apps/Settings",
        "ecosystem": "Android"
      },
      "ranges": [
        {
          "type": "ECOSYSTEM",
          "events": [
            {
              "introduced": "8.1:0"
            },
            {
              "fixed": "8.1:2021-06-01"
            },
            {
              "introduced": "9:0"
            },
            {
              "fixed": "9:2021-06-01"
            },
            {
              "introduced": "10:0"
            },
            {
              "fixed": "10:2021-06-01"
            },
            {
              "introduced": "11:0"
            },
            {
              "fixed": "11:2021-06-01"
            }
          ]
        }
      ],
      "versions": [
        "8.1",
        "9",
        "10",
        "11"
      ],
      "ecosystem_specific": {
        "fixes": [
          "https://android.googlesource.com/platform/packages/apps/Settings/+/ceb2e28da4f29954fbf6b6c2f10678458ef4a288"
        ],
        "spl": "2021-06-01",
        "types": [
          "EoP"
        ],
        "severity": "High"
      },
      "database_specific": {
        "source": "https://storage.googleapis.com/android-osv/ASB-A-181962311.json"
      }
    }
  ],
  "schema_version": "1.6.0"
}