{
  "id": "ASB-A-123700107",
  "summary": "Improper Intent.migrateExtraStreamToClipData() leads for granting permissions to grantUri marked providers without approval to thirdparty",
  "details": "In checkKeyIntent of AccountManagerService.java, there is a possible permission bypass. This could lead to local information disclosure with User execution privileges needed. User interaction is needed for exploitation.",
  "aliases": [
    "CVE-2020-0338"
  ],
  "modified": "2024-05-14T14:40:15Z",
  "published": "2022-01-01T00:00:00Z",
  "references": [
    {
      "type": "ADVISORY",
      "url": "https://source.android.com/security/bulletin/2022-01-01"
    },
    {
      "type": "FIX",
      "url": "https://android.googlesource.com/platform/frameworks/base/+/6ebf410b818c6a525130d5fcb72381217fec8e7a"
    }
  ],
  "affected": [
    {
      "package": {
        "name": "platform/frameworks/base",
        "ecosystem": "Android"
      },
      "ranges": [
        {
          "type": "ECOSYSTEM",
          "events": [
            {
              "introduced": "9:0"
            },
            {
              "fixed": "9:2022-01-01"
            },
            {
              "introduced": "10:0"
            },
            {
              "fixed": "10:2022-01-01"
            }
          ]
        }
      ],
      "versions": [
        "9",
        "10"
      ],
      "ecosystem_specific": {
        "fixes": [
          "https://android.googlesource.com/platform/frameworks/base/+/6ebf410b818c6a525130d5fcb72381217fec8e7a"
        ],
        "spl": "2022-01-01",
        "types": [
          "ID"
        ],
        "severity": "High"
      },
      "database_specific": {
        "source": "https://storage.googleapis.com/android-osv/ASB-A-123700107.json"
      }
    }
  ],
  "schema_version": "1.6.0"
}