{
  "id": "ASB-A-187957589",
  "summary": "ZDI-CAN-13834: OOB write in AOSP statsd module",
  "details": "In noteAtomLogged of StatsdStats.cpp, there is a possible out of bounds write due to a missing bounds check. This could lead to local escalation of privilege with no additional execution privileges needed. User interaction is not needed for exploitation.",
  "aliases": [
    "CVE-2021-0640"
  ],
  "modified": "2024-05-14T14:40:15Z",
  "published": "2021-08-01T00:00:00Z",
  "references": [
    {
      "type": "ADVISORY",
      "url": "https://source.android.com/security/bulletin/2021-08-01"
    },
    {
      "type": "FIX",
      "url": "https://android.googlesource.com/platform/frameworks/base/+/fbe5177bd5d704dabf434458649fd93a07d8d654"
    }
  ],
  "affected": [
    {
      "package": {
        "name": "platform/frameworks/base",
        "ecosystem": "Android"
      },
      "ranges": [
        {
          "type": "ECOSYSTEM",
          "events": [
            {
              "introduced": "9:0"
            },
            {
              "fixed": "9:2021-08-01"
            },
            {
              "introduced": "10:0"
            },
            {
              "fixed": "10:2021-08-01"
            },
            {
              "introduced": "11:0"
            },
            {
              "fixed": "11:2021-08-01"
            }
          ]
        }
      ],
      "versions": [
        "9",
        "10",
        "11"
      ],
      "ecosystem_specific": {
        "fixes": [
          "https://android.googlesource.com/platform/frameworks/base/+/fbe5177bd5d704dabf434458649fd93a07d8d654"
        ],
        "spl": "2021-08-01",
        "types": [
          "EoP"
        ],
        "severity": "High"
      },
      "database_specific": {
        "source": "https://storage.googleapis.com/android-osv/ASB-A-187957589.json"
      }
    }
  ],
  "schema_version": "1.6.0"
}