{
  "id": "ASB-A-111893654",
  "summary": "syzkaller \u203a usb/media/uvc: warning in uvc_scan_chain_forward/__list_add",
  "details": "In uvc_scan_chain_forward of uvc_driver.c, there is a possible linked list corruption due to an unusual root cause. This could lead to local escalation of privilege in the kernel with no additional execution privileges needed. User interaction is not needed for exploitation.",
  "aliases": [
    "CVE-2020-0404"
  ],
  "modified": "2024-05-14T14:40:15Z",
  "published": "2020-09-01T00:00:00Z",
  "references": [
    {
      "type": "ADVISORY",
      "url": "https://source.android.com/security/bulletin/2020-09-01"
    },
    {
      "type": "FIX",
      "url": "https://android.googlesource.com/kernel/common/+/68035c80e129"
    }
  ],
  "affected": [
    {
      "package": {
        "name": ":linux_kernel:",
        "ecosystem": "Android"
      },
      "ranges": [
        {
          "type": "ECOSYSTEM",
          "events": [
            {
              "introduced": ":0"
            },
            {
              "fixed": ":2020-09-05"
            }
          ]
        }
      ],
      "versions": [
        "Kernel"
      ],
      "ecosystem_specific": {
        "fixes": [
          "https://android.googlesource.com/kernel/common/+/68035c80e129"
        ],
        "spl": "2020-09-05",
        "types": [
          "EoP"
        ],
        "severity": "High"
      },
      "database_specific": {
        "source": "https://storage.googleapis.com/android-osv/ASB-A-111893654.json"
      }
    }
  ],
  "schema_version": "1.6.0"
}