{
  "id": "ASB-A-178055795",
  "summary": "dex from dex metadata files may override app bytecode.",
  "details": "In Dex2oat of dex2oat.cc, there is a possible way to inject bytecode into an app due to improper input validation. This could lead to local escalation of privilege with no additional execution privileges needed. User interaction is not needed for exploitation.",
  "aliases": [
    "CVE-2021-0511"
  ],
  "modified": "2024-05-14T14:40:15Z",
  "published": "2021-06-01T00:00:00Z",
  "references": [
    {
      "type": "ADVISORY",
      "url": "https://source.android.com/security/bulletin/2021-06-01"
    },
    {
      "type": "FIX",
      "url": "https://android.googlesource.com/platform/art/+/7c7cae75a80eece7cf009ea12da644ea7c893c1d"
    },
    {
      "type": "FIX",
      "url": "https://android.googlesource.com/platform/art/+/2c4ee9b7ff3a8ce17ba4e0cfd841eb2027d51619"
    },
    {
      "type": "FIX",
      "url": "https://android.googlesource.com/platform/art/+/c802c3713270b363240dc48409a66c5c35601281"
    }
  ],
  "affected": [
    {
      "package": {
        "name": "platform/art",
        "ecosystem": "Android"
      },
      "ranges": [
        {
          "type": "ECOSYSTEM",
          "events": [
            {
              "introduced": "9:0"
            },
            {
              "fixed": "9:2021-06-01"
            },
            {
              "introduced": "10:0"
            },
            {
              "fixed": "10:2021-06-01"
            },
            {
              "introduced": "11:0"
            },
            {
              "fixed": "11:2021-06-01"
            }
          ]
        }
      ],
      "versions": [
        "9",
        "10",
        "11"
      ],
      "ecosystem_specific": {
        "fixes": [
          "https://android.googlesource.com/platform/art/+/7c7cae75a80eece7cf009ea12da644ea7c893c1d",
          "https://android.googlesource.com/platform/art/+/2c4ee9b7ff3a8ce17ba4e0cfd841eb2027d51619",
          "https://android.googlesource.com/platform/art/+/c802c3713270b363240dc48409a66c5c35601281"
        ],
        "spl": "2021-06-01",
        "types": [
          "EoP"
        ],
        "severity": "High"
      },
      "database_specific": {
        "source": "https://storage.googleapis.com/android-osv/ASB-A-178055795.json"
      }
    }
  ],
  "schema_version": "1.6.0"
}