{
  "id": "ASB-A-169505929",
  "summary": "Android Vomit Report",
  "details": "In ib_prctl_set of bugs.c, there is a possible way to re-enable indirect branch speculation due to a permissions bypass. This could lead to local information disclosure via a Spectre v2 attack with no additional execution privileges needed. User interaction is not needed for exploitation.",
  "aliases": [
    "CVE-2020-10768"
  ],
  "modified": "2024-05-14T14:40:15Z",
  "published": "2021-10-01T00:00:00Z",
  "references": [
    {
      "type": "ADVISORY",
      "url": "https://source.android.com/security/bulletin/2021-10-01"
    },
    {
      "type": "FIX",
      "url": "https://android.googlesource.com/kernel/common/+/4d8df8cbb9156b0a0ab3f802b80cb5db57acc0bf"
    }
  ],
  "affected": [
    {
      "package": {
        "name": ":linux_kernel:",
        "ecosystem": "Android"
      },
      "ranges": [
        {
          "type": "ECOSYSTEM",
          "events": [
            {
              "introduced": ":0"
            },
            {
              "fixed": ":2021-10-05"
            }
          ]
        }
      ],
      "versions": [
        "Kernel"
      ],
      "ecosystem_specific": {
        "fixes": [
          "https://android.googlesource.com/kernel/common/+/4d8df8cbb9156b0a0ab3f802b80cb5db57acc0bf"
        ],
        "spl": "2021-10-05",
        "types": [
          "ID"
        ],
        "severity": "High"
      },
      "database_specific": {
        "source": "https://storage.googleapis.com/android-osv/ASB-A-169505929.json"
      }
    }
  ],
  "schema_version": "1.6.0"
}