{
  "id": "ASB-A-163413737",
  "summary": "VPN Settings Dialog Doesn't Open Certificate File Picker",
  "details": "In createNameCredentialDialog of CertInstaller.java, there exists the possibility of improperly installed certificates due to a logic error. This could lead to remote information disclosure with no additional execution privileges needed. User interaction is not needed for exploitation.",
  "aliases": [
    "CVE-2020-0460"
  ],
  "modified": "2024-05-14T14:40:15Z",
  "published": "2020-12-01T00:00:00Z",
  "references": [
    {
      "type": "ADVISORY",
      "url": "https://source.android.com/security/bulletin/2020-12-01"
    },
    {
      "type": "FIX",
      "url": "https://android.googlesource.com/platform/packages/apps/KeyChain/+/ed1888ebc3888399ec5144491e43bf7d871028e5"
    }
  ],
  "affected": [
    {
      "package": {
        "name": "platform/packages/apps/KeyChain",
        "ecosystem": "Android"
      },
      "ranges": [
        {
          "type": "ECOSYSTEM",
          "events": [
            {
              "introduced": "11:0"
            },
            {
              "fixed": "11:2020-12-01"
            }
          ]
        }
      ],
      "versions": [
        "11"
      ],
      "ecosystem_specific": {
        "fixes": [
          "https://android.googlesource.com/platform/packages/apps/KeyChain/+/ed1888ebc3888399ec5144491e43bf7d871028e5"
        ],
        "spl": "2020-12-01",
        "types": [
          "ID"
        ],
        "severity": "High"
      },
      "database_specific": {
        "source": "https://storage.googleapis.com/android-osv/ASB-A-163413737.json"
      }
    }
  ],
  "schema_version": "1.6.0"
}