{
  "id": "ASB-A-170315126",
  "summary": "[UAF problem found in /system/bin/init] - HWASAN READ",
  "details": "In StopServicesAndLogViolations of reboot.cpp, there is possible memory corruption due to a use after free. This could lead to local escalation of privilege with no additional execution privileges needed. User interaction is not needed for exploitation.",
  "aliases": [
    "CVE-2021-0395"
  ],
  "modified": "2024-05-14T14:40:15Z",
  "published": "2021-03-01T00:00:00Z",
  "references": [
    {
      "type": "ADVISORY",
      "url": "https://source.android.com/security/bulletin/2021-03-01"
    },
    {
      "type": "FIX",
      "url": "https://android.googlesource.com/platform/system/core/+/71bd926bf0cbd8d823507f341cef9b71812afa66"
    }
  ],
  "affected": [
    {
      "package": {
        "name": "platform/system/core",
        "ecosystem": "Android"
      },
      "ranges": [
        {
          "type": "ECOSYSTEM",
          "events": [
            {
              "introduced": "11:0"
            },
            {
              "fixed": "11:2021-03-01"
            }
          ]
        }
      ],
      "versions": [
        "11"
      ],
      "ecosystem_specific": {
        "fixes": [
          "https://android.googlesource.com/platform/system/core/+/71bd926bf0cbd8d823507f341cef9b71812afa66"
        ],
        "spl": "2021-03-01",
        "types": [
          "EoP"
        ],
        "severity": "High"
      },
      "database_specific": {
        "source": "https://storage.googleapis.com/android-osv/ASB-A-170315126.json"
      }
    }
  ],
  "schema_version": "1.6.0"
}