{
  "id": "ASB-A-216481035",
  "summary": "Linux Kernel SD MMC Memory Exposure",
  "details": "In mmc_blk_read_single of block.c, there is a possible way to read kernel heap memory due to uninitialized data. This could lead to local information disclosure if reading from an SD card that triggers errors, with no additional execution privileges needed. User interaction is not needed for exploitation.",
  "aliases": [
    "CVE-2022-20008"
  ],
  "modified": "2024-05-14T14:40:15Z",
  "published": "2022-05-01T00:00:00Z",
  "references": [
    {
      "type": "ADVISORY",
      "url": "https://source.android.com/security/bulletin/2022-05-01"
    },
    {
      "type": "FIX",
      "url": "https://android.googlesource.com/kernel/common/+/2aea7dc18f4249dc53e53598db50b59c26a60aeb"
    },
    {
      "type": "FIX",
      "url": "https://android.googlesource.com/kernel/common/+/8a3679a75730c1babde6bf63e35d227f3305bd90"
    },
    {
      "type": "FIX",
      "url": "https://android.googlesource.com/kernel/common/+/8f66dc1a78a743ea3c3f039500d2aa0cddd776d5"
    }
  ],
  "affected": [
    {
      "package": {
        "name": ":linux_kernel:",
        "ecosystem": "Android"
      },
      "ranges": [
        {
          "type": "ECOSYSTEM",
          "events": [
            {
              "introduced": ":0"
            },
            {
              "fixed": ":2022-05-05"
            }
          ]
        }
      ],
      "versions": [
        "Kernel"
      ],
      "ecosystem_specific": {
        "fixes": [
          "https://android.googlesource.com/kernel/common/+/2aea7dc18f4249dc53e53598db50b59c26a60aeb",
          "https://android.googlesource.com/kernel/common/+/8a3679a75730c1babde6bf63e35d227f3305bd90",
          "https://android.googlesource.com/kernel/common/+/8f66dc1a78a743ea3c3f039500d2aa0cddd776d5"
        ],
        "spl": "2022-05-05",
        "types": [
          "ID"
        ],
        "severity": "High"
      },
      "database_specific": {
        "source": "https://storage.googleapis.com/android-osv/ASB-A-216481035.json"
      }
    }
  ],
  "schema_version": "1.6.0"
}