{
  "id": "ASB-A-142641801",
  "summary": "Crafted AAC File Causes A wild-addr-write in AACExtractor - ASAN WRITE",
  "details": "In ~AACExtractor() of AACExtractor.cpp, there is a possible out of bounds write due to uninitialized data. This could lead to remote information disclosure with no additional execution privileges needed. User interaction is needed for exploitation.",
  "aliases": [
    "CVE-2020-0411"
  ],
  "modified": "2024-05-14T14:40:15Z",
  "published": "2020-10-01T00:00:00Z",
  "references": [
    {
      "type": "ADVISORY",
      "url": "https://source.android.com/security/bulletin/2020-10-01"
    },
    {
      "type": "FIX",
      "url": "https://android.googlesource.com/platform/frameworks/av/+/7c67c79fff14cf28a19fda1bfb532804759f85fe"
    }
  ],
  "affected": [
    {
      "package": {
        "name": "platform/frameworks/av",
        "ecosystem": "Android"
      },
      "ranges": [
        {
          "type": "ECOSYSTEM",
          "events": [
            {
              "introduced": "10:0"
            },
            {
              "fixed": "10:2020-10-01"
            }
          ]
        }
      ],
      "versions": [
        "10"
      ],
      "ecosystem_specific": {
        "fixes": [
          "https://android.googlesource.com/platform/frameworks/av/+/7c67c79fff14cf28a19fda1bfb532804759f85fe"
        ],
        "spl": "2020-10-01",
        "types": [
          "ID"
        ],
        "severity": "High"
      },
      "database_specific": {
        "source": "https://storage.googleapis.com/android-osv/ASB-A-142641801.json"
      }
    }
  ],
  "schema_version": "1.6.0"
}