{
  "id": "ASB-A-153358911",
  "summary": "[UAF problem found in audioserver when calling AAudioService::closeStream() and AAudioService::startStream() simultaneously] - ASAN READ",
  "details": "In multiple methods of AAudioService, there is a possible use-after-free due to a race condition. This could lead to local escalation of privilege with User execution privileges needed. User interaction is not needed for exploitation.",
  "aliases": [
    "CVE-2021-0483"
  ],
  "modified": "2024-05-14T14:40:15Z",
  "published": "2021-10-01T00:00:00Z",
  "references": [
    {
      "type": "ADVISORY",
      "url": "https://source.android.com/security/bulletin/2021-10-01"
    },
    {
      "type": "FIX",
      "url": "https://android.googlesource.com/platform/frameworks/av/+/084077feb6b8c961adcbe77b2bd76601ca54e534"
    },
    {
      "type": "FIX",
      "url": "https://android.googlesource.com/platform/frameworks/av/+/cc2165840d524bb9553f9d73d1904633d20100a2"
    }
  ],
  "affected": [
    {
      "package": {
        "name": "platform/frameworks/av",
        "ecosystem": "Android"
      },
      "ranges": [
        {
          "type": "ECOSYSTEM",
          "events": [
            {
              "introduced": "10:0"
            },
            {
              "fixed": "10:2021-10-01"
            },
            {
              "introduced": "11:0"
            },
            {
              "fixed": "11:2021-10-01"
            }
          ]
        }
      ],
      "versions": [
        "10",
        "11"
      ],
      "ecosystem_specific": {
        "fixes": [
          "https://android.googlesource.com/platform/frameworks/av/+/084077feb6b8c961adcbe77b2bd76601ca54e534",
          "https://android.googlesource.com/platform/frameworks/av/+/cc2165840d524bb9553f9d73d1904633d20100a2"
        ],
        "spl": "2021-10-01",
        "types": [
          "EoP"
        ],
        "severity": "High"
      },
      "database_specific": {
        "source": "https://storage.googleapis.com/android-osv/ASB-A-153358911.json"
      }
    }
  ],
  "schema_version": "1.6.0"
}