{
  "id": "ASB-A-147664838",
  "summary": "OOB read/write in pacprocessor caused by RegExpReplace tostring redefinition",
  "details": "In FastKeyAccumulator::GetKeysSlow of keys.cc, there is a possible out of bounds write due to type confusion. This could lead to remote code execution when processing a proxy configuration with no additional execution privileges needed. User interaction is not needed for exploitation.",
  "aliases": [
    "CVE-2020-0224"
  ],
  "modified": "2024-05-14T14:40:15Z",
  "published": "2020-07-01T00:00:00Z",
  "references": [
    {
      "type": "ADVISORY",
      "url": "https://source.android.com/security/bulletin/2020-07-01"
    },
    {
      "type": "FIX",
      "url": "https://android.googlesource.com/platform/external/chromium-libpac/+/59645d5417eaf1f79edfc2b800c94638965f4e38"
    },
    {
      "type": "FIX",
      "url": "https://android.googlesource.com/platform/external/v8/+/0815eb32f379006135b36c574d7a283dfb3620f6"
    }
  ],
  "affected": [
    {
      "package": {
        "name": "platform/external/chromium-libpac",
        "ecosystem": "Android"
      },
      "ranges": [
        {
          "type": "ECOSYSTEM",
          "events": [
            {
              "introduced": "8.0:0"
            },
            {
              "fixed": "8.0:2020-07-01"
            },
            {
              "introduced": "8.1:0"
            },
            {
              "fixed": "8.1:2020-07-01"
            },
            {
              "introduced": "9:0"
            },
            {
              "fixed": "9:2020-07-01"
            },
            {
              "introduced": "10:0"
            },
            {
              "fixed": "10:2020-07-01"
            }
          ]
        }
      ],
      "versions": [
        "8.0",
        "8.1",
        "9",
        "10"
      ],
      "ecosystem_specific": {
        "fixes": [
          "https://android.googlesource.com/platform/external/chromium-libpac/+/59645d5417eaf1f79edfc2b800c94638965f4e38"
        ],
        "spl": "2020-07-01",
        "types": [
          "RCE"
        ],
        "severity": "Critical"
      },
      "database_specific": {
        "source": "https://storage.googleapis.com/android-osv/ASB-A-147664838.json"
      }
    },
    {
      "package": {
        "name": "platform/external/v8",
        "ecosystem": "Android"
      },
      "ranges": [
        {
          "type": "ECOSYSTEM",
          "events": [
            {
              "introduced": "8.0:0"
            },
            {
              "fixed": "8.0:2020-07-01"
            },
            {
              "introduced": "8.1:0"
            },
            {
              "fixed": "8.1:2020-07-01"
            },
            {
              "introduced": "9:0"
            },
            {
              "fixed": "9:2020-07-01"
            },
            {
              "introduced": "10:0"
            },
            {
              "fixed": "10:2020-07-01"
            }
          ]
        }
      ],
      "versions": [
        "8.0",
        "8.1",
        "9",
        "10"
      ],
      "ecosystem_specific": {
        "fixes": [
          "https://android.googlesource.com/platform/external/v8/+/0815eb32f379006135b36c574d7a283dfb3620f6"
        ],
        "spl": "2020-07-01",
        "types": [
          "RCE"
        ],
        "severity": "Critical"
      },
      "database_specific": {
        "source": "https://storage.googleapis.com/android-osv/ASB-A-147664838.json"
      }
    }
  ],
  "schema_version": "1.6.0"
}