{
  "id": "ASB-A-154915372",
  "summary": "WallpaperManagerService provides an implicit mutable PendingIntent to 3Ps",
  "details": "In bindWallpaperComponentLocked of WallpaperManagerService.java, there is a possible permission bypass due to an unsafe PendingIntent. This could lead to local escalation of privilege with User execution privileges needed. User interaction is not needed for exploitation.",
  "aliases": [
    "CVE-2020-0294"
  ],
  "modified": "2024-05-14T14:40:15Z",
  "published": "2020-12-01T00:00:00Z",
  "references": [
    {
      "type": "ADVISORY",
      "url": "https://source.android.com/security/bulletin/2020-12-01"
    },
    {
      "type": "FIX",
      "url": "https://android.googlesource.com/platform/frameworks/base/+/d4bd69cef05d379555418a8fe748ec94ff6bd6d0"
    }
  ],
  "affected": [
    {
      "package": {
        "name": "platform/frameworks/base",
        "ecosystem": "Android"
      },
      "ranges": [
        {
          "type": "ECOSYSTEM",
          "events": [
            {
              "introduced": "8.0:0"
            },
            {
              "fixed": "8.0:2020-12-01"
            },
            {
              "introduced": "8.1:0"
            },
            {
              "fixed": "8.1:2020-12-01"
            },
            {
              "introduced": "9:0"
            },
            {
              "fixed": "9:2020-12-01"
            },
            {
              "introduced": "10:0"
            },
            {
              "fixed": "10:2020-12-01"
            }
          ]
        }
      ],
      "versions": [
        "8.0",
        "8.1",
        "9",
        "10"
      ],
      "ecosystem_specific": {
        "fixes": [
          "https://android.googlesource.com/platform/frameworks/base/+/d4bd69cef05d379555418a8fe748ec94ff6bd6d0"
        ],
        "spl": "2020-12-01",
        "types": [
          "EoP"
        ],
        "severity": "High"
      },
      "database_specific": {
        "source": "https://storage.googleapis.com/android-osv/ASB-A-154915372.json"
      }
    }
  ],
  "schema_version": "1.6.0"
}