{
  "id": "ASB-A-162844689",
  "summary": "USB device causing OOB read and write in input_set_capability",
  "details": "In various methods of hid-multitouch.c, there is a possible out of bounds write due to a missing bounds check. This could lead to local escalation of privilege with no additional execution privileges needed. User interaction is not needed for exploitation.",
  "aliases": [
    "CVE-2020-0465"
  ],
  "modified": "2024-05-14T14:40:15Z",
  "published": "2020-12-01T00:00:00Z",
  "references": [
    {
      "type": "ADVISORY",
      "url": "https://source.android.com/security/bulletin/2020-12-01"
    },
    {
      "type": "FIX",
      "url": "https://android.googlesource.com/kernel/common/+/35556bed836f"
    },
    {
      "type": "FIX",
      "url": "https://android.googlesource.com/kernel/common/+/bce1305c0ece"
    }
  ],
  "affected": [
    {
      "package": {
        "name": ":linux_kernel:",
        "ecosystem": "Android"
      },
      "ranges": [
        {
          "type": "ECOSYSTEM",
          "events": [
            {
              "introduced": ":0"
            },
            {
              "fixed": ":2020-12-05"
            }
          ]
        }
      ],
      "versions": [
        "Kernel"
      ],
      "ecosystem_specific": {
        "fixes": [
          "https://android.googlesource.com/kernel/common/+/35556bed836f",
          "https://android.googlesource.com/kernel/common/+/bce1305c0ece"
        ],
        "spl": "2020-12-05",
        "types": [
          "EoP"
        ],
        "severity": "High"
      },
      "database_specific": {
        "source": "https://storage.googleapis.com/android-osv/ASB-A-162844689.json"
      }
    }
  ],
  "schema_version": "1.6.0"
}