{
  "id": "ASB-A-201083442",
  "summary": "Android com.android.bluetooth Use-After-Free in btm_sec_connected and btm_sec_disconnected",
  "details": "In btm_sec_connected and btm_sec_disconnected of btm_sec.cc file , there is a possible use after free. This could lead to local escalation of privilege with User execution privileges needed. User interaction is not needed for exploitation.",
  "aliases": [
    "CVE-2021-39674"
  ],
  "modified": "2024-05-14T14:40:15Z",
  "published": "2022-02-01T00:00:00Z",
  "references": [
    {
      "type": "ADVISORY",
      "url": "https://source.android.com/security/bulletin/2022-02-01"
    },
    {
      "type": "FIX",
      "url": "https://android.googlesource.com/platform/system/bt/+/eeefcc7c75af2f41caba0de0175d3d843c4e882f"
    }
  ],
  "affected": [
    {
      "package": {
        "name": "platform/system/bt",
        "ecosystem": "Android"
      },
      "ranges": [
        {
          "type": "ECOSYSTEM",
          "events": [
            {
              "introduced": "10:0"
            },
            {
              "fixed": "10:2022-02-01"
            },
            {
              "introduced": "11:0"
            },
            {
              "fixed": "11:2022-02-01"
            },
            {
              "introduced": "12:0"
            },
            {
              "fixed": "12:2022-02-01"
            }
          ]
        }
      ],
      "versions": [
        "10",
        "11",
        "12"
      ],
      "ecosystem_specific": {
        "fixes": [
          "https://android.googlesource.com/platform/system/bt/+/eeefcc7c75af2f41caba0de0175d3d843c4e882f"
        ],
        "spl": "2022-02-01",
        "types": [
          "EoP"
        ],
        "severity": "High"
      },
      "database_specific": {
        "source": "https://storage.googleapis.com/android-osv/ASB-A-201083442.json"
      }
    }
  ],
  "schema_version": "1.6.0"
}