{
  "id": "ASB-A-156123285",
  "summary": "Empty Intent in PendingIntent",
  "details": "In createEmergencyLocationUserNotification of GnssVisibilityControl.java, there is a possible permissions bypass due to an empty mutable PendingIntent. This could lead to local escalation of privilege with User execution privileges needed. User interaction is not needed for exploitation.",
  "aliases": [
    "CVE-2020-0388"
  ],
  "modified": "2024-05-14T14:40:15Z",
  "published": "2020-09-01T00:00:00Z",
  "references": [
    {
      "type": "ADVISORY",
      "url": "https://source.android.com/security/bulletin/2020-09-01"
    },
    {
      "type": "FIX",
      "url": "https://android.googlesource.com/platform/frameworks/base/+/6967df740495b9b2b7a6bc357e656efa5390e050"
    }
  ],
  "affected": [
    {
      "package": {
        "name": "platform/frameworks/base",
        "ecosystem": "Android"
      },
      "ranges": [
        {
          "type": "ECOSYSTEM",
          "events": [
            {
              "introduced": "10:0"
            },
            {
              "fixed": "10:2020-09-01"
            }
          ]
        }
      ],
      "versions": [
        "10"
      ],
      "ecosystem_specific": {
        "fixes": [
          "https://android.googlesource.com/platform/frameworks/base/+/6967df740495b9b2b7a6bc357e656efa5390e050"
        ],
        "spl": "2020-09-01",
        "types": [
          "EoP"
        ],
        "severity": "High"
      },
      "database_specific": {
        "source": "https://storage.googleapis.com/android-osv/ASB-A-156123285.json"
      }
    }
  ],
  "schema_version": "1.6.0"
}