{
  "id": "ASB-A-175193031",
  "summary": "Android Vomit Report",
  "details": "In futex_setup_timer and related functions of futex.c, there is a possible way to corrupt kernel memory due to a use after free. This could lead to local escalation of privilege with no additional execution privileges needed. User interaction is not needed for exploitation.",
  "aliases": [
    "CVE-2020-14381"
  ],
  "modified": "2024-05-14T14:40:15Z",
  "published": "2021-08-01T00:00:00Z",
  "references": [
    {
      "type": "ADVISORY",
      "url": "https://source.android.com/security/bulletin/2021-08-01"
    },
    {
      "type": "FIX",
      "url": "https://android.googlesource.com/kernel/common/+/8019ad13ef7f64be44d4f892af9c840179009254"
    }
  ],
  "affected": [
    {
      "package": {
        "name": ":linux_kernel:",
        "ecosystem": "Android"
      },
      "ranges": [
        {
          "type": "ECOSYSTEM",
          "events": [
            {
              "introduced": ":0"
            },
            {
              "fixed": ":2021-08-05"
            }
          ]
        }
      ],
      "versions": [
        "Kernel"
      ],
      "ecosystem_specific": {
        "fixes": [
          "https://android.googlesource.com/kernel/common/+/8019ad13ef7f64be44d4f892af9c840179009254"
        ],
        "spl": "2021-08-05",
        "types": [
          "EoP"
        ],
        "severity": "High"
      },
      "database_specific": {
        "source": "https://storage.googleapis.com/android-osv/ASB-A-175193031.json"
      }
    }
  ],
  "schema_version": "1.6.0"
}