{
  "id": "ASB-A-169255797",
  "summary": "App can remain foreground without showing notification to user (even by Android system) and can bypass one time permissions",
  "details": "In updateDrawable of StatusBarIconView.java, there is a possible permission bypass due to an uncaught exception. This could lead to local escalation of privilege by running foreground services without notifying the user, with User execution privileges needed. User interaction is not needed for exploitation.",
  "aliases": [
    "CVE-2021-0478"
  ],
  "modified": "2024-05-14T14:40:15Z",
  "published": "2021-06-01T00:00:00Z",
  "references": [
    {
      "type": "ADVISORY",
      "url": "https://source.android.com/security/bulletin/2021-06-01"
    },
    {
      "type": "FIX",
      "url": "https://android.googlesource.com/platform/frameworks/base/+/bca2b3aeabd164c1cf4bdc113366665976b0c831"
    }
  ],
  "affected": [
    {
      "package": {
        "name": "platform/frameworks/base",
        "ecosystem": "Android"
      },
      "ranges": [
        {
          "type": "ECOSYSTEM",
          "events": [
            {
              "introduced": "8.1:0"
            },
            {
              "fixed": "8.1:2021-06-05"
            },
            {
              "introduced": "9:0"
            },
            {
              "fixed": "9:2021-06-05"
            },
            {
              "introduced": "10:0"
            },
            {
              "fixed": "10:2021-06-05"
            },
            {
              "introduced": "11:0"
            },
            {
              "fixed": "11:2021-06-05"
            }
          ]
        }
      ],
      "versions": [
        "8.1",
        "9",
        "10",
        "11"
      ],
      "ecosystem_specific": {
        "fixes": [
          "https://android.googlesource.com/platform/frameworks/base/+/bca2b3aeabd164c1cf4bdc113366665976b0c831"
        ],
        "spl": "2021-06-05",
        "types": [
          "EoP"
        ],
        "severity": "High"
      },
      "database_specific": {
        "source": "https://storage.googleapis.com/android-osv/ASB-A-169255797.json"
      }
    }
  ],
  "schema_version": "1.6.0"
}