{
  "id": "ASB-A-193890833",
  "summary": "Login Details/Password of Account are still Saved  even after Choosing \"Not Now\" in Save your Info & Clearing Storage Data/Cache of Facebook Messenger App unlike other Apps",
  "details": "In clear_data_dlg_text of strings.xml, there is a possible situation when \"Clear storage\" functionality sets up the wrong security/privacy expectations due to a misleading message. This could lead to local information disclosure with no additional execution privileges needed. User interaction is not needed for exploitation.",
  "aliases": [
    "CVE-2021-39631"
  ],
  "modified": "2024-05-14T14:40:15Z",
  "published": "2022-02-01T00:00:00Z",
  "references": [
    {
      "type": "ADVISORY",
      "url": "https://source.android.com/security/bulletin/2022-02-01"
    },
    {
      "type": "FIX",
      "url": "https://android.googlesource.com/platform/packages/apps/Settings/+/a36d55e8f83e8bf6e50254cda04632e233598f42"
    },
    {
      "type": "FIX",
      "url": "https://android.googlesource.com/platform/packages/apps/Settings/+/d2d3da3850d1eefd2a49dc93e1b6f953711a8902"
    }
  ],
  "affected": [
    {
      "package": {
        "name": "platform/packages/apps/Settings",
        "ecosystem": "Android"
      },
      "ranges": [
        {
          "type": "ECOSYSTEM",
          "events": [
            {
              "introduced": "10:0"
            },
            {
              "fixed": "10:2022-02-05"
            },
            {
              "introduced": "11:0"
            },
            {
              "fixed": "11:2022-02-05"
            },
            {
              "introduced": "12:0"
            },
            {
              "fixed": "12:2022-02-05"
            }
          ]
        }
      ],
      "versions": [
        "10",
        "11",
        "12"
      ],
      "ecosystem_specific": {
        "fixes": [
          "https://android.googlesource.com/platform/packages/apps/Settings/+/a36d55e8f83e8bf6e50254cda04632e233598f42",
          "https://android.googlesource.com/platform/packages/apps/Settings/+/d2d3da3850d1eefd2a49dc93e1b6f953711a8902"
        ],
        "spl": "2022-02-05",
        "types": [
          "ID"
        ],
        "severity": "High"
      },
      "database_specific": {
        "source": "https://storage.googleapis.com/android-osv/ASB-A-193890833.json"
      }
    }
  ],
  "schema_version": "1.6.0"
}