{
  "id": "ASB-A-170732441",
  "summary": "[UAF problem found in storaged]",
  "details": "In add_user_ce and remove_user_ce of storaged.cpp, there is a possible use-after-free due to improper locking. This could lead to local escalation of privilege in storaged with no additional execution privileges needed. User interaction is not needed for exploitation.",
  "aliases": [
    "CVE-2021-0330"
  ],
  "modified": "2024-05-14T14:40:15Z",
  "published": "2021-02-01T00:00:00Z",
  "references": [
    {
      "type": "ADVISORY",
      "url": "https://source.android.com/security/bulletin/2021-02-01"
    },
    {
      "type": "FIX",
      "url": "https://android.googlesource.com/platform/system/core/+/79fc288f10814d5862a2320d0e0732040a4823fe"
    }
  ],
  "affected": [
    {
      "package": {
        "name": "platform/system/core",
        "ecosystem": "Android"
      },
      "ranges": [
        {
          "type": "ECOSYSTEM",
          "events": [
            {
              "introduced": "8.0:0"
            },
            {
              "fixed": "8.0:2021-02-01"
            },
            {
              "introduced": "8.1:0"
            },
            {
              "fixed": "8.1:2021-02-01"
            },
            {
              "introduced": "9:0"
            },
            {
              "fixed": "9:2021-02-01"
            },
            {
              "introduced": "10:0"
            },
            {
              "fixed": "10:2021-02-01"
            },
            {
              "introduced": "11:0"
            },
            {
              "fixed": "11:2021-02-01"
            }
          ]
        }
      ],
      "versions": [
        "8.0",
        "8.1",
        "9",
        "10",
        "11"
      ],
      "ecosystem_specific": {
        "fixes": [
          "https://android.googlesource.com/platform/system/core/+/79fc288f10814d5862a2320d0e0732040a4823fe"
        ],
        "spl": "2021-02-01",
        "types": [
          "EoP"
        ],
        "severity": "High"
      },
      "database_specific": {
        "source": "https://storage.googleapis.com/android-osv/ASB-A-170732441.json"
      }
    }
  ],
  "schema_version": "1.6.0"
}