{
  "id": "ASB-A-143464314",
  "summary": "attempting free on address which was not malloc in libhevc",
  "details": "In hevcd_fmt_conv_420sp_to_420sp_av8 of ihevcd_fmt_conv_420sp_to_420sp.s, there is a possible out of bounds write due to a heap buffer overflow. This could lead to remote information disclosure with no additional execution privileges needed. User interaction is needed for exploitation.",
  "aliases": [
    "CVE-2020-0213"
  ],
  "modified": "2024-05-14T14:40:15Z",
  "published": "2020-10-01T00:00:00Z",
  "references": [
    {
      "type": "ADVISORY",
      "url": "https://source.android.com/security/bulletin/2020-10-01"
    }
  ],
  "affected": [
    {
      "package": {
        "name": ":unknown:",
        "ecosystem": "Android"
      },
      "ranges": [
        {
          "type": "ECOSYSTEM",
          "events": [
            {
              "introduced": "10:0"
            },
            {
              "fixed": "10:2020-10-01"
            }
          ]
        }
      ],
      "versions": [
        "10"
      ],
      "ecosystem_specific": {
        "spl": "2020-10-01",
        "types": [
          "ID"
        ],
        "severity": "High"
      },
      "database_specific": {
        "source": "https://storage.googleapis.com/android-osv/ASB-A-143464314.json"
      }
    }
  ],
  "schema_version": "1.6.0"
}