{
  "id": "ASB-A-172937525",
  "summary": "wpa_supplicant P2P group information processing vulnerability",
  "details": "In p2p_copy_client_info of p2p.c, there is a possible out of bounds write due to a missing bounds check. This could lead to remote code execution if the target device is performing a Wi-Fi Direct search, with no additional execution privileges needed. User interaction is not needed for exploitation.",
  "aliases": [
    "CVE-2021-0326"
  ],
  "modified": "2024-05-14T14:40:15Z",
  "published": "2021-02-01T00:00:00Z",
  "references": [
    {
      "type": "ADVISORY",
      "url": "https://source.android.com/security/bulletin/2021-02-01"
    },
    {
      "type": "FIX",
      "url": "https://android.googlesource.com/platform/external/wpa_supplicant_8/+/0b60cb210510c68871c8d735285bc4915de3bd80"
    }
  ],
  "affected": [
    {
      "package": {
        "name": "platform/external/wpa_supplicant_8",
        "ecosystem": "Android"
      },
      "ranges": [
        {
          "type": "ECOSYSTEM",
          "events": [
            {
              "introduced": "8.0:0"
            },
            {
              "fixed": "8.0:2021-02-01"
            },
            {
              "introduced": "8.1:0"
            },
            {
              "fixed": "8.1:2021-02-01"
            },
            {
              "introduced": "9:0"
            },
            {
              "fixed": "9:2021-02-01"
            },
            {
              "introduced": "10:0"
            },
            {
              "fixed": "10:2021-02-01"
            },
            {
              "introduced": "11:0"
            },
            {
              "fixed": "11:2021-02-01"
            }
          ]
        }
      ],
      "versions": [
        "8.0",
        "8.1",
        "9",
        "10",
        "11"
      ],
      "ecosystem_specific": {
        "fixes": [
          "https://android.googlesource.com/platform/external/wpa_supplicant_8/+/0b60cb210510c68871c8d735285bc4915de3bd80"
        ],
        "spl": "2021-02-01",
        "types": [
          "RCE"
        ],
        "severity": "Critical"
      },
      "database_specific": {
        "source": "https://storage.googleapis.com/android-osv/ASB-A-172937525.json"
      }
    }
  ],
  "schema_version": "1.6.0"
}