{
  "id": "ASB-A-195962697",
  "summary": "[startActivity() with system privileges]",
  "details": "In ParsingPackageImpl of ParsingPackageImpl.java, there is a possible parcel serialization/deserialization mismatch due to improper input validation. This could lead to local escalation of privilege with no additional execution privileges needed. User interaction is not needed for exploitation.",
  "aliases": [
    "CVE-2021-0921"
  ],
  "modified": "2024-05-14T14:40:15Z",
  "published": "2021-11-01T00:00:00Z",
  "references": [
    {
      "type": "ADVISORY",
      "url": "https://source.android.com/security/bulletin/2021-11-01"
    },
    {
      "type": "FIX",
      "url": "https://android.googlesource.com/platform/frameworks/base/+/f93af7ef7ebe9d139a34e615b97393a41ebabb56"
    }
  ],
  "affected": [
    {
      "package": {
        "name": "platform/frameworks/base",
        "ecosystem": "Android"
      },
      "ranges": [
        {
          "type": "ECOSYSTEM",
          "events": [
            {
              "introduced": "11:0"
            },
            {
              "fixed": "11:2021-11-01"
            }
          ]
        }
      ],
      "versions": [
        "11"
      ],
      "ecosystem_specific": {
        "fixes": [
          "https://android.googlesource.com/platform/frameworks/base/+/f93af7ef7ebe9d139a34e615b97393a41ebabb56"
        ],
        "spl": "2021-11-01",
        "types": [
          "EoP"
        ],
        "severity": "High"
      },
      "database_specific": {
        "source": "https://storage.googleapis.com/android-osv/ASB-A-195962697.json"
      }
    }
  ],
  "schema_version": "1.6.0"
}