{
  "id": "ASB-A-218500036",
  "summary": "Unlocking SIM PUK result in unlocking phone directly",
  "details": "In dismiss and related functions of KeyguardHostViewController.java and related files, there is a possible lockscreen bypass due to a logic error in the code. This could lead to local escalation of privilege with no additional execution privileges needed. User interaction is not needed for exploitation.",
  "aliases": [
    "CVE-2022-20465"
  ],
  "modified": "2024-05-14T14:40:15Z",
  "published": "2022-11-01T00:00:00Z",
  "references": [
    {
      "type": "ADVISORY",
      "url": "https://source.android.com/security/bulletin/2022-11-01"
    },
    {
      "type": "FIX",
      "url": "https://android.googlesource.com/platform/frameworks/base/+/ecbed81c3a331f2f0458923cc7e744c85ece96da"
    }
  ],
  "affected": [
    {
      "package": {
        "name": "platform/frameworks/base",
        "ecosystem": "Android"
      },
      "ranges": [
        {
          "type": "ECOSYSTEM",
          "events": [
            {
              "introduced": "10:0"
            },
            {
              "fixed": "10:2022-11-01"
            },
            {
              "introduced": "11:0"
            },
            {
              "fixed": "11:2022-11-01"
            },
            {
              "introduced": "12:0"
            },
            {
              "fixed": "12:2022-11-01"
            },
            {
              "introduced": "12L:0"
            },
            {
              "fixed": "12L:2022-11-01"
            },
            {
              "introduced": "13:0"
            },
            {
              "fixed": "13:2022-11-01"
            }
          ]
        }
      ],
      "versions": [
        "10",
        "11",
        "12",
        "12L",
        "13"
      ],
      "ecosystem_specific": {
        "fixes": [
          "https://android.googlesource.com/platform/frameworks/base/+/ecbed81c3a331f2f0458923cc7e744c85ece96da"
        ],
        "spl": "2022-11-01",
        "types": [
          "EoP"
        ],
        "severity": "High"
      },
      "database_specific": {
        "source": "https://storage.googleapis.com/android-osv/ASB-A-218500036.json"
      }
    }
  ],
  "schema_version": "1.6.0"
}