{
  "id": "ASB-A-224771921",
  "summary": "SQL Injection in CallLogProvider#query via URI PathSegments",
  "details": "In queryInternal of CallLogProvider.java, there is a possible access to voicemail information due to SQL injection. This could lead to local information disclosure with no additional execution privileges needed. User interaction is not needed for exploitation.",
  "aliases": [
    "CVE-2022-20351"
  ],
  "modified": "2024-05-14T14:40:15Z",
  "published": "2022-10-01T00:00:00Z",
  "references": [
    {
      "type": "ADVISORY",
      "url": "https://source.android.com/security/bulletin/2022-10-01"
    },
    {
      "type": "FIX",
      "url": "https://android.googlesource.com/platform/packages/providers/ContactsProvider/+/571be94b55445553a86825d95a63afe05cfba6bd"
    }
  ],
  "affected": [
    {
      "package": {
        "name": "platform/packages/providers/ContactsProvider",
        "ecosystem": "Android"
      },
      "ranges": [
        {
          "type": "ECOSYSTEM",
          "events": [
            {
              "introduced": "10:0"
            },
            {
              "fixed": "10:2022-10-01"
            },
            {
              "introduced": "11:0"
            },
            {
              "fixed": "11:2022-10-01"
            },
            {
              "introduced": "12:0"
            },
            {
              "fixed": "12:2022-10-01"
            },
            {
              "introduced": "12L:0"
            },
            {
              "fixed": "12L:2022-10-01"
            }
          ]
        }
      ],
      "versions": [
        "10",
        "11",
        "12",
        "12L"
      ],
      "ecosystem_specific": {
        "fixes": [
          "https://android.googlesource.com/platform/packages/providers/ContactsProvider/+/571be94b55445553a86825d95a63afe05cfba6bd"
        ],
        "spl": "2022-10-01",
        "types": [
          "ID"
        ],
        "severity": "High"
      },
      "database_specific": {
        "source": "https://storage.googleapis.com/android-osv/ASB-A-224771921.json"
      }
    }
  ],
  "schema_version": "1.6.0"
}