{
  "id": "ASB-A-152410253",
  "summary": "Local PDoS with an unprivileged app",
  "details": "In LocaleList of LocaleList.java, there is a possible forced reboot due to an uncaught exception. This could lead to local denial of service requiring factory reset to restore with User execution privileges needed. User interaction is not needed for exploitation.",
  "aliases": [
    "CVE-2020-0443"
  ],
  "modified": "2024-05-14T14:40:15Z",
  "published": "2020-11-01T00:00:00Z",
  "references": [
    {
      "type": "ADVISORY",
      "url": "https://source.android.com/security/bulletin/2020-11-01"
    },
    {
      "type": "FIX",
      "url": "https://android.googlesource.com/platform/frameworks/base/+/d3a2b5832f6ca9da74cda814ec76aec679b3389a"
    }
  ],
  "affected": [
    {
      "package": {
        "name": "platform/frameworks/base",
        "ecosystem": "Android"
      },
      "ranges": [
        {
          "type": "ECOSYSTEM",
          "events": [
            {
              "introduced": "8.0:0"
            },
            {
              "fixed": "8.0:2020-11-01"
            },
            {
              "introduced": "8.1:0"
            },
            {
              "fixed": "8.1:2020-11-01"
            },
            {
              "introduced": "9:0"
            },
            {
              "fixed": "9:2020-11-01"
            },
            {
              "introduced": "10:0"
            },
            {
              "fixed": "10:2020-11-01"
            },
            {
              "introduced": "11:0"
            },
            {
              "fixed": "11:2020-11-01"
            }
          ]
        }
      ],
      "versions": [
        "8.0",
        "8.1",
        "9",
        "10",
        "11"
      ],
      "ecosystem_specific": {
        "fixes": [
          "https://android.googlesource.com/platform/frameworks/base/+/d3a2b5832f6ca9da74cda814ec76aec679b3389a"
        ],
        "spl": "2020-11-01",
        "types": [
          "DoS"
        ],
        "severity": "High"
      },
      "database_specific": {
        "source": "https://storage.googleapis.com/android-osv/ASB-A-152410253.json"
      }
    }
  ],
  "schema_version": "1.6.0"
}