{
  "id": "ASB-A-168500792",
  "summary": "VPN lockdown setting is always set to false when user is stopped",
  "details": "In onUserStopped of Vpn.java, there is a possible resetting of user preferences due to a logic issue. This could lead to local information disclosure of secure network traffic over a non-VPN link with no additional execution privileges needed. User interaction is not needed for exploitation.",
  "aliases": [
    "CVE-2020-0467"
  ],
  "modified": "2024-05-14T14:40:15Z",
  "published": "2020-12-01T00:00:00Z",
  "references": [
    {
      "type": "ADVISORY",
      "url": "https://source.android.com/security/bulletin/2020-12-01"
    },
    {
      "type": "FIX",
      "url": "https://android.googlesource.com/platform/frameworks/base/+/61b620ad4f773e86c03e0719ae24268babcc62a9"
    }
  ],
  "affected": [
    {
      "package": {
        "name": "platform/frameworks/base",
        "ecosystem": "Android"
      },
      "ranges": [
        {
          "type": "ECOSYSTEM",
          "events": [
            {
              "introduced": "8.1:0"
            },
            {
              "fixed": "8.1:2020-12-01"
            },
            {
              "introduced": "9:0"
            },
            {
              "fixed": "9:2020-12-01"
            },
            {
              "introduced": "10:0"
            },
            {
              "fixed": "10:2020-12-01"
            },
            {
              "introduced": "11:0"
            },
            {
              "fixed": "11:2020-12-01"
            }
          ]
        }
      ],
      "versions": [
        "8.1",
        "9",
        "10",
        "11"
      ],
      "ecosystem_specific": {
        "fixes": [
          "https://android.googlesource.com/platform/frameworks/base/+/61b620ad4f773e86c03e0719ae24268babcc62a9"
        ],
        "spl": "2020-12-01",
        "types": [
          "ID"
        ],
        "severity": "High"
      },
      "database_specific": {
        "source": "https://storage.googleapis.com/android-osv/ASB-A-168500792.json"
      }
    }
  ],
  "schema_version": "1.6.0"
}