{
  "id": "ASB-A-150693748",
  "summary": "KASAN: use-after-free Read in locks_delete_block",
  "details": "In __locks_wake_up_blocks of locks.c, there is a possible out of bounds write due to a use after free. This could lead to local escalation of privilege with no additional execution privileges needed. User interaction is not needed for exploitation.",
  "aliases": [
    "CVE-2019-19769"
  ],
  "modified": "2024-05-14T14:40:15Z",
  "published": "2020-09-01T00:00:00Z",
  "references": [
    {
      "type": "ADVISORY",
      "url": "https://source.android.com/security/bulletin/2020-09-01"
    },
    {
      "type": "FIX",
      "url": "https://android.googlesource.com/kernel/common/+/dcf23ac3e846ca0cf626c155a0e3fcbbcf4fae8a"
    },
    {
      "type": "FIX",
      "url": "https://android.googlesource.com/kernel/common/+/6d390e4b5d48ec03bb87e63cf0a2bff5f4e116da"
    }
  ],
  "affected": [
    {
      "package": {
        "name": ":linux_kernel:",
        "ecosystem": "Android"
      },
      "ranges": [
        {
          "type": "ECOSYSTEM",
          "events": [
            {
              "introduced": ":0"
            },
            {
              "fixed": ":2020-09-05"
            }
          ]
        }
      ],
      "versions": [
        "Kernel"
      ],
      "ecosystem_specific": {
        "fixes": [
          "https://android.googlesource.com/kernel/common/+/dcf23ac3e846ca0cf626c155a0e3fcbbcf4fae8a",
          "https://android.googlesource.com/kernel/common/+/6d390e4b5d48ec03bb87e63cf0a2bff5f4e116da"
        ],
        "spl": "2020-09-05",
        "types": [
          "EoP"
        ],
        "severity": "High"
      },
      "database_specific": {
        "source": "https://storage.googleapis.com/android-osv/ASB-A-150693748.json"
      }
    }
  ],
  "schema_version": "1.6.0"
}