{
  "id": "ASB-A-197154735",
  "summary": "Linux kernel vulnerability advisory",
  "details": "In sctp_v6_to_sk_daddr, sctp_v4_from_addr_param, and related functions of ipv6.c, protocol.c, and related files, there is a possible out of bounds read due to a missing bounds check. This could lead to remote information disclosure to an on-path attacker with no additional execution privileges needed. User interaction is not needed for exploitation.",
  "aliases": [
    "CVE-2021-3655"
  ],
  "modified": "2024-05-14T14:40:15Z",
  "published": "2022-03-01T00:00:00Z",
  "references": [
    {
      "type": "ADVISORY",
      "url": "https://source.android.com/security/bulletin/2022-03-01"
    },
    {
      "type": "FIX",
      "url": "https://android.googlesource.com/kernel/common/+/d4dbef7046e2"
    },
    {
      "type": "FIX",
      "url": "https://android.googlesource.com/kernel/common/+/6ef81a5c0e22"
    },
    {
      "type": "FIX",
      "url": "https://android.googlesource.com/kernel/common/+/ffca46766850"
    },
    {
      "type": "FIX",
      "url": "https://android.googlesource.com/kernel/common/+/ccb79116c372"
    }
  ],
  "affected": [
    {
      "package": {
        "name": ":linux_kernel:",
        "ecosystem": "Android"
      },
      "ranges": [
        {
          "type": "ECOSYSTEM",
          "events": [
            {
              "introduced": ":0"
            },
            {
              "fixed": ":2022-03-05"
            }
          ]
        }
      ],
      "versions": [
        "Kernel"
      ],
      "ecosystem_specific": {
        "fixes": [
          "https://android.googlesource.com/kernel/common/+/d4dbef7046e2",
          "https://android.googlesource.com/kernel/common/+/6ef81a5c0e22",
          "https://android.googlesource.com/kernel/common/+/ffca46766850",
          "https://android.googlesource.com/kernel/common/+/ccb79116c372"
        ],
        "spl": "2022-03-05",
        "types": [
          "ID"
        ],
        "severity": "High"
      },
      "database_specific": {
        "source": "https://storage.googleapis.com/android-osv/ASB-A-197154735.json"
      }
    }
  ],
  "schema_version": "1.6.0"
}