{
  "id": "ASB-A-176445224",
  "summary": "[CRLF Injection in Nfc ConfirmConnectActivity to Trick User Into Pairing via Bluetooth Name in NDEF Message ]",
  "details": "In onCreate of ConfirmConnectActivity, there is a possible remote bypass of user consent due to improper input validation. This could lead to remote (proximal, NFC) escalation of privilege allowing an attacker to deceive a user into allowing a Bluetooth connection with no additional execution privileges needed. User interaction is needed for exploitation.",
  "aliases": [
    "CVE-2021-0594"
  ],
  "modified": "2024-05-14T14:40:15Z",
  "published": "2021-07-01T00:00:00Z",
  "references": [
    {
      "type": "ADVISORY",
      "url": "https://source.android.com/security/bulletin/2021-07-01"
    },
    {
      "type": "FIX",
      "url": "https://android.googlesource.com/platform/packages/apps/Nfc/+/93068b048d0cab72805ec7dd2020b433c82e5f45"
    }
  ],
  "affected": [
    {
      "package": {
        "name": "platform/packages/apps/Nfc",
        "ecosystem": "Android"
      },
      "ranges": [
        {
          "type": "ECOSYSTEM",
          "events": [
            {
              "introduced": "8.1:0"
            },
            {
              "fixed": "8.1:2021-07-01"
            },
            {
              "introduced": "9:0"
            },
            {
              "fixed": "9:2021-07-01"
            },
            {
              "introduced": "10:0"
            },
            {
              "fixed": "10:2021-07-01"
            },
            {
              "introduced": "11:0"
            },
            {
              "fixed": "11:2021-07-01"
            }
          ]
        }
      ],
      "versions": [
        "8.1",
        "9",
        "10",
        "11"
      ],
      "ecosystem_specific": {
        "fixes": [
          "https://android.googlesource.com/platform/packages/apps/Nfc/+/93068b048d0cab72805ec7dd2020b433c82e5f45"
        ],
        "spl": "2021-07-01",
        "types": [
          "EoP"
        ],
        "severity": "High"
      },
      "database_specific": {
        "source": "https://storage.googleapis.com/android-osv/ASB-A-176445224.json"
      }
    }
  ],
  "schema_version": "1.6.0"
}