{
  "id": "ASB-A-153450752",
  "summary": "Pixel 3a encryption is the same for every file",
  "details": "In various functions in fscrypt_ice.c and related files in some implementations of f2fs encryption that use encryption hardware which only supports 32-bit IVs (Initialization Vectors), 64-bit IVs are used and later are truncated to 32 bits.  This may cause IV reuse and thus weakened disk encryption.  This could lead to local information disclosure with System execution privileges needed.  User interaction is not needed for exploitation.",
  "aliases": [
    "CVE-2020-0407"
  ],
  "modified": "2024-05-14T14:40:15Z",
  "published": "2020-09-01T00:00:00Z",
  "references": [
    {
      "type": "ADVISORY",
      "url": "https://source.android.com/security/bulletin/2020-09-01"
    }
  ],
  "affected": [
    {
      "package": {
        "name": ":unknown:",
        "ecosystem": "Android"
      },
      "ranges": [
        {
          "type": "ECOSYSTEM",
          "events": [
            {
              "introduced": ":0"
            },
            {
              "fixed": ":2020-09-05"
            }
          ]
        }
      ],
      "versions": [
        "Kernel"
      ],
      "ecosystem_specific": {
        "spl": "2020-09-05",
        "types": [
          "ID"
        ],
        "severity": "High"
      },
      "database_specific": {
        "source": "https://storage.googleapis.com/android-osv/ASB-A-153450752.json"
      }
    }
  ],
  "schema_version": "1.6.0"
}