{
  "id": "ASB-A-175686168",
  "summary": "bluetooth btif use after free",
  "details": "In on_l2cap_data_ind of btif_sock_l2cap.cc, there is possible memory corruption due to a use after free. This could lead to remote code execution over Bluetooth with no additional execution privileges needed. User interaction is not needed for exploitation.",
  "aliases": [
    "CVE-2021-0475"
  ],
  "modified": "2024-05-14T14:40:15Z",
  "published": "2021-05-01T00:00:00Z",
  "references": [
    {
      "type": "ADVISORY",
      "url": "https://source.android.com/security/bulletin/2021-05-01"
    },
    {
      "type": "FIX",
      "url": "https://android.googlesource.com/platform/system/bt/+/a632a66b81ee4b1db65d0cf64b4ce525f56214ff"
    }
  ],
  "affected": [
    {
      "package": {
        "name": "platform/system/bt",
        "ecosystem": "Android"
      },
      "ranges": [
        {
          "type": "ECOSYSTEM",
          "events": [
            {
              "introduced": "10:0"
            },
            {
              "fixed": "10:2021-05-01"
            },
            {
              "introduced": "11:0"
            },
            {
              "fixed": "11:2021-05-01"
            }
          ]
        }
      ],
      "versions": [
        "10",
        "11"
      ],
      "ecosystem_specific": {
        "fixes": [
          "https://android.googlesource.com/platform/system/bt/+/a632a66b81ee4b1db65d0cf64b4ce525f56214ff"
        ],
        "spl": "2021-05-01",
        "types": [
          "RCE"
        ],
        "severity": "Critical"
      },
      "database_specific": {
        "source": "https://storage.googleapis.com/android-osv/ASB-A-175686168.json"
      }
    }
  ],
  "schema_version": "1.6.0"
}