{
  "id": "ASB-A-197260547",
  "summary": "Double-free on OEM device, but seemingly in AOSP code (com.android.vending).",
  "details": "In multiple locations, there is a possible way to corrupt memory due to a double free. This could lead to local escalation of privilege with no additional execution privileges needed. User interaction is not needed for exploitation.",
  "aliases": [
    "CVE-2023-40103"
  ],
  "modified": "2024-05-14T14:40:20Z",
  "published": "2023-12-01T00:00:00Z",
  "references": [
    {
      "type": "ADVISORY",
      "url": "https://source.android.com/security/bulletin/2023-12-01"
    },
    {
      "type": "FIX",
      "url": "https://android.googlesource.com/platform/frameworks/base/+/e4a821b10a1b020f18fc6fc316b13b90fa450bae"
    },
    {
      "type": "FIX",
      "url": "https://android.googlesource.com/platform/frameworks/base/+/58fa254a5d1aee2206de90d5396c01e177483e3a"
    },
    {
      "type": "FIX",
      "url": "https://android.googlesource.com/platform/frameworks/base/+/c3bc12c484ef3bbca4cec19234437c45af5e584d"
    }
  ],
  "affected": [
    {
      "package": {
        "name": "platform/frameworks/base",
        "ecosystem": "Android"
      },
      "ranges": [
        {
          "type": "ECOSYSTEM",
          "events": [
            {
              "introduced": "14:0"
            },
            {
              "fixed": "14:2023-12-01"
            }
          ]
        }
      ],
      "versions": [
        "14"
      ],
      "ecosystem_specific": {
        "fixes": [
          "https://android.googlesource.com/platform/frameworks/base/+/b3455190124b41e2deb1774d9c05b396b73b41a2",
          "https://android.googlesource.com/platform/frameworks/base/+/bdcbf5583bfeaa7963c379b75aee9b4cba9cb897",
          "https://android.googlesource.com/platform/frameworks/base/+/7c2f195cfc8c02403d61a394213398d13584a5de"
        ],
        "spl": "2023-12-01",
        "types": [
          "EoP"
        ],
        "severity": "High"
      },
      "database_specific": {
        "source": "https://storage.googleapis.com/android-osv/ASB-A-197260547.json"
      }
    }
  ],
  "schema_version": "1.6.0"
}