{
  "id": "ASB-A-185388103",
  "summary": "Abusing foreground services with invisible notifications to spy on users (v2)",
  "details": "In sanitizeSbn of NotificationManagerService.java, there is a possible way to keep service running in foreground and keep granted permissions due to Bypass of Background Service Restrictions. This could lead to local escalation of privilege with no additional execution privileges needed. User interaction is not needed for exploitation.",
  "aliases": [
    "CVE-2021-0705"
  ],
  "modified": "2024-05-14T14:40:15Z",
  "published": "2021-10-01T00:00:00Z",
  "references": [
    {
      "type": "ADVISORY",
      "url": "https://source.android.com/security/bulletin/2021-10-01"
    },
    {
      "type": "FIX",
      "url": "https://android.googlesource.com/platform/frameworks/base/+/4eba7e65cd0cc2f2c87b001fb34b9f28ee7c70ab"
    }
  ],
  "affected": [
    {
      "package": {
        "name": "platform/frameworks/base",
        "ecosystem": "Android"
      },
      "ranges": [
        {
          "type": "ECOSYSTEM",
          "events": [
            {
              "introduced": "10:0"
            },
            {
              "fixed": "10:2021-10-01"
            },
            {
              "introduced": "11:0"
            },
            {
              "fixed": "11:2021-10-01"
            }
          ]
        }
      ],
      "versions": [
        "10",
        "11"
      ],
      "ecosystem_specific": {
        "fixes": [
          "https://android.googlesource.com/platform/frameworks/base/+/4eba7e65cd0cc2f2c87b001fb34b9f28ee7c70ab"
        ],
        "spl": "2021-10-01",
        "types": [
          "EoP"
        ],
        "severity": "High"
      },
      "database_specific": {
        "source": "https://storage.googleapis.com/android-osv/ASB-A-185388103.json"
      }
    }
  ],
  "schema_version": "1.6.0"
}