{
  "id": "ASB-A-221852424",
  "summary": "[Out of Bounds Read in phNciNfc_RecvMfResp Function in phNxpExtns_MifareStd.cpp in nfc]",
  "details": "In phNciNfc_RecvMfResp of phNxpExtns_MifareStd.cpp, there is a possible out of bounds read due to a missing bounds check. This could lead to remote information disclosure with no additional execution privileges needed. User interaction is not needed for exploitation.",
  "aliases": [
    "CVE-2022-20123"
  ],
  "modified": "2024-05-14T14:40:15Z",
  "published": "2022-06-01T00:00:00Z",
  "references": [
    {
      "type": "ADVISORY",
      "url": "https://source.android.com/security/bulletin/2022-06-01"
    },
    {
      "type": "FIX",
      "url": "https://android.googlesource.com/platform/packages/apps/Nfc/+/f0d86f7fe23499cd4c6631348618463fbc496436"
    }
  ],
  "affected": [
    {
      "package": {
        "name": "platform/packages/apps/Nfc",
        "ecosystem": "Android"
      },
      "ranges": [
        {
          "type": "ECOSYSTEM",
          "events": [
            {
              "introduced": "10:0"
            },
            {
              "fixed": "10:2022-06-01"
            },
            {
              "introduced": "11:0"
            },
            {
              "fixed": "11:2022-06-01"
            },
            {
              "introduced": "12:0"
            },
            {
              "fixed": "12:2022-06-01"
            },
            {
              "introduced": "12L:0"
            },
            {
              "fixed": "12L:2022-06-01"
            }
          ]
        }
      ],
      "versions": [
        "10",
        "11",
        "12",
        "12L"
      ],
      "ecosystem_specific": {
        "fixes": [
          "https://android.googlesource.com/platform/packages/apps/Nfc/+/f0d86f7fe23499cd4c6631348618463fbc496436"
        ],
        "spl": "2022-06-01",
        "types": [
          "ID"
        ],
        "severity": "High"
      },
      "database_specific": {
        "source": "https://storage.googleapis.com/android-osv/ASB-A-221852424.json"
      }
    }
  ],
  "schema_version": "1.6.0"
}